{"type":"FeatureCollection","features":[{"type":"Feature","properties":{"NAME":"SOUTHERN RAILWAY"},"geometry":{"type":"LineString","coordinates":[[99.95255697653421,12.816520912858588],[99.9526161188724,12.816733093957337],[99.9526270056173,12.816863454075005],[99.9525228552023,12.817302860279561],[99.95250428105577,12.8175974656914],[99.95253716970912,12.817903198710159],[99.95270741598335,12.818305669875448],[99.9529543851652,12.81871749155068],[99.95317175163522,12.818999835338294],[99.95345658722806,12.819249288453303],[99.95374443468968,12.81943173488739],[99.95402767986546,12.819579328333493],[99.95416513449888,12.819631049358515],[99.957945683628,12.820656970671141],[99.95815896156921,12.82072441269953],[99.95860503528911,12.820920867737293],[99.95878171461894,12.821030495488747],[99.95897141247022,12.821179590558483],[99.95991262861065,12.822146284189293],[99.96011311252948,12.822317671027559],[99.9604695546762,12.822543226684154],[99.96072678037669,12.822649762291027],[99.96094979104923,12.822700833437912],[99.9610348298999,12.8227134849357],[99.96136420535049,12.822712928794544],[99.96818482973796,12.822576791700609],[99.96851356725203,12.822523344255089],[99.96882092472909,12.822405571360258],[99.96921189238907,12.822178756831892],[99.96940980946898,12.822023130290487],[99.96955060733904,12.82187749088546],[99.96963704889,12.821753754473352],[99.96975657985533,12.821499755770871],[99.96979151859267,12.821384190239026],[99.96982867545128,12.821123588226767],[99.96981933989932,12.82073531478354],[99.96977849333165,12.820298437367521]]}},{"type":"Feature","properties":{"NAME":"NORTHERN RAILWAY"},"geometry":{"type":"LineString","coordinates":[[99.83180528004374,17.31354672551254],[99.83352557182693,17.317076196079356],[99.83482431411144,17.319647471898286],[99.8353270006056,17.32057854240622],[99.83559551020663,17.320987158957085],[99.83628874075013,17.321870691171764],[99.83680723867216,17.32241331665069],[99.8370126958381,17.322596196681115],[99.83761763870395,17.32307224559643],[99.83809296139907,17.323412076684775],[99.8387420105341,17.323804601930632],[99.83918124727253,17.32403564626382],[99.8395446096081,17.324202830959717],[99.84000361982375,17.32438684750609],[99.84050267612206,17.324566343816485],[99.84109733041413,17.324730500493054],[99.84199455248677,17.32491046818774],[99.85573866461854,17.32685905787814],[99.85785449247612,17.327196397499055],[99.85813427508236,17.327260152587577],[99.85868039103532,17.327400695684293],[99.859660145191,17.32772555684892],[99.86256352960534,17.328739248771253],[99.86965255776718,17.33116792980393],[99.87015532859876,17.33135325873334],[99.87123288872974,17.33169796103512],[99.87163909933133,17.33180011110026],[99.87202265853318,17.331876389883416],[99.87333534552921,17.33205251645419],[99.9443764073426,17.339135212381724],[99.94505500647217,17.33926543176165],[99.97865323708444,17.34636268441129],[99.98247509067897,17.34718612696956],[99.98399184030082,17.347529161993506],[99.98657782917722,17.348052108441884],[99.98902443829466,17.34856706578837],[99.9951388843918,17.34988471951412],[100.02772206259948,17.35680036142803],[100.02805027051096,17.356893684838706],[100.0288307596814,17.357156861041272],[100.02927694049575,17.3573386089348],[100.02950014730206,17.35745027702381],[100.03767188000417,17.362006546581533],[100.03834016496019,17.36232116817601],[100.03912142354613,17.362611932816968],[100.03947145671893,17.362720654086363],[100.0400034323269,17.362857543273694],[100.04058169940679,17.362968962308987],[100.04105469534842,17.363034393075722],[100.04170335618439,17.36309113384263],[100.0424042545644,17.36309717989044],[100.04756274796264,17.362940924072216],[100.05153102450338,17.362804589666172],[100.05288377206463,17.362784753271743],[100.05344381108323,17.362805180501244],[100.0541686853315,17.362912399791707],[100.05479017496201,17.363037708217167],[100.05529000096236,17.363169488238746],[100.05592416156918,17.363376539529035],[100.05631449895242,17.363520593024056],[100.05695527014353,17.363821117145594],[100.0575231456734,17.364145403216813],[100.05928653316194,17.365278356106217],[100.06079427104343,17.366280564242995],[100.0630708648706,17.36774004411405],[100.06343687813875,17.368005580857375],[100.06404719648357,17.368532246171608],[100.06432459287113,17.36885957526001],[100.06470932463412,17.369371539105078],[100.06491599746843,17.369718142313904],[100.06506716954699,17.36999701802111],[100.0651509135579,17.370185536626057],[100.0653548390314,17.37074003611698],[100.06547569416047,17.371219366085274],[100.06555345747292,17.371736740389586],[100.06577382093732,17.37444919293085],[100.06586709454834,17.37492491238438],[100.06597548254244,17.375290935609026],[100.06611945272627,17.375683220138246],[100.06635051457914,17.37616197991631],[100.06665246022679,17.376647912064502],[100.06696987122977,17.377084636370704],[100.06735792481575,17.37748696212649],[100.06768236807214,17.377776237373492],[100.06799076031895,17.37801647228195],[100.06859117870768,17.378383658351698],[100.06903329650412,17.378604277839845],[100.06925424709418,17.378697568490526],[100.06965261140145,17.378839051639588],[100.07007048147901,17.378950204000102],[100.07063002901333,17.379056801116487],[100.07128365545728,17.379098663329863],[100.07153162652868,17.37910110929634],[100.07226742557756,17.379059364300293],[100.0733846747892,17.37895887244785],[100.07644554936233,17.378723191357427],[100.07665806518861,17.378718269980403],[100.07695721193095,17.378720433386768],[100.0776031283135,17.37878876765375],[100.07798535172995,17.378862298172432],[100.07834407281378,17.378954834965164],[100.07885275529534,17.379114602005465],[100.07955142725245,17.379454772840344],[100.07990699342986,17.379679611239943],[100.08033123618603,17.379978819880183],[100.08066617546889,17.38026886641629],[100.0809584782541,17.380575931845655],[100.08128426153793,17.380960926289248],[100.08186756982921,17.38171077344492],[100.08206600816465,17.381934220001387]]}},{"type":"Feature","properties":{"NAME":"NORTH EASTERN RAILWAY"},"geometry":{"type":"LineString","coordinates":[[102.71434855455948,17.885398575156888],[102.715407065441,17.878815397787122],[102.71575129727353,17.876806211848635],[102.71617487840504,17.874170182757386],[102.7163570596794,17.873663099592573],[102.71676180455468,17.872971147786686],[102.71695702475346,17.872700187984357],[102.7172116942323,17.87240283070965],[102.71782338602372,17.87187366831693],[102.71823568471757,17.87155781443459],[102.71837100267382,17.871476988075475],[102.71848987866369,17.87141288527513],[102.71889141842487,17.87125046798307],[102.71932150001933,17.871101938278116],[102.7202760323907,17.870892937983417],[102.72305855751726,17.87042976561233],[102.72343111832834,17.870318953473248],[102.72400016158014,17.870045570641285],[102.72429911602612,17.869948601436125]]}},{"type":"Feature","properties":{"NAME":"SOUTHERN RAILWAY"},"geometry":{"type":"LineString","coordinates":[[99.17574775724437,10.50355215890981],[99.17581573619248,10.5036210991014]]}},{"type":"Feature","properties":{"NAME":"SOUTHERN RAILWAY"},"geometry":{"type":"LineString","coordinates":[[99.17581573619248,10.5036210991014],[99.17594148727387,10.50374653929472]]}},{"type":"Feature","properties":{"NAME":"SOUTHERN RAILWAY"},"geometry":{"type":"LineString","coordinates":[[99.17594148727387,10.50374653929472],[99.1777818554028,10.50559283204639],[99.1778290754435,10.505654004444551]]}},{"type":"Feature","properties":{"NAME":"SOUTHERN RAILWAY"},"geometry":{"type":"LineString","coordinates":[[99.17700688851471,10.50452034160893],[99.17793557769463,10.505435563160615],[99.17824132391372,10.505719157816896],[99.1785039004524,10.505920240401185]]}},{"type":"Feature","properties":{"NAME":"SOUTHERN RAILWAY"},"geometry":{"type":"LineString","coordinates":[[99.1785039004524,10.505920240401185],[99.1787370405746,10.50609535157885]]}},{"type":"Feature","properties":{"NAME":"SOUTHERN RAILWAY"},"geometry":{"type":"LineString","coordinates":[[99.1787370405746,10.50609535157885],[99.17901075612232,10.506300946870866]]}},{"type":"Feature","properties":{"NAME":"SOUTHERN RAILWAY"},"geometry":{"type":"LineString","coordinates":[[99.17901075612232,10.506300946870866],[99.17917020058654,10.506428607894117]]}},{"type":"Feature","properties":{"NAME":"NORTH EASTERN RAILWAY"},"geometry":{"type":"LineString","coordinates":[[103.09892718471748,14.969664686918302],[103.09887551772827,14.970233932165808],[103.09874328487975,14.970729063146855],[103.09859902676438,14.97108972671865],[103.09832510265483,14.97158434041791],[103.09814082179938,14.971826374319958],[103.09773332625336,14.97224993440428],[103.09744802336104,14.97247848867238],[103.09707485741467,14.972720853368111],[103.09680367194372,14.972863446373431],[103.0965506135305,14.972965935402579],[103.09550557787908,14.973306091045274],[103.0924165105731,14.974267543248281],[103.0920536423829,14.97439034790345],[103.09161314614863,14.97456965897536],[103.09094965743247,14.974942717758768],[103.09062694030258,14.975190301585883],[103.09037310609256,14.975418284224613],[103.08992611660042,14.975919051542904],[103.08965875898092,14.97626357848275],[103.08955512874873,14.97644293229003],[103.08932204303613,14.976933741577083],[103.08923192083948,14.977161849444395],[103.08910531309344,14.977623199246173],[103.08870686666305,14.979353423785238],[103.08734946203352,14.985459069778273],[103.08722150431812,14.986180596847774],[103.08718190891341,14.98658222415307],[103.08715671262607,14.98707848221499],[103.08715249150073,14.987519288246665],[103.08719909713462,14.988314186657533],[103.08738132048283,14.989287208442267],[103.08759420844635,14.990051571683722],[103.0876874513511,14.990319230021045],[103.0878210410543,14.99066656814461],[103.0881448524993,14.99135771457104],[103.08846126490667,14.991936588275742],[103.08868863652883,14.992302821470977],[103.09507499995951,15.000619605817057],[103.09556470382046,15.001201455616057],[103.09606552991725,15.001706598104448],[103.09671515739683,15.002254967494858],[103.09737902209167,15.002723486389167],[103.09804464211,15.003118533120368],[103.09825134849358,15.003224991685364],[103.09885505329679,15.003510965545015],[103.09934031694425,15.003695039877982],[103.10013819258529,15.003925481489699],[103.10081172494131,15.00407554217695],[103.10099183437552,15.004109002914815],[103.10173024499245,15.004193615102553],[103.10257785751284,15.004220644477467],[103.10325737768137,15.004193598464449],[103.10398757900161,15.004114238123705]]}},{"type":"Feature","properties":{"NAME":"SOUTHERN RAILWAY"},"geometry":{"type":"LineString","coordinates":[[99.17460567786716,10.50203787784299],[99.175362462671,10.503021957986185],[99.17550077028315,10.503176915498377],[99.17628702456773,10.503969416070772],[99.17667630506801,10.504263913088982]]}},{"type":"Feature","properties":{"NAME":"SOUTHERN RAILWAY"},"geometry":{"type":"LineString","coordinates":[[99.173546140403,10.501517286839949],[99.17455963984295,10.502517586972502]]}},{"type":"Feature","properties":{"NAME":"SOUTHERN RAILWAY"},"geometry":{"type":"LineString","coordinates":[[99.1735832403087,10.501491260711813],[99.174660528952,10.502592952462281]]}},{"type":"Feature","properties":{"NAME":"SOUTHERN RAILWAY"},"geometry":{"type":"LineString","coordinates":[[99.1736374700537,10.501439238352622],[99.17496623807608,10.50278836532443],[99.17510995630323,10.502913776972738]]}},{"type":"Feature","properties":{"NAME":"SOUTHERN RAILWAY"},"geometry":{"type":"LineString","coordinates":[[99.17350738490003,10.50166193291502],[99.17451224851928,10.502642693264983]]}},{"type":"Feature","properties":{"NAME":"SOUTHERN RAILWAY"},"geometry":{"type":"LineString","coordinates":[[99.67781421524089,8.173716125367692],[99.68017136286181,8.170557198904008],[99.68037022032809,8.169474662984767]]}},{"type":"Feature","properties":{"NAME":"SOUTHERN RAILWAY"},"geometry":{"type":"LineString","coordinates":[[100.4664289593178,7.0067166103473335],[100.46670160296817,7.0045369320043935]]}},{"type":"Feature","properties":{"NAME":"SOUTHERN RAILWAY"},"geometry":{"type":"LineString","coordinates":[[100.46634173448577,7.006683546118315],[100.46651840252373,7.005288664157177],[100.46657800069697,7.004999081967577],[100.46670160296817,7.0045369320043935]]}},{"type":"Feature","properties":{"NAME":"SOUTHERN RAILWAY"},"geometry":{"type":"LineString","coordinates":[[100.46715361686383,7.000926175139313],[100.46729017795856,7.000097192645138],[100.46737588378481,6.999828456565316],[100.46747257098194,6.999627506520147]]}},{"type":"Feature","properties":{"NAME":"SOUTHERN RAILWAY"},"geometry":{"type":"LineString","coordinates":[[99.17594148727387,10.50374653929472],[99.17635763481073,10.50405771119346],[99.17667630506801,10.504263913088982]]}},{"type":"Feature","properties":{"NAME":"SOUTHERN RAILWAY"},"geometry":{"type":"LineString","coordinates":[[100.48359368020098,13.76052973688138],[100.48397073537517,13.760416926025687],[100.48471271094999,13.760263662592898]]}},{"type":"Feature","properties":{"NAME":"NORTH EASTERN RAILWAY"},"geometry":{"type":"LineString","coordinates":[[100.72553506525018,14.453791538828112],[100.72612758157047,14.454196321404925]]}},{"type":"Feature","properties":{"NAME":"NORTHERN RAILWAY"},"geometry":{"type":"LineString","coordinates":[[100.72737246899689,14.499791266260067],[100.72742685993637,14.50099933538689]]}},{"type":"Feature","properties":{"NAME":"NORTHERN RAILWAY"},"geometry":{"type":"LineString","coordinates":[[100.7260940781445,14.45426074067177],[100.72670814911805,14.454662216494429],[100.7273940752024,14.45517120490966],[100.7278368211765,14.455580727025929],[100.72805979565771,14.455820534464927],[100.72836390190261,14.456218096874474],[100.72849865165128,14.456416996326121],[100.72865517569107,14.45667805751719],[100.72878233104643,14.456928932341604],[100.7289314408382,14.457262717942779],[100.72911642233345,14.45775722069692],[100.72921523448929,14.458132911435973],[100.72928214094316,14.45851662993817],[100.72933228259926,14.459144504445073],[100.72933211398322,14.459466430060436],[100.72924168309106,14.461551712055469],[100.72885024950833,14.470186439456697],[100.7281705889995,14.48495252202409],[100.72779447699993,14.492808308622314],[100.72742685993637,14.50099933538689]]}},{"type":"Feature","properties":{"NAME":"NORTHERN RAILWAY"},"geometry":{"type":"LineString","coordinates":[[100.72742685993637,14.50099933538689],[100.72737628872656,14.50245828156238],[100.72727003688398,14.504221772314258],[100.72709974125083,14.507688729728256],[100.72699581979884,14.509478283016819]]}},{"type":"Feature","properties":{"NAME":"NORTHERN RAILWAY"},"geometry":{"type":"LineString","coordinates":[[100.72699581979884,14.509478283016819],[100.72704733309565,14.509209456448405],[100.72708044901269,14.508876165289687],[100.7271698498889,14.5069144663609],[100.72740992709328,14.502341902998657],[100.72742685993637,14.50099933538689]]}},{"type":"Feature","properties":{"NAME":"NORTHERN RAILWAY"},"geometry":{"type":"LineString","coordinates":[[100.72737246899689,14.499791266260067],[100.72709310376678,14.50583763036921],[100.7268350595197,14.510933189785682]]}},{"type":"Feature","properties":{"NAME":"NORTHERN RAILWAY"},"geometry":{"type":"LineString","coordinates":[[100.72699581979884,14.509478283016819],[100.72697547547763,14.50988070670939]]}},{"type":"Feature","properties":{"NAME":"SOUTHERN RAILWAY"},"geometry":{"type":"LineString","coordinates":[[100.46759279053644,6.9993643300724635],[100.46780442823226,6.999017731013357],[100.46792891982433,6.99868051559135]]}},{"type":"Feature","properties":{"NAME":"SOUTHERN RAILWAY"},"geometry":{"type":"LineString","coordinates":[[100.4678935018984,6.998931001427342],[100.46792891982433,6.99868051559135]]}},{"type":"Feature","properties":{"NAME":"SOUTHERN RAILWAY"},"geometry":{"type":"LineString","coordinates":[[100.46792891982433,6.99868051559135],[100.4679450430842,6.998584382725832],[100.4680133811969,6.998369372321078]]}},{"type":"Feature","properties":{"NAME":"SOUTHERN RAILWAY"},"geometry":{"type":"LineString","coordinates":[[100.46805976748192,6.998004676347588],[100.46812886321402,6.99748619190366],[100.46814836525151,6.996668316083329]]}},{"type":"Feature","properties":{"NAME":"SOUTHERN RAILWAY"},"geometry":{"type":"LineString","coordinates":[[101.29138915942167,6.562945715432412],[101.29256284294927,6.561484661159867],[101.29279846080688,6.561127117370772],[101.29412898131069,6.5590640773359095],[101.29461380424826,6.558228563134016],[101.29525694004062,6.557051594213317]]}},{"type":"Feature","properties":{"NAME":"SOUTHERN RAILWAY"},"geometry":{"type":"LineString","coordinates":[[101.29138915942167,6.562945715432412],[101.29310842752272,6.56032650193243],[101.29350746635724,6.559756342056534],[101.29405445559735,6.558926189180323],[101.29425965440588,6.558587981714558],[101.29525694004062,6.557051594213317]]}},{"type":"Feature","properties":{"NAME":"SOUTHERN RAILWAY"},"geometry":{"type":"LineString","coordinates":[[99.79443574626393,11.805859907115268],[99.79471495546213,11.805069474770354],[99.79483747365305,11.804609757173228],[99.79494150611748,11.80404962220595],[99.79500202841665,11.803557780058236],[99.7950158936993,11.803313691215601],[99.79501023079341,11.802613893549173],[99.79499492832576,11.802359127235233],[99.79493151143502,11.801846092750107],[99.79484276798007,11.801383391117389],[99.7947727579264,11.801107239745647],[99.79460365668484,11.800580165955328],[99.79429188125506,11.799838147379347],[99.78413575952065,11.778006672895897],[99.78356030293723,11.776744982495407],[99.78329616867703,11.776085357486108],[99.7830758779838,11.775468687682457],[99.78286275910354,11.774808920962688],[99.78268971706085,11.774156230193329],[99.7819889634702,11.771086092431654],[99.7818785890371,11.770698799187356],[99.78177577204225,11.770404805488118],[99.78153367125363,11.76980252725725],[99.78128451026636,11.769275662078144],[99.78092943458329,11.768648581005218],[99.78045763911122,11.767967981924743],[99.77999346122593,11.76740222040583],[99.77532789640982,11.76231159187849],[99.77462637159047,11.76152395234591],[99.77412538141728,11.760811121966492],[99.77398630151488,11.760571041032202],[99.77372628559502,11.760065716091288],[99.77347690846916,11.759452707702799],[99.77339241670371,11.759194532987644],[99.77318245241725,11.758351718984962],[99.77260954443923,11.754046643447067],[99.77250939077575,11.75340091333056],[99.77231799491955,11.752676481051521],[99.77214548354401,11.75219964052065],[99.7717385651738,11.751256870053988],[99.77024007455714,11.748074001813317],[99.767953712725,11.743134689859213],[99.76715509493783,11.741450065322798],[99.76641856397303,11.739833460345851],[99.75991572088282,11.725850619424927],[99.75895581533032,11.723753679491498],[99.7583551548946,11.722506339543294],[99.75808796305728,11.722011774296181],[99.75753587172927,11.721212925627407],[99.75702434834368,11.720596979079708],[99.75660072894304,11.720163848720512],[99.75626850277555,11.719863263005196],[99.75573197161216,11.719426836804226],[99.75505335802453,11.718965671451699],[99.75100764776495,11.716374363709837],[99.74531321007967,11.712750107964354],[99.73925403531852,11.708864689714648],[99.73595647495598,11.706773661622115],[99.73558434664021,11.706512635831508],[99.73501869721747,11.706058295254826],[99.73461708334642,11.705668130806993],[99.7342846893445,11.705288567473739],[99.73399602481783,11.70491605817474],[99.73250811595375,11.702716263577042],[99.72011923188954,11.6842898700532],[99.70349952786094,11.65947053150106],[99.70337512451351,11.65926007841878],[99.70115618194227,11.655967784364941],[99.6999882387349,11.654200076778805],[99.69315211058664,11.644018426029904],[99.68326300103723,11.629220580985471],[99.6825233722575,11.628082215740308],[99.68163206428945,11.626780655385001],[99.67599510581549,11.61837051314239],[99.67575013915521,11.617966995599467],[99.67551478100648,11.617496115345489],[99.67532955933997,11.616922202204156],[99.67524854996002,11.616538375954846],[99.6752115298043,11.616283643900074],[99.67491504483972,11.612587711647357],[99.67484402859539,11.61181982767546],[99.67479224376163,11.611478992146075],[99.67460853097322,11.61077239480157],[99.67434484813663,11.610119822751107],[99.6714650383564,11.60392119546161],[99.66732647429387,11.594926052676325],[99.66461159333701,11.589067911417532],[99.66316628347953,11.585905748139227],[99.65277777978191,11.563438936676821],[99.63100360821335,11.516159536648955],[99.62780018283941,11.509176474188164],[99.62200242217695,11.496621822176998],[99.62032143511765,11.492946398829424],[99.61884727920383,11.489764392244119],[99.61861710688149,11.489232730459147],[99.61739261597033,11.486601466470928],[99.61715848768664,11.486035363173588],[99.6169670779939,11.485469188269386],[99.6168066336331,11.484868481264517],[99.61670066441926,11.484328906034673],[99.61663767573441,11.483927069529592],[99.615922164867,11.477937279820521],[99.6157961382084,11.477099139475285],[99.61569821963664,11.476693542679167],[99.61547153763289,11.475970478761251],[99.61527635213662,11.475450240409769],[99.60196384850305,11.448078683457483],[99.60176889299105,11.447654147390264],[99.60166745421236,11.447397845340879],[99.60149961286069,11.446938804743812],[99.60136672576171,11.446494989790796],[99.60123749576364,11.445951619770351],[99.59882447979619,11.43321469807431],[99.59872103711494,11.432464545505894],[99.59868604066246,11.431972208240557],[99.59868838396949,11.431469738526921],[99.59870121199016,11.43111463397103],[99.59875435479678,11.43054840473977],[99.5997438166328,11.424727785266253],[99.59982742890136,11.424117969882644],[99.59985716768308,11.423725974661284],[99.59986301330309,11.42327374392787],[99.5998205175481,11.422446420398014],[99.59974803423748,11.421883818197292],[99.59962789117847,11.421260991921292],[99.59951495383673,11.420842507522364],[99.59935090362322,11.420337025220325],[99.59304386331516,11.401547413204643],[99.5928014657657,11.40089804806602],[99.59266159376612,11.4005800887854],[99.5922764226187,11.39985061236753],[99.59182000694622,11.399144726341062],[99.591551042693,11.398790188434718],[99.59109155815402,11.398241751422495],[99.58446541774856,11.390577251218795],[99.58255629327358,11.388386904842259],[99.57948330977663,11.38481872675911],[99.57680519573822,11.381738817214444],[99.57377653398468,11.378203989096795],[99.57080589278915,11.37478289789652],[99.5703601362968,11.374264530705915],[99.56981206390138,11.373518591855593],[99.56909665519088,11.372270487802414],[99.56616998182444,11.366986765202158],[99.56614985482275,11.366984044747976],[99.56238665785652,11.36021352959477],[99.56138451354124,11.358365836735889],[99.55787749932774,11.352097640988813],[99.55612860277455,11.349045627457615],[99.55518817967284,11.347374962437854],[99.5538253860713,11.344672269120032],[99.55291862124155,11.342258232521688],[99.55193213438777,11.339368947019821],[99.55034699968226,11.334864544332772],[99.54961548711451,11.332476096099981],[99.54917422107046,11.330705094407985],[99.54843322697619,11.327919070594668],[99.54788563783015,11.325504362978712],[99.54734736111305,11.323383471761112],[99.5469853656428,11.321832716977758],[99.54676971103335,11.319902696093187],[99.54571853964195,11.311723949856523],[99.54549626304092,11.309784844150155],[99.54529492796667,11.30823063968689],[99.54526088826944,11.307864432198519],[99.54523021777172,11.307086645168493],[99.54515753563281,11.299518313171937],[99.54511893990727,11.298954568751277],[99.54506817278518,11.298563684130352],[99.54498807572443,11.298102899659467],[99.54486617330765,11.29758455541451],[99.5446857522931,11.296992252814139],[99.54435054069353,11.296132717450382],[99.5439153506043,11.295322760392764],[99.54355989511656,11.294771931156646],[99.53973878372587,11.289461646083408],[99.5391493563587,11.288664296620448],[99.53886918148672,11.28823267314539],[99.53867257399457,11.287895559106381],[99.53824980521648,11.287019727636077],[99.53804448475,11.286476841273705],[99.53784723599537,11.285794015082951],[99.53522634952654,11.275518140310854],[99.5283934130601,11.248602337704039],[99.52733111018685,11.24447220376251],[99.52628546629856,11.240313234185686],[99.52540385744997,11.236935911802666],[99.52515251614022,11.236265520108047],[99.52481770814677,11.235554121789347],[99.52449990061608,11.23501966194097],[99.52422817303997,11.23460034038355],[99.52406938908815,11.234398962075945],[99.5199860608802,11.22866490080083],[99.50548072638854,11.20839183913019],[99.49769600464987,11.197473931320879],[99.49737432929366,11.197058776445205],[99.49705271108282,11.196676570428163],[99.49667272811074,11.196290330823269],[99.48473585495626,11.184625765531173],[99.48415536502564,11.183959976450222],[99.48368746709151,11.183318693123102],[99.48333227840304,11.182784242505521],[99.47697647962403,11.173032230947038],[99.47670059675882,11.172551153118674],[99.47650405656051,11.172160480732783],[99.47625303620237,11.171580570417124],[99.47613161560265,11.171255640169523],[99.47593053023762,11.170630383199065],[99.47577511314468,11.16988570311074],[99.47566106162091,11.16895987327231],[99.47407164465444,11.150104669175224],[99.47340481653272,11.142384835805393],[99.46909068665809,11.118804787818664],[99.46879751297816,11.117283414954532],[99.46868540107822,11.116872025567492],[99.46852959521729,11.116403287798697],[99.46824257908393,11.115705032604893],[99.46798496381719,11.115202947927164],[99.4677127848154,11.114681733860445],[99.46714908723163,11.113682416115441],[99.46326618378181,11.106557854384105],[99.46072474655125,11.101943635821371],[99.4581007240932,11.097133301613924],[99.45782387182734,11.09670780297626],[99.44823913655627,11.083590438691648],[99.44733117993454,11.082323581745314],[99.44334513007361,11.076873841889118],[99.4425731498819,11.075798207884606],[99.44158761259537,11.074469231402702],[99.43323239520414,11.062928796368581],[99.43264502799987,11.062144786692052],[99.43225664314691,11.061590195680678],[99.43184381814169,11.060901654334458],[99.43152798208244,11.060270408838646],[99.42891687242172,11.053751270970617],[99.42803670125548,11.05149369988571],[99.42740955598691,11.049977521428005],[99.42715210556008,11.049499323564202],[99.4214621110204,11.041007960648997],[99.41460745974867,11.03082874872765],[99.41196178248387,11.026860241378552],[99.4115492542088,11.02630087356882],[99.41101544876632,11.02562203848487],[99.39832074526821,11.00909487174712],[99.39804902992034,11.00876502360662],[99.38865507643851,10.996506660254488],[99.38545767645786,10.992371103120677],[99.38227001385123,10.988202009544954],[99.37407570694293,10.97754485563094],[99.37294536908306,10.976096171603206],[99.37247463561674,10.975359746902411],[99.37225133562403,10.974948447284744],[99.3719501173638,10.974211814394314],[99.37177502119259,10.973628165731247],[99.37090407898064,10.970432384389898],[99.37025705566525,10.968136023036909],[99.37010408498551,10.967702428763808],[99.36994549605467,10.967318237809296],[99.36963798006155,10.96670607638197],[99.36908335833155,10.965778583481454],[99.36036696417342,10.952072651686334],[99.36005153382541,10.95155137458674],[99.35936263008003,10.950556748660146],[99.35900370413313,10.95011688832272],[99.35874668463372,10.949830046721942],[99.35806326120633,10.949194160638216],[99.35548415065784,10.947163438255249],[99.35258046027286,10.944831364795755],[99.35176118173436,10.944138369093583],[99.35136358493027,10.943727252451962],[99.35089317802466,10.943177434217931],[99.35060217632396,10.942814055133228],[99.35047604619827,10.942632351840789],[99.34900099236171,10.940222029701042],[99.34764730648355,10.938055642251927],[99.34709413844497,10.937127824655356],[99.34681261477638,10.9365730068821],[99.34661352101396,10.936113797759024],[99.34644350841332,10.935664130276374],[99.34633168270427,10.935286188950403],[99.34620032303879,10.934759908285109],[99.34608828714828,10.93420009984491],[99.34468672536113,10.92407505856973],[99.34465237610316,10.923673097792982],[99.34462229686865,10.92279734222062],[99.34464595465182,10.922313967093086],[99.34471791296976,10.921720444341906],[99.34479963043033,10.921203498829218],[99.3448719204895,10.920897120373207],[99.34550359104617,10.918560980713648],[99.3472010490369,10.912438087041837],[99.34733603603624,10.911916283458392],[99.34741309486344,10.91155727790551],[99.34749003767313,10.911097754902373],[99.34758829588688,10.909838301523685],[99.34790659223289,10.902856232087439],[99.34790122150962,10.902411156722042],[99.34784750412608,10.902018793465013],[99.34773075533299,10.901554711147428],[99.3475559310728,10.901124181494703],[99.34745886334761,10.900937665039573],[99.34721148722058,10.900564654341458],[99.34699327583756,10.900292109954819],[99.34676057259473,10.900062646177139],[99.3463340562972,10.89970420985333],[99.34597060401806,10.899460538615665],[99.34560710262774,10.899173803489505],[99.34518533033713,10.898733993847577],[99.34497681718112,10.898466233872462],[99.34471966681045,10.898031017059251],[99.3445691879551,10.897710534235294],[99.3444720158384,10.897413922543647],[99.34440387759744,10.897122075094645],[99.34435020535363,10.896763198683297],[99.34433525261545,10.89638994236353],[99.34437809187033,10.895753388044547],[99.34459343244902,10.893518196545498],[99.34468960686262,10.892948575891362],[99.34480045028877,10.892489033021517],[99.34557220926786,10.889913429341695],[99.3460061586225,10.88831449660353],[99.34605902445342,10.887974651562727],[99.34613089649278,10.887314133848944],[99.34614476221395,10.886744605466031],[99.34607597045031,10.885868891610611],[99.3459540791795,10.885146394502353],[99.34581303011836,10.884596192899638],[99.3456234921228,10.883988608753281],[99.34411778879952,10.879898484638744],[99.3438992721536,10.879343570784636],[99.34363227454502,10.878736090703162],[99.34342361743919,10.878329525571113],[99.34311312729197,10.877803441879854],[99.34221094372897,10.876397445552243],[99.3420265861267,10.876081796176162],[99.34177423437806,10.875560424093456],[99.3416722060054,10.875268594108508],[99.34156526973513,10.874895440186616],[99.34150682247844,10.874598782857566],[99.34144799718817,10.873952765226676],[99.3414526686528,10.873809195777273],[99.34148131927392,10.873445448699533],[99.34153897932866,10.873067294947608],[99.3416497876146,10.872579025593543],[99.34535821772016,10.859634207921143],[99.34760522019428,10.851696879902812],[99.34879623053959,10.847546274391513],[99.34887332988647,10.847235109914203],[99.34893591801848,10.84693353848424],[99.34897417580021,10.846526715007784],[99.34896875887311,10.84602421994084],[99.34892184002825,10.845586783332266],[99.34876901106641,10.844947651992916],[99.3485990632685,10.844507539173538],[99.34807487285312,10.84336912153666],[99.34786123576384,10.84281900091566],[99.34761344347447,10.842058341263433],[99.3474479900772,10.841321518784937],[99.34737970044614,10.840871751787194],[99.34734538003062,10.84050327685729],[99.3473106301576,10.839761528932748],[99.34731019417012,10.839383458138405],[99.34736756285,10.838746885110343],[99.34743476436351,10.838253864570266],[99.34765152806519,10.83729647763202],[99.34776242375189,10.836918262222966],[99.35133362137887,10.827227836234782],[99.35177279389393,10.826073970056665],[99.35255451950678,10.823919468471416],[99.35268461713375,10.823388108960437],[99.35281937231113,10.822722736238028],[99.35288157707075,10.822100510976426],[99.35290962308207,10.821234260156197],[99.35287972982768,10.820521215850508],[99.3528016062533,10.819947011492793],[99.3527236564357,10.819521168401588],[99.35257284207705,10.8188848309023],[99.35215033857934,10.81772714982293],[99.35181070349184,10.817067097681932],[99.35138387725715,10.816359301790756],[99.34976423755204,10.81393475512994],[99.34948773661304,10.81344212261211],[99.34924022695269,10.81290641230594],[99.34906544122693,10.812447171286173],[99.34895370907253,10.812044942591712],[99.3488472321939,10.811601090311392],[99.34873938078785,10.810973518696223],[99.34843015467293,10.807264867238038],[99.3482047117187,10.804867462407564],[99.3479790046892,10.802221175414045],[99.34784197463729,10.800929176415988],[99.34776403753986,10.800503331179113],[99.34758903440128,10.799862220144641],[99.34734135758302,10.799168570060981],[99.34708891796336,10.798517988823965],[99.34687536366187,10.798025282288204],[99.34672013622205,10.797733530528053],[99.34647283615381,10.797365311036158],[99.34613350143337,10.796934960935872],[99.34561017612455,10.79645219457729],[99.34528555827741,10.796194119212622],[99.34467020101945,10.795649219565583],[99.34432607805293,10.795271530269144],[99.34316744351104,10.79372222433685],[99.3428910332807,10.793282242857426],[99.34270180290932,10.79288522836366],[99.3425950269259,10.792626908619383],[99.34251728934169,10.792368574779413],[99.34244437447958,10.792100640819795],[99.34237623026398,10.791760928550612],[99.342174165834,10.788578616591492],[99.34213993638228,10.78827715255508],[99.34211069391199,10.788095315860067],[99.34200248762944,10.78764581212563],[99.34184047655302,10.787128651837888],[99.34115353791677,10.785115059665156],[99.34085461291515,10.784518069927593],[99.34058455006122,10.784047980417624],[99.3393355582773,10.782150597446279],[99.33896181872245,10.781435535072207],[99.33880000821753,10.78108897919373],[99.33864925770872,10.780681879715017],[99.33845376399852,10.780082182134864],[99.33839225546599,10.779840091118148],[99.33825222764197,10.779053222589212],[99.33819011120175,10.77826626800763],[99.3381950915694,10.777743420505923],[99.33823894348352,10.777121456367706],[99.3383163058856,10.776631536767411],[99.33873457948422,10.774493723601042],[99.33974441423965,10.769491745138728],[99.34005999765321,10.76798890528946],[99.34015387373661,10.767328360189794],[99.34020852673835,10.766436701716387],[99.34019104591346,10.76573225160022],[99.34012908872938,10.76508839795409],[99.34002269198702,10.764505124432121],[99.33986613308447,10.763872377253417],[99.33976555930457,10.763536755276244],[99.33957014331445,10.762997624138329],[99.33938206247775,10.762550798704542],[99.33917980657725,10.76214197793422],[99.3390011247825,10.761842466858187],[99.33865542600184,10.76130348105745],[99.33827079730752,10.760775557365688],[99.3378305058418,10.760253194295988],[99.33739583377539,10.759780352995985],[99.3366658528281,10.759032648748793],[99.33624787451271,10.758543266010127],[99.3358798575405,10.757938268851191],[99.33569568918689,10.757498159866818],[99.3352155027469,10.756122763755142],[99.33509818611441,10.75573212879749],[99.33445272983866,10.750845576382332],[99.33382953153296,10.74594247498407],[99.33374558804705,10.74552429859375],[99.33354434269425,10.744720968626192],[99.3333321647687,10.74409377781696],[99.33305318858692,10.743461156922567],[99.33282450388013,10.743015610669042],[99.33129109459541,10.740386492769254],[99.3311517124698,10.740171987841189],[99.33038777686208,10.738835409124665],[99.33016460833407,10.73834032694686],[99.32991339379114,10.73763062084903],[99.32976802093492,10.737019858713069],[99.32959418394087,10.735809231295425],[99.32948219004234,10.735181930009729],[99.32936483690828,10.734741764179843],[99.32925316099136,10.734389646684571],[99.32911918383054,10.734026550675727],[99.32893510661263,10.733630482415379],[99.32852801646655,10.732893415881554],[99.32159334382949,10.722256539597172],[99.32120868931582,10.72164603727558],[99.32099680350292,10.721255493672588],[99.31808518934669,10.71497877111118],[99.31480565094114,10.707966574217686],[99.31438851146646,10.707024177287105],[99.3142040838126,10.706507500197572],[99.31400013280557,10.705818549826239],[99.31251862692525,10.700378560663145],[99.31238272186825,10.699962317464541],[99.31202368678758,10.699048585757655],[99.31180549195312,10.698613290899441],[99.31132562365302,10.697824111597491],[99.31094765384387,10.697307625895032],[99.31059397412457,10.69688204086745],[99.310216147502,10.696485187960642],[99.30978021832895,10.69607883627597],[99.3037890965218,10.690715013633339],[99.29409335318711,10.682076301449047],[99.29336679634518,10.681311255399091],[99.29038301404455,10.678007017037372],[99.28838742019148,10.675831309202819],[99.28637729247697,10.673602960694053],[99.28568948393949,10.672818707236662],[99.28538911060475,10.672416973337162],[99.28504505293789,10.671857340118775],[99.28470575594947,10.671221129411505],[99.28030899333169,10.662289934627527],[99.27975634294128,10.661127468533396],[99.2774490480653,10.656477674562103],[99.27722617606746,10.656123706428989],[99.27702268857199,10.655836735105735],[99.27677568404269,10.655549802087263],[99.27593784741414,10.654650799724847],[99.27460606869523,10.653259293432741],[99.27202479999987,10.650490546937435],[99.27069787990678,10.649089424593747],[99.27041674612501,10.648839411115498],[99.27015075410127,10.64864482295213],[99.2698215867881,10.648453677769956],[99.26948279202612,10.648300807979416],[99.26909228080213,10.648171968119048],[99.26878106485563,10.648100405827037],[99.26820042343586,10.648038685941756],[99.26725214304426,10.648049072652114],[99.26680218365074,10.648030303209728],[99.26657958872497,10.647997004015968],[99.26628923754429,10.647930237481441],[99.26586819836855,10.647791806493656],[99.26558748262049,10.647672408813483],[99.26536964470746,10.647552938662932],[99.26520022861345,10.647452580133235],[99.26486617238288,10.64718964062208],[99.26456111794114,10.64692189825469],[99.2637330992892,10.64611377998218],[99.26305036930472,10.645477832613794],[99.25779672468609,10.640447480511394],[99.25524019800066,10.638027917691092],[99.2545574757799,10.637358443079863],[99.25408772331052,10.636798892387132],[99.25343385913717,10.635923608758855],[99.25178718234848,10.633790431852326],[99.2513609592231,10.633211689024781],[99.25061029234614,10.632250328324416],[99.2466825520236,10.62707990954661],[99.24626116347103,10.626482003454655],[99.24347070857631,10.62163130553261],[99.24287965901911,10.620578874506547],[99.24257441649924,10.619990449035326],[99.24245326033176,10.619708167815206],[99.24220109428667,10.618947405327512],[99.24048875337373,10.613047751370422],[99.2402609156852,10.612449687958309],[99.23976663547623,10.611373245074187],[99.23715979684054,10.605943237309008],[99.23605016540009,10.603565492481579],[99.23404422818503,10.59934105511785],[99.23370993244622,10.598680848431446],[99.23354524165903,10.598393816423693],[99.23321588275572,10.597848481810791],[99.2329301993276,10.597470612555366],[99.23256221666416,10.597021011173242],[99.23214585798156,10.596571444990234],[99.23179411758366,10.596231371874287],[99.23129389388541,10.59581589219669],[99.23015166105925,10.59499835062053],[99.22849641634605,10.593846143043406],[99.2279349846213,10.59343498008689],[99.2272815133571,10.592865923242373],[99.227063667176,10.592636364564424],[99.22658919319738,10.592086329987373],[99.22616311200929,10.591531461972396],[99.22517996291505,10.589938473216677],[99.22256952051208,10.585594730105013],[99.21728111415527,10.576888102758245],[99.21532950072475,10.573644593895985],[99.21487910989883,10.572874382483297],[99.21465630586216,10.572453369421833],[99.2144189227191,10.571903152557079],[99.21423958524672,10.571395979925866],[99.21411352544901,10.570941393787022],[99.21402621456625,10.570592081088439],[99.21391940252356,10.570032217274505],[99.21385129057695,10.5694531571022],[99.21381222749368,10.56892195810821],[99.21382620594841,10.568156208906862],[99.21550115167267,10.549279465223105],[99.21595693155606,10.543947663146982],[99.21595175012574,10.543469081375804],[99.21591765642681,10.543110156153864],[99.21583024199113,10.542602901509573],[99.21575747234318,10.542291883585666],[99.21562174312844,10.54186123460982],[99.21543767405055,10.541444991528786],[99.21524879089198,10.54107659548351],[99.21495344925572,10.540617362804577],[99.21468234398846,10.540258598221248],[99.21441129975796,10.539962050305123],[99.21382570962894,10.539445574958462],[99.2132450740133,10.539053510986731],[99.21277575048697,10.53881453310905],[99.20760875645286,10.53642023718722],[99.20625894679151,10.535779793604277],[99.20378192637652,10.534647149585947],[99.20354001514082,10.534508516120713],[99.20296421490792,10.534121226711088],[99.20245611363036,10.533695587946815],[99.20216571692669,10.533375129446563],[99.20192853709021,10.53308332773564],[99.20166713326365,10.532700632320603],[99.20136692450377,10.532169578151478],[99.20117317942585,10.531715045290852],[99.20098899883982,10.531116920076515],[99.20091139585435,10.53077239420471],[99.20085304204743,10.530293826078305],[99.20079510718229,10.528901779787384],[99.2007658285211,10.528518937164227],[99.20072211454973,10.52821745379509],[99.20062506190392,10.527724555950323],[99.20039730834279,10.527035529793537],[99.20023263821437,10.526671905714961],[99.200019608202,10.526289159998457],[99.19978238969577,10.525925582334885],[99.19946777177164,10.525528545224379],[99.19910479999598,10.525150690219034],[99.19856283971697,10.524696374864837],[99.19817577866839,10.52443339195771],[99.19715010292643,10.523831010940782],[99.19654531532473,10.523438929172439],[99.19621144331907,10.523190266720356],[99.19567433005928,10.522721588228876],[99.1953549516193,10.522420274829184],[99.19112062519332,10.518216020628856],[99.18539119765447,10.51258162074017],[99.18329592223097,10.510496171951564],[99.17917020058654,10.506428607894117]]}},{"type":"Feature","properties":{"NAME":"EASTERN RAILWAY (CHACHOENGSAO-SATTAHIP)"},"geometry":{"type":"LineString","coordinates":[[100.95847446135747,12.731120316715762],[100.95893815988791,12.730857634477559],[100.95914896226726,12.73070973424431],[100.95964663853117,12.730329409124908],[100.95995869156977,12.730043729665471],[100.96018343704458,12.729808913771146],[100.96043322979887,12.729506350738879],[100.9610017983308,12.728684293544429],[100.96143610277376,12.728140640687641],[100.9616004517042,12.727972036980347],[100.96206546688228,12.727624231749976],[100.96232732696477,12.727464475608992],[100.9626040201524,12.72733328083034],[100.96286136444022,12.72722138723944],[100.96322585800489,12.727103886322457],[100.96354199933035,12.72703459195602],[100.96390223493071,12.726998435522377],[100.96438456250162,12.726999652846162],[100.96497464691294,12.727076570696106],[100.96545815382511,12.72723081709775],[100.96567313352777,12.727310517042195],[100.96590788477242,12.727428348936021],[100.96631912378497,12.727688340383654],[100.96672126098906,12.72802969423073],[100.96818985442567,12.729573154413487],[100.96877840142926,12.730080523112775],[100.96925368035379,12.730430898547086],[100.96959146028256,12.730638825054648],[100.97027628827226,12.730997207855278],[100.97058416098731,12.731119266296442],[100.97134617876875,12.731376637068593],[100.97195140307917,12.731520393999222],[100.97282436491261,12.731633445033822],[100.97455488287856,12.73175925688984],[100.98489862342655,12.732466234652529],[100.98666330331658,12.732601259824456],[101.00109201652631,12.733602135985015],[101.0015500993572,12.733617811020174],[101.0019787701591,12.733609775399131],[101.00233900144082,12.733573566078649],[101.00301057422989,12.733477621637048],[101.00383713181348,12.73326572400758],[101.00439578828721,12.733060628380207],[101.0050802032476,12.73273978283028],[101.0058704679208,12.732250770500167],[101.00645633108313,12.731787201658367],[101.00678038154358,12.73148822216349],[101.0196742787275,12.718324352582899],[101.02015294374131,12.717866352752015],[101.02094634846254,12.71716684822738],[101.0214450131309,12.716775661497923],[101.02214733931413,12.716263349248418],[101.02271914874206,12.715881171724398],[101.02356759741906,12.71536776015841],[101.02492611027647,12.71467348219351],[101.02593110468503,12.714244935879481],[101.02644586469088,12.71404013826592],[101.02685876544835,12.713893514820585],[101.03016402703253,12.71296911208408],[101.04245704490214,12.709617821012843],[101.04633579441374,12.708545349255779],[101.04908215559801,12.707806764251401],[101.05117694431354,12.707216676945801],[101.05181867387141,12.707058679087535],[101.05768038735232,12.705439846121903],[101.08357628082088,12.698351102326672],[101.09170737589798,12.696139867181031],[101.10477345062704,12.692546042518925],[101.10838420845582,12.691558815917519],[101.10887361730299,12.691448430851507],[101.10974007560642,12.691279653679338],[101.11058079730174,12.691149408544318],[101.11128746263516,12.691075642115468],[101.11220689421245,12.691017190473953],[101.11969131934883,12.690944772301364],[101.12125776138811,12.690945032369548],[101.12273979130848,12.691016178683501],[101.12376982958202,12.69100076032688],[101.12447915708411,12.691074005251773],[101.12662139418775,12.691257707225052],[101.12789947326698,12.691197253085017],[101.12927301172809,12.691193422890317],[101.12999609308741,12.691166097041528],[101.1320104631121,12.690913208430871],[101.13252151245233,12.690866072491227],[101.13410488492543,12.690825051016075],[101.13740561492823,12.690788376059421],[101.13767800815329,12.69074315150661],[101.1379209254326,12.690669457357453],[101.13812958443123,12.690576920685436],[101.1383621754449,12.690431572021307],[101.13854600119016,12.690281840710794],[101.13874871749833,12.69006023792082],[101.13888349484165,12.689867851917793],[101.13905961847323,12.689378650318906],[101.1390921992001,12.689196674188764],[101.13901454731746,12.679900710203686],[101.13903525817236,12.67888192668637],[101.13894445097897,12.67792145226271],[101.13827862892624,12.67290756940399]]}},{"type":"Feature","properties":{"NAME":"NORTH EASTERN RAILWAY"},"geometry":{"type":"LineString","coordinates":[[102.72831181768017,17.87945293529142],[102.7271176125547,17.87914885338888],[102.72669632447325,17.878976820597057],[102.72644116284465,17.87890723371798],[102.7237229552667,17.878244289347503],[102.72228244298125,17.877732908213506],[102.72131461291517,17.877303804953886],[102.72097238106724,17.87711688594697],[102.72084543591507,17.877027340192196],[102.72067080760388,17.87688528128327],[102.72037912294869,17.876572492110434],[102.72008390837416,17.876142202939242],[102.71998448236248,17.87595250717846],[102.71986358474545,17.87564282780512],[102.71981479672895,17.875388206857107],[102.7197797869937,17.87502421946215],[102.7198121256884,17.874546996983195],[102.71984197487313,17.87433280325435],[102.71992544710221,17.87405150257912],[102.72003868985735,17.873771684005444],[102.72025775250293,17.87341065840236],[102.7205131274203,17.873091847650493],[102.72065479116712,17.872963664694442],[102.72119165902572,17.872522794621904],[102.72170160483985,17.872073734357993],[102.72190338781363,17.8719338128241],[102.72429911602612,17.869948601436125]]}},{"type":"Feature","properties":{"NAME":"NORTH EASTERN RAILWAY"},"geometry":{"type":"LineString","coordinates":[[102.07527494837225,14.97093036062011],[102.07469604766737,14.970823623597834],[102.07373654603923,14.970559573455144],[102.06780392520656,14.968854373507973],[102.06767576060439,14.968757899362355],[102.06754751250365,14.968635460619232],[102.06729466091691,14.96835791218409],[102.06717024408924,14.96818922524635],[102.06709983266323,14.96804043152889],[102.06703334774132,14.967678338908112],[102.06656058016846,14.962718768908955],[102.06594652581208,14.955866499862962],[102.0659527179615,14.955176835650528],[102.06610486028318,14.953403051123434],[102.06613796433061,14.953252236487577],[102.06620954688384,14.953069151796965],[102.06633396501175,14.952766500108263],[102.06647260867501,14.95250110632626],[102.0667666667763,14.952180030096182],[102.06703036139571,14.95198441411621],[102.06739970179262,14.951787377840828],[102.06756882210152,14.95172705354026],[102.0679674340766,14.951650218116031],[102.0682337950428,14.951642179703066],[102.06841318052524,14.951657632552756],[102.06900324104649,14.951797088983064]]}},{"type":"Feature","properties":{"NAME":"NORTH EASTERN RAILWAY"},"geometry":{"type":"LineString","coordinates":[[102.08285487621018,14.973232715603471],[102.08273376855352,14.973175249952366],[102.08167016146298,14.972829092900271]]}},{"type":"Feature","properties":{"NAME":"EASTERN RAILWAY"},"geometry":{"type":"LineString","coordinates":[[100.55232423734819,13.75271911802815],[100.56482629006072,13.749892669372741],[100.57151079926783,13.748388541285895],[100.57418175716019,13.747800699776125],[100.58607003145018,13.745119313475337]]}},{"type":"Feature","properties":{"NAME":"SOUTHERN RAILWAY"},"geometry":{"type":"LineString","coordinates":[[99.6807146930194,8.150164135179988],[99.68085665837759,8.149467009478789],[99.68101442912825,8.14903597178647],[99.68131615743116,8.148504181167244],[99.68217130244231,8.147188936946002],[99.6824226364229,8.146693129501523],[99.68254415163057,8.146118573191123],[99.68250739497854,8.145687880337592],[99.6824201679044,8.14523571117855],[99.68223933877749,8.14482680357207],[99.68194298614273,8.144281698740539]]}},{"type":"Feature","properties":{"NAME":"SOUTHERN RAILWAY"},"geometry":{"type":"LineString","coordinates":[[99.66681870718477,8.095162855166429],[99.67618221828562,8.116541266831847],[99.67651864492329,8.117380713606357],[99.6767940574179,8.118371008985678],[99.67689582144892,8.118898530542797],[99.67696874815063,8.119433269883093],[99.67700960534806,8.120165489876927],[99.67701032086518,8.120592669831682],[99.67699288573772,8.12093731730461],[99.67693979857847,8.121504571795768],[99.67680782733657,8.122287335313382],[99.67537640127456,8.130118855534432],[99.67533044601245,8.130639435410812],[99.67532370218512,8.130908674073178],[99.67533533742323,8.131407615143333],[99.67536839363585,8.131788078694074],[99.67547029268856,8.132405330637729],[99.67551746746861,8.132613461036318],[99.6772881413039,8.14018835352761],[99.6780756569704,8.143625966594835],[99.67830383466122,8.14434711064351],[99.68043460592672,8.149190803534855],[99.68057653754553,8.149562914744463],[99.6807146930194,8.150164135179988]]}},{"type":"Feature","properties":{"NAME":"SOUTHERN RAILWAY"},"geometry":{"type":"LineString","coordinates":[[99.6807146930194,8.150164135179988],[99.6808312068519,8.150873139774369],[99.68088168381828,8.151777262562277],[99.6808711994126,8.152261291053986],[99.68074686784496,8.15443759412144],[99.68072894904562,8.1549779104162],[99.68073698635162,8.155278039130643],[99.68081005703776,8.15617462103853],[99.6809276875345,8.156707207746402],[99.68103755461227,8.157112214198422],[99.6822712642383,8.160757010189393],[99.6826687759209,8.162020724492212],[99.68274483144813,8.162459575097731],[99.68280966765616,8.162947218095008],[99.68283324920814,8.163532477646669],[99.68281233134576,8.164515500284816],[99.68274217714655,8.16532977997996],[99.68265638512814,8.16581393504855],[99.68254788965173,8.166230572322355],[99.68239418041176,8.166624778570842],[99.68212769809588,8.167139246278811],[99.6816732380174,8.167815355554776],[99.68132861153067,8.168261495711699]]}},{"type":"Feature","properties":{"NAME":"SOUTHERN RAILWAY"},"geometry":{"type":"LineString","coordinates":[[100.46583487295455,7.015322673148756],[100.46582966776549,7.01501571705508],[100.46616746169457,7.012644631825896]]}},{"type":"Feature","properties":{"NAME":"SOUTHERN RAILWAY"},"geometry":{"type":"LineString","coordinates":[[100.46616746169457,7.012644631825896],[100.46616748360411,7.0124739492945505]]}},{"type":"Feature","properties":{"NAME":"SOUTHERN RAILWAY"},"geometry":{"type":"LineString","coordinates":[[100.46616748360411,7.0124739492945505],[100.46617670986925,7.011986154635787]]}},{"type":"Feature","properties":{"NAME":"SOUTHERN RAILWAY"},"geometry":{"type":"LineString","coordinates":[[100.46617670986925,7.011986154635787],[100.46616769563137,7.011450929955744],[100.46619116860414,7.010996445261764],[100.46643233026732,7.009152839309651]]}},{"type":"Feature","properties":{"NAME":"SOUTHERN RAILWAY"},"geometry":{"type":"LineString","coordinates":[[100.46617670986925,7.011986154635787],[100.46628226423302,7.010998438854156]]}},{"type":"Feature","properties":{"NAME":"SOUTHERN RAILWAY"},"geometry":{"type":"LineString","coordinates":[[100.46660172644823,7.003539671062313],[100.46669421338363,7.003079878063197]]}},{"type":"Feature","properties":{"NAME":"EASTERN RAILWAY"},"geometry":{"type":"LineString","coordinates":[[100.54523978875532,13.754315134197537],[100.54446667469504,13.7545133050912],[100.5430366685342,13.754837324202573]]}},{"type":"Feature","properties":{"NAME":"EASTERN RAILWAY"},"geometry":{"type":"LineString","coordinates":[[100.5258197651395,13.769300593628733],[100.52573538138199,13.769013321301593],[100.52552294923456,13.768452135015508],[100.52349117104077,13.763459781130276],[100.52325668996895,13.762796704824341],[100.5232014937806,13.762538037988486],[100.52316410867977,13.762184179999878],[100.52316448323229,13.76177377355201],[100.52319260399008,13.761465884031516],[100.52328058581789,13.761101420597415],[100.52337732107709,13.760822523466002],[100.52348248390146,13.760575693615605],[100.52365287722208,13.760253540645094],[100.52400568098601,13.75978040008416],[100.52438935774879,13.759422141356797],[100.52492354140685,13.759054916547436],[100.52527294527326,13.758879106791634],[100.52584656799584,13.75870936833336],[100.53319597749571,13.757042314836808]]}},{"type":"Feature","properties":{"NAME":"EASTERN RAILWAY"},"geometry":{"type":"LineString","coordinates":[[100.53319597749571,13.757042314836808],[100.53496859838957,13.756659956866573],[100.5394341192179,13.75563678195231],[100.5430366685342,13.754837324202573]]}},{"type":"Feature","properties":{"NAME":"SOUTHERN RAILWAY"},"geometry":{"type":"LineString","coordinates":[[100.46670633209173,7.008403990433337],[100.46676440250789,7.0079816046879975]]}},{"type":"Feature","properties":{"NAME":"SOUTHERN RAILWAY"},"geometry":{"type":"LineString","coordinates":[[100.46670633209173,7.008403990433337],[100.46674705274924,7.007862981256532],[100.4667433481267,7.00757928198382],[100.46667361572503,7.006447378174579],[100.46669302436128,7.0059556062592225],[100.46699300180752,7.003655442462496],[100.46713647534261,7.002683443922297],[100.46719854385762,7.002454914657065]]}},{"type":"Feature","properties":{"NAME":"SOUTHERN RAILWAY"},"geometry":{"type":"LineString","coordinates":[[100.46669421338363,7.003079878063197],[100.46677758473211,7.0027874247347395],[100.46683544551092,7.002653861720774]]}},{"type":"Feature","properties":{"NAME":"SOUTHERN RAILWAY"},"geometry":{"type":"LineString","coordinates":[[100.46670160296817,7.0045369320043935],[100.46675304211108,7.004347439535174],[100.46682891703088,7.003868621992275]]}},{"type":"Feature","properties":{"NAME":"SOUTHERN RAILWAY"},"geometry":{"type":"LineString","coordinates":[[100.46676440250789,7.0079816046879975],[100.46681165898076,7.007533249365923],[100.46678979396128,7.006877702530055]]}},{"type":"Feature","properties":{"NAME":"EASTERN RAILWAY"},"geometry":{"type":"LineString","coordinates":[[101.06018323543002,13.69546655452209],[101.06242220419723,13.695183867695627]]}},{"type":"Feature","properties":{"NAME":"NORTHERN RAILWAY"},"geometry":{"type":"LineString","coordinates":[[100.54485630150369,13.81717474028394],[100.54446255187372,13.81631965472078],[100.54403808219739,13.815278176860428],[100.543868862073,13.814720392300387],[100.54337824145918,13.812771207171322],[100.54322084732316,13.81229424560873],[100.54307607319369,13.811915542132299]]}},{"type":"Feature","properties":{"NAME":"SOUTHERN RAILWAY"},"geometry":{"type":"LineString","coordinates":[[99.79402793414116,11.806773501252609],[99.79385447564812,11.80711748487295],[99.79294006769118,11.80963579645121],[99.79288234981645,11.80982976357862],[99.7928113080367,11.810156052769912]]}},{"type":"Feature","properties":{"NAME":"SOUTHERN RAILWAY"},"geometry":{"type":"LineString","coordinates":[[99.79443574626393,11.805859907115268],[99.79256643110361,11.811089098087875]]}},{"type":"Feature","properties":{"NAME":"SOUTHERN RAILWAY"},"geometry":{"type":"LineString","coordinates":[[99.79256643110361,11.811089098087875],[99.78929085062614,11.820192447158671],[99.78907050685463,11.820849815439828],[99.78895872024967,11.821248480128256],[99.78885454897804,11.821765574084914],[99.78882241054386,11.821991748332588],[99.78877288716541,11.822508690400756],[99.78875630462966,11.823079358608325],[99.78880921859252,11.82374672720385],[99.78891309538007,11.824399601503506],[99.78906785216884,11.825009276490128],[99.78917809779959,11.82533915357371],[99.78942751620198,11.825930601660625],[99.78965471062149,11.826389344465078],[99.79373658328991,11.83325055812344],[99.79506927092682,11.83551497437854],[99.79555612947657,11.836310314049443],[99.79587106573125,11.836872883714136],[99.79670574758103,11.838255829179987],[99.8027395105573,11.84840234125928],[99.80308343716312,11.84889661150711],[99.80553734964747,11.852026268212798],[99.8056946730652,11.85224833153481],[99.80608640119657,11.85288961612923],[99.80987969716026,11.860454757818443],[99.81014367002606,11.861006675058151],[99.81034928593849,11.861540813053784],[99.81050735014949,11.862010510820753],[99.81071023167672,11.862853299664023],[99.81081801826963,11.86357074493876],[99.81085266417858,11.864198691325132],[99.81110292519705,11.874903361957346],[99.81142487754369,11.887646272502225],[99.81144816286384,11.88813068854945],[99.81149723821294,11.888701164152348],[99.81585623760827,11.913426144790664],[99.81603759984408,11.914358711769463],[99.81612242296234,11.914695812863615],[99.81630634494489,11.915269487708208],[99.81643125205368,11.915602878995047],[99.81662573383865,11.916047333173942],[99.81675045080466,11.916323297096945],[99.81695204760094,11.916706709106826],[99.81990217891486,11.922192568508173],[99.82012582186054,11.92263693361265],[99.8286803276318,11.938607060606342],[99.8336359851932,11.947815533453099],[99.83891111390902,11.957676106090345],[99.84086863518931,11.96129489764356],[99.84147353502884,11.962423545152713],[99.84176328686598,11.963007637555027],[99.8454985656541,11.972147727758173],[99.84651980181485,11.974689069635584],[99.84843573651027,11.97934729503664],[99.8576540942948,12.00194756392188],[99.86367606851938,12.016743301887816],[99.86433389873207,12.018392079889404],[99.86617841890306,12.022897384402851],[99.86644309573818,12.023578429230747],[99.86658681071111,12.024055270492209],[99.86700469327073,12.025902175674018],[99.86910724542051,12.035793304445432],[99.87091704431332,12.044163715202574],[99.87100984572021,12.044680193046805],[99.87112623677403,12.045720569678728],[99.871319306665,12.047930595387113],[99.87247526777267,12.060394159574921],[99.87277087385336,12.06385991587726],[99.87277612604032,12.064355128945754],[99.87275223058744,12.064861211859519],[99.87266687797262,12.065528989698292],[99.87235993055278,12.06757549979853],[99.87179529475476,12.07113009905418],[99.8708748611321,12.077420369841896],[99.87047123300682,12.080027041150293],[99.86642663871689,12.107001579250538],[99.85953286680495,12.152677134224412],[99.85945793272738,12.153197724709539],[99.8593909913843,12.153933626758722],[99.85938218678548,12.154597550940565],[99.85940544837139,12.155024539044831],[99.8594691301041,12.155548292125875],[99.8595360601908,12.155946422323034],[99.85971730716793,12.156728201335145],[99.85982048456934,12.157054439601046],[99.8604497321161,12.158775057789267],[99.86711606391364,12.176349539074238],[99.86918035541565,12.181844480194693],[99.87044969175979,12.185163596555528],[99.87166783307467,12.188439809288461],[99.88018732342809,12.211017728223531],[99.88222992007708,12.21639775933398],[99.88442366109757,12.222222282114448],[99.8846300189171,12.222838859220614],[99.88472976114714,12.223211761114868],[99.88487060741245,12.223875216557943],[99.88495708424408,12.2246464947831],[99.89160311349569,12.29373141231473],[99.89171918600553,12.294606658271073],[99.89184907497749,12.295245008780066],[99.89193409757132,12.295567693357917],[99.8920963874508,12.29608034559582],[99.8922362635073,12.296435165215192],[99.89247529757694,12.296976271230223],[99.89273611286093,12.29748141651899],[99.8929599848352,12.297853905700137],[99.9069681269618,12.31854280013584],[99.90767258538358,12.31962422445408],[99.9135751553333,12.328346368998528],[99.91383572251752,12.328758175324854],[99.91426904931241,12.32952110210188],[99.9146367227705,12.3302950072742],[99.91499041758198,12.33125197467579],[99.91545292325068,12.333055489572684],[99.91839951601814,12.344905880240232],[99.91967275300105,12.349950724083767],[99.92386367436185,12.366752641067057],[99.92470438478925,12.37019123659308],[99.92565584641302,12.37396677708741],[99.93221861360146,12.400492569805818],[99.93264431930976,12.402138253066028],[99.93370012602277,12.406440906713197],[99.9338737108373,12.407000109903489],[99.93400641382617,12.40735851462794],[99.9342088370143,12.407809972921013],[99.93448077518119,12.408307857395215],[99.93482952016157,12.408841345593531],[99.93522191433053,12.409331629156842],[99.9416445554637,12.416622875845995],[99.94213590841608,12.417213263876075],[99.94743126361847,12.424648219598735],[99.95063149785123,12.429176519305484],[99.95448858487366,12.434570872742627],[99.96186579759687,12.444944293060688],[99.96286702028833,12.44640036500835],[99.96689914654243,12.452002184575887],[99.96710038286767,12.452311138608545],[99.96733732884243,12.452778199060118],[99.96754777189828,12.453237447837632],[99.96817485141013,12.454712444700657],[99.97273253219839,12.465940830712363],[99.97293463472977,12.466628427488391],[99.97309331147346,12.467383973860821],[99.97315629524631,12.467774823970053],[99.97322181499429,12.468380379008218],[99.97279208941139,12.482670412888211],[99.97274779700406,12.484666584720792],[99.97251455987723,12.492589251140236],[99.97214010623118,12.506891491251668],[99.97200056329297,12.511723754170356],[99.97185238593688,12.519460737902621],[99.9718288481231,12.520096036997714],[99.97172008586993,12.520843508936746],[99.97157612635935,12.521412523154549],[99.97126692966764,12.522254548105794],[99.97088081662758,12.522981541473735],[99.96954098774997,12.525085211773147],[99.96774234135363,12.527863037039184],[99.96603480845182,12.530564806539735],[99.96507970694528,12.532042045759347],[99.96374410772164,12.534065440490764],[99.96340510111561,12.534630669888035],[99.96322989399418,12.535004263396912],[99.96293971764199,12.535700404482519],[99.96282414246552,12.536031971739813],[99.96250918946879,12.537188200055697],[99.96215064084095,12.538685922972224],[99.96136265331033,12.541654472407929],[99.96024987407469,12.545778172273259],[99.9600852995913,12.546226335221451],[99.95996577208867,12.5468822909701],[99.95962006733237,12.548139214845264],[99.95936268060106,12.549153981653353],[99.95864093815239,12.55184878272208],[99.95730894301381,12.556756464284256],[99.9554877643817,12.563808869106705],[99.95499740193998,12.565777275294188],[99.9541290347254,12.569142783888786],[99.95358160308842,12.57139050929355],[99.95281881567203,12.574219957102473],[99.95226836627286,12.576129742362339],[99.95182549114459,12.577878687498318],[99.94987508102614,12.585371135304575],[99.94965986459253,12.58614158889372],[99.94834071880679,12.591180353164827],[99.94762682777656,12.594040115792719],[99.94711507032419,12.596006272310007],[99.94652425104935,12.598064277642257],[99.94643302225602,12.598445492828729],[99.94612630653285,12.600001772254307],[99.94610461135301,12.60020869259334],[99.94609561448749,12.600732017084889],[99.94624457351885,12.604949534740657],[99.94636354375909,12.607425453815885],[99.94646426278807,12.610249551224012],[99.94702395590518,12.624137022698715],[99.94717694905661,12.628338702208412],[99.94744082603776,12.633589958446688],[99.94753639680461,12.63578790946287],[99.94781365699912,12.642631616353821],[99.94786290220208,12.643498327202028],[99.94805978636337,12.648686279126997],[99.94866059292949,12.663491970562728],[99.94894526775684,12.66966318224449],[99.94999751859818,12.696824748335633],[99.95019087560057,12.701374606244386],[99.95027664712184,12.704032442614398],[99.9504664440516,12.708116278240283],[99.95075494872835,12.714996781918568],[99.95091577982728,12.719125658939467],[99.95091494799755,12.719434145679823],[99.9510713229666,12.722763560455263],[99.95116312651834,12.723350810665416],[99.95253385796737,12.73053330439391],[99.95322990240784,12.734090535979911],[99.95435047384692,12.73998518103439],[99.95519930794025,12.744354381007701],[99.95534233782504,12.74507437994757],[99.95543422334839,12.745461249293133],[99.95623501928083,12.749715880032165],[99.95699176527903,12.753555262703228],[99.95785776754128,12.758187069255516],[99.95890313195271,12.763566824737689],[99.96122154118771,12.775657010962451],[99.96196540615195,12.779435245132516],[99.96531688511901,12.797004459692234],[99.96544778467795,12.79739930735629],[99.96556580331746,12.797964229291448],[99.9661958698238,12.801334600627683],[99.96640337376608,12.802832876909179],[99.9667601101838,12.804760800170477],[99.96757660686751,12.809017461228642],[99.96767378798538,12.809458872352652],[99.96977849333165,12.820298437367521]]}},{"type":"Feature","properties":{"NAME":"SOUTHERN RAILWAY"},"geometry":{"type":"LineString","coordinates":[[99.79271156116616,11.810547684172528],[99.79256643110361,11.811089098087875]]}},{"type":"Feature","properties":{"NAME":"SOUTHERN RAILWAY"},"geometry":{"type":"LineString","coordinates":[[99.79271156116616,11.810547684172528],[99.7928113080367,11.810156052769912]]}},{"type":"Feature","properties":{"NAME":"SOUTHERN RAILWAY"},"geometry":{"type":"LineString","coordinates":[[99.7928113080367,11.810156052769912],[99.79298378299515,11.809632099876515],[99.79402793414116,11.806773501252609]]}},{"type":"Feature","properties":{"NAME":"SOUTHERN RAILWAY"},"geometry":{"type":"LineString","coordinates":[[99.79443574626393,11.805859907115268],[99.79420791580843,11.806397053172349]]}},{"type":"Feature","properties":{"NAME":"SOUTHERN RAILWAY"},"geometry":{"type":"LineString","coordinates":[[99.79420791580843,11.806397053172349],[99.79406833994545,11.806743645992565],[99.79271156116616,11.810547684172528]]}},{"type":"Feature","properties":{"NAME":"NORTH EASTERN RAILWAY"},"geometry":{"type":"LineString","coordinates":[[102.09891589378418,14.967465176211652],[102.10366447861531,14.967660937799284],[102.10471252476785,14.96773985226972],[102.10538760995509,14.967773652944135],[102.10569025196621,14.967798193926999],[102.1062183679506,14.967866264465377],[102.12600241118066,14.970638304334464],[102.12993667752288,14.971211444001117],[102.1455841300454,14.97342565166319],[102.15369185951901,14.974539151457588],[102.15458585353875,14.974670125950242],[102.15533991934619,14.974810191940774],[102.15580987506749,14.974932684298336],[102.15772407961136,14.975504620069467],[102.15963054419308,14.976051551942737],[102.16704289616636,14.978252812625318],[102.1907940746744,14.98524584557057],[102.19257751700135,14.985760002823092],[102.19510728047779,14.98651968554377],[102.22538022060817,14.995423758665105],[102.22846116970312,14.996345161797587],[102.23739221309421,14.998960666601398],[102.24701003674986,15.0018000667614],[102.24774031101136,15.00198553002873],[102.24810011550592,15.002052061452408],[102.24844014813846,15.002109316076467],[102.24908990141327,15.002171705030301],[102.24963575306735,15.00218779729465],[102.25740549126401,15.002100538716704],[102.26275269666668,15.00206214119773],[102.26294913125969,15.002049764225134],[102.2661827785848,15.002012915869459],[102.28853838134668,15.00178159017323],[102.28939877632381,15.001797809157447],[102.29023576937327,15.001890818951287],[102.29116736759974,15.002063644865862],[102.2950821385623,15.002857368688392],[102.34179213225869,15.012184191312677],[102.3476541533244,15.013335233641776],[102.35087410091032,15.013999590264836],[102.35854587606009,15.015524938993119],[102.35930457539693,15.015637933249067],[102.35978212829063,15.015688188896116],[102.36038194082495,15.015698437934216],[102.36146234205835,15.015639456530467],[102.38734998797091,15.014079941240176],[102.40429159932134,15.01313894203438],[102.41149497103572,15.012715669073122],[102.41381316169168,15.012613975325715],[102.4176577184042,15.012379460594396],[102.41888938257435,15.012255853924312],[102.42004178192194,15.012095201500012],[102.43343995389482,15.00997771849665],[102.44453429604086,15.008262211093156],[102.45616220591779,15.006433004176841],[102.46455009563182,15.005144616873672],[102.46685874150695,15.00477027015397],[102.47127064611401,15.00408678257056],[102.47181999547352,15.004021068423254],[102.47284584091814,15.003943308051381],[102.49191964223425,15.003722883887296],[102.4966163440631,15.003641160341676],[102.50710665920914,15.003546506976182],[102.51074207999918,15.00348085613472],[102.51149875139791,15.003473942248036],[102.51240819343661,15.003493339667807],[102.52109458750994,15.003382895471605],[102.52356123924119,15.003368573903373],[102.5247303427137,15.003340899580023],[102.52700055475036,15.003334354707228],[102.53968131219942,15.003185098693134],[102.545227896916,15.003103486669236],[102.54841549135702,15.003081221840024],[102.56300714604524,15.002912781788295],[102.56815927017827,15.002832001947729],[102.57138981244852,15.00281114420793],[102.58009793854082,15.002710044580418],[102.59282183993558,15.002539231941896],[102.59413492052006,15.002458777993878],[102.59535530339076,15.002343958200202],[102.61391016182854,15.00084988952533],[102.62887597824998,14.999626536555617],[102.62961864099326,14.999596774401883],[102.64255699148435,14.999443667920412],[102.64547734961967,14.999392091683248],[102.64807302844692,14.999375962880945],[102.65339037784757,14.999315290188406],[102.65778728724273,14.99924462167569],[102.67205770052092,14.99908870409539],[102.6887639774957,14.99888004963828],[102.69066088126077,14.998843104365571],[102.6983193676169,14.998761899530843],[102.7041817035485,14.998672656140434],[102.72525893748944,14.998414785108158],[102.72570991391382,14.998438226215958],[102.72641541177816,14.998500690798041],[102.7270201495792,14.998607996670048],[102.72776562926704,14.998780824427227],[102.73853146064734,15.001509371267963],[102.74297376199013,15.002608276406514],[102.744095931448,15.002910556125636],[102.75797212282531,15.006394882713852],[102.76404687769733,15.0079351045802],[102.76699142413973,15.008657339106911],[102.77418149013454,15.010462498968133],[102.7783632472083,15.011527936794433],[102.78721052280011,15.013736835051184],[102.80055262469689,15.017116129773857],[102.80457482523919,15.018122005829388],[102.81212327328551,15.020074018040132],[102.81328306240334,15.020344438247166],[102.81766915698786,15.021467320567456],[102.82654282326358,15.023704898974675],[102.83143140551685,15.024886838985196],[102.83213980673932,15.025109251613044],[102.83299432526162,15.025341540283337],[102.85043176056419,15.029738499397256],[102.85475629323926,15.030817046855281],[102.85525002801057,15.030951898410416],[102.85563229726168,15.031034940520811],[102.85620499443337,15.03112071566398],[102.8572319038438,15.031192782819762],[102.85858906260748,15.031187621756024],[102.89278278822233,15.030786377738126],[102.90998880582036,15.030571804199559],[102.91328929201194,15.030519691286013],[102.92028391672592,15.030451503546242],[102.9296013963693,15.030338128857661],[102.94924255131019,15.030078402616379],[102.97647200451551,15.029760525980928],[102.9773259786472,15.029716922785553],[102.97813450326981,15.02960726103591],[102.9835818662464,15.028518688150665],[102.98674316446237,15.027866404291517],[102.99017917853455,15.027194931838448],[102.99957003038435,15.02526800705271],[103.01184348210114,15.022783750188221],[103.01368368156558,15.02242182434663],[103.01648738859018,15.021837547936883],[103.01975193837748,15.021206891550037],[103.02325573025516,15.020500338759177],[103.02646540006545,15.01982760850855],[103.0294555996993,15.019239879962102],[103.03941804804442,15.01720582732226],[103.05991526138483,15.013059476007157],[103.06979851117593,15.011039946873154],[103.08364487512489,15.008237573164475],[103.08720201634272,15.007529164068943],[103.10398757900161,15.004114238123705]]}},{"type":"Feature","properties":{"NAME":"NORTH EASTERN RAILWAY"},"geometry":{"type":"LineString","coordinates":[[103.10398757900161,15.004114238123705],[103.1190956974901,15.001049824012789],[103.12047492639877,15.000752752600569],[103.12100265909714,15.000614288980154],[103.12161786591689,15.000426519080275],[103.12228631780108,15.000199594400494],[103.12302731301476,14.999914062106127],[103.13140845135545,14.996492078352267],[103.13481972641378,14.995122141565128],[103.15730176437425,14.986000902901207],[103.16023025153105,14.984825642230293],[103.16329938624746,14.983561855679422],[103.17223987917102,14.979947030691678],[103.17673628341804,14.978103240501241],[103.17977184806885,14.976892393168093],[103.19092282615266,14.97235335134333],[103.19198029986562,14.971942493628383],[103.19233572202974,14.971787979604134],[103.19486421219143,14.97077245986933],[103.20817704842348,14.965348055856678],[103.22667206120553,14.957846176189834],[103.23671004233243,14.953755461781528],[103.23791813091516,14.953274873497893],[103.25846891079136,14.9449153390321],[103.26646185035943,14.941681552559494],[103.28212313395515,14.935290994771316],[103.2837790276543,14.934633515908198],[103.28587262142554,14.933770922539448],[103.30019419539028,14.92795935259931],[103.3041012660478,14.926358495747143],[103.30741847039883,14.925025253855342],[103.32023485125448,14.919795881856478],[103.32528614257606,14.917755507698981],[103.33621533758642,14.913306838084385],[103.33708003093894,14.912986184931913],[103.337701717797,14.91278349425098],[103.3383482945821,14.912598228085821],[103.3393863766679,14.912357798606816],[103.3401870885212,14.912211342899166],[103.3545300447918,14.910077290169447],[103.35741038552514,14.909628671126239],[103.36037092768088,14.909202369251169],[103.36139799965444,14.909027663743519],[103.36318366435769,14.908749006750794],[103.36462098845446,14.908536645596458],[103.36756981244024,14.908140290934401],[103.37175895085457,14.9074994707028],[103.3742849654449,14.907129019133883],[103.37671873565617,14.906748375687162],[103.38018037542207,14.906234687393441],[103.38117156541195,14.906108311798958],[103.40164623306448,14.903024754460313],[103.4070587724403,14.902234522093154],[103.42082419138869,14.90017333451331],[103.42314215183777,14.899842193834],[103.42684764723292,14.89927540972879],[103.43537845111125,14.898018549582336],[103.4366323086378,14.897845117522788],[103.43907180833254,14.89746374740585],[103.44469754696742,14.896626773367789],[103.44548099988164,14.896545948773728],[103.4460757201637,14.896534388630789],[103.44709507180576,14.896592099176125],[103.44885997776392,14.896814258371853],[103.45360606167074,14.897348186414796],[103.45426957615324,14.897400880176802],[103.45491369405852,14.897406229398975],[103.45556935588507,14.89737556165427],[103.45585089316587,14.89734621644782],[103.45709243488298,14.89717291631479],[103.46481447869927,14.895984439451697],[103.47037259373643,14.895154167228633],[103.48563294517666,14.892821517130818],[103.49190602681652,14.89188130111387],[103.49505560506041,14.891449657955437],[103.49683316048173,14.891104574729933],[103.49913881998017,14.890792030451458],[103.49958472786221,14.890764184783906],[103.50017815543164,14.890752512919239],[103.51154875399867,14.890638318473211],[103.51724344066565,14.89056412133041],[103.52463125849862,14.89051354789728],[103.54189202112171,14.890314680223302],[103.55652904076558,14.890181068523672],[103.5740150177805,14.889994357380731],[103.57775298451115,14.889976853084718],[103.58047932483946,14.889912738080815],[103.59846019388553,14.88972378865302],[103.60121216905857,14.889716170149764],[103.60789158177273,14.889610355391671],[103.61449316766289,14.889539316603159],[103.61787263718882,14.889514074167671],[103.64192830621167,14.889255125175652],[103.64254567841088,14.88926403359352],[103.64315317359959,14.889326721969294],[103.6442385167574,14.889572652122801],[103.6452818672436,14.88991588275334],[103.64579344616317,14.890130563621549],[103.64986131274071,14.89171992212931],[103.65518629287652,14.893851648872257],[103.66015372644655,14.895754734078464],[103.66412514580838,14.897329053364084],[103.6708405967917,14.899929042671952],[103.67768462797231,14.902627536048232],[103.68197391461351,14.90429523935063],[103.68472514300132,14.90538852849624],[103.68777254509374,14.906566351510044],[103.7008642300972,14.911723333349716],[103.72153988423256,14.919822734128608],[103.7245149035138,14.921012064180895],[103.72752156589308,14.922160057388158],[103.73611794748373,14.92555379087911],[103.73827240362183,14.926380598258731],[103.74134128344497,14.92760835979067],[103.74362220749997,14.928482137894232],[103.75281839122434,14.932101972842284],[103.75801755995869,14.934102371671365],[103.76117035365313,14.935337061084024],[103.76474544174121,14.936766091662372],[103.77936172954769,14.942470351094729],[103.78802513635364,14.945900886861747],[103.78999702976404,14.946649663287529],[103.79569455082071,14.948900420010283],[103.80262351149622,14.951594648445612],[103.81141819908433,14.955057458329025],[103.82029191248394,14.958513706382591],[103.8371928675201,14.965140269139798],[103.83792981702146,14.965485816057535],[103.8441835636386,14.968892668024246],[103.84576801777648,14.969748396897481],[103.84648701961984,14.970121386533464],[103.8507712486472,14.972477258304854],[103.85142073374993,14.972856231711607],[103.85447308073554,14.974542967672136],[103.85632920023856,14.975496650123413],[103.86006722111573,14.97751629830781],[103.86897344565546,14.98235096234997],[103.87077951850709,14.983346205117082],[103.87692065619754,14.98666395453328],[103.88697069374211,14.992136835805624],[103.89090179187062,14.994250996808855],[103.90171924897315,15.00014894045439],[103.90703363966776,15.003027450274391],[103.90810637007448,15.00362729743423],[103.91537249330196,15.007551398101832],[103.93574877402442,15.018630477290069],[103.93685445916637,15.019242972397166],[103.93775232875238,15.019706498813989],[103.94122356009146,15.021179393227333],[103.94366820568727,15.022245741005742],[103.94631880398015,15.02337978416708],[103.95494544930179,15.02703327610955],[103.9673403655836,15.032328326499549],[103.98195018764098,15.038535648844984],[103.98450042985375,15.039638333051258],[103.98685675608684,15.040630808100554],[103.99287511159486,15.043212747306496],[103.99647665626236,15.04473198848746],[104.010412934147,15.050686285841467],[104.02733787574708,15.057882035497462],[104.03450565283883,15.060952024415544],[104.0417620283822,15.06402689239226],[104.04382193388571,15.064917927472528],[104.04558003657195,15.065651172060361],[104.05114959211797,15.068040908009602],[104.05836482372654,15.071073095409243],[104.06954481384014,15.07584707649081],[104.07414731405314,15.077792877580693],[104.0770030807654,15.079023267799426],[104.07927439715918,15.079973508742684],[104.09112365452746,15.085002869587646],[104.09853087876765,15.088179306744989],[104.10870747774466,15.092494286627174],[104.11045168150076,15.093248664815404],[104.13195183352985,15.102390533690297],[104.13741067341508,15.104708559934402],[104.13955191102933,15.105589472308374],[104.14180171882286,15.106546562617119],[104.1436801475762,15.107365493747619],[104.15785203343633,15.113374370405445],[104.16253808837207,15.115376746166005],[104.16442321398236,15.116163123973879],[104.17138535295925,15.119132156171126],[104.17353807989697,15.120023133866505],[104.18507902686102,15.124953169516731],[104.18745919037278,15.125960315025615],[104.188699774517,15.126421578461066],[104.18963461295453,15.126721847363969],[104.19093332722532,15.127102366335313],[104.19200311097026,15.127350326988166],[104.19300643521963,15.127549093157207],[104.19418251144423,15.127734223621301],[104.19587389640766,15.127915715405994],[104.19728647947694,15.127984454483128],[104.19778336865748,15.12798491401511],[104.1990405008215,15.127967836111885],[104.20014916979423,15.127900543006417],[104.22622456593201,15.12585537593367],[104.23463601553777,15.125177537296624],[104.25598339781664,15.123500985090644],[104.25952147858354,15.12320992193048],[104.2731679031259,15.122134410988318],[104.27346202440748,15.122122753221737],[104.28505637840136,15.121198221298258],[104.28867982975716,15.120895897033737],[104.29457490897875,15.120441357414894],[104.30671139824166,15.119477268244044],[104.30718511325422,15.119427987662698],[104.3079945878309,15.119305978030063],[104.30837714746676,15.11922071090581],[104.31034135932534,15.118655870608638],[104.3142530900754,15.117488411798238],[104.3151773714496,15.117249283291965],[104.3159124880613,15.1171366207157],[104.31673494277011,15.117063843738093],[104.32291844194478,15.116651055926898],[104.32877197485622,15.116230627668703],[104.33149607270855,15.116078543455563],[104.33517144581978,15.115827665430528],[104.33617029366535,15.11574682873199],[104.33673718115298,15.115657156339028],[104.34347178352016,15.114224147164439],[104.37648102313187,15.107129491051309],[104.37738321063148,15.106955463812783],[104.37785656177188,15.106894619220029],[104.37833840388596,15.106860260328991],[104.37923688922416,15.106850276430093],[104.39392402294985,15.10690758644184],[104.40280132874578,15.106912487826484],[104.41585510643053,15.106957876623852],[104.41911211428507,15.10694829750228],[104.424532404982,15.106978166172484],[104.44559105709064,15.107016009428417],[104.45098357921472,15.107042084864139],[104.45812946392505,15.107040848638189],[104.460633575672,15.107060309921325],[104.47489249310784,15.107073884571363],[104.48789090970554,15.107124461178001],[104.50035929380434,15.107133312490976],[104.52274883711583,15.107189737482495],[104.55878009840005,15.107231400482034],[104.56403816233319,15.107256216291097],[104.57436807173254,15.107259772538809],[104.58960095653539,15.107295850139579],[104.60727282949499,15.107306161852417],[104.60967245305905,15.107318332310324],[104.63486710493086,15.10734035613278],[104.63835369972392,15.107360956233038],[104.64107793099585,15.107350308175628],[104.64291192210999,15.107365479770385],[104.64433497757337,15.107358597921618],[104.64563698932136,15.107387058633442],[104.64717381122072,15.107488657883257],[104.649776315843,15.107628178539564],[104.65066521783777,15.107692106987606],[104.65242010582053,15.107791782542815],[104.65442249783437,15.107885238499208],[104.65655551348561,15.10802569772269],[104.65875435008172,15.108139316631798],[104.65972093072101,15.108204853041602],[104.6650704795075,15.108501480625353],[104.67190147670753,15.108904384662],[104.67424094771765,15.10902509270095],[104.68137546302748,15.109445186676224],[104.68369994403037,15.109558997739809],[104.68769892035941,15.109791213531315],[104.68820152576671,15.109851989199678],[104.69134255722103,15.109985107767901],[104.69203651597124,15.110033835382067],[104.6926312601795,15.110113844242637],[104.6932387110207,15.110238240757905],[104.69420046914257,15.110487834991554],[104.69499503930692,15.110724887437573],[104.70941472982241,15.114839696043653],[104.71577296813986,15.11664117426305],[104.71652837216055,15.116869725081003],[104.72650169436601,15.119695683296701],[104.7348431714769,15.122082509644066],[104.73552111944782,15.12234724487245],[104.73606917721,15.122596241092518],[104.73831218595336,15.123872883765138],[104.74487944678852,15.12766484757075],[104.74961322786477,15.130379198820027],[104.75047545171581,15.130928785627315],[104.75903838612226,15.136475431980726],[104.76677968736077,15.141473945207848],[104.76976903946628,15.143388343818359],[104.7728541289299,15.145395497614114],[104.7807507526805,15.150494087540778],[104.7910830318074,15.157139495921912],[104.79145293930026,15.157396690195494],[104.79294588297645,15.158372762655665],[104.79940061958945,15.16254066009546],[104.7997496493054,15.162750758116315],[104.8027853198432,15.164725221855761],[104.80851134930732,15.16841621727792],[104.81126665357279,15.170178678016615],[104.81338393504288,15.17156229685669],[104.82016869898757,15.175935106350597],[104.82056345063774,15.17620111568249],[104.84543312994627,15.192229181439522],[104.84773540746254,15.193726561354737],[104.84998209575652,15.195163441305226],[104.85091633233951,15.195782032204134],[104.85349761282032,15.1974339759224],[104.85530596965195,15.198625049860304],[104.85642737841033,15.199272046577663],[104.86053742077145,15.20193170002507],[104.86103712955823,15.202263318109894],[104.8614875971484,15.202592683078167],[104.86246162440595,15.203229203447153]]}},{"type":"Feature","properties":{"NAME":"NORTH EASTERN RAILWAY"},"geometry":{"type":"LineString","coordinates":[[102.08285487621018,14.973232715603471],[102.08324552034345,14.973313608866253],[102.08361340874588,14.973362372352666],[102.08384572830334,14.973368124023338],[102.0841840466933,14.973352597906207],[102.08438303390328,14.973334129738056],[102.08461767460932,14.973289363460875],[102.08487960399331,14.973229377124902],[102.08518377994912,14.97313318241342],[102.0869967876662,14.97243139770895],[102.08734471056542,14.972272582184013],[102.08910092288767,14.971345697537384],[102.09556892810686,14.967892860070402],[102.09583991040843,14.967767330178798],[102.09605991200026,14.967685507371517],[102.09668036418456,14.967508646689595],[102.09733890981018,14.967417277856107],[102.09778850449122,14.967407581542258],[102.09891589378418,14.967465176211652]]}},{"type":"Feature","properties":{"NAME":"NORTH EASTERN RAILWAY"},"geometry":{"type":"LineString","coordinates":[[102.07455710354624,14.97087045502114],[102.07761935626728,14.97179256751523],[102.08046045244228,14.972610251184598],[102.08164846021408,14.972984968780276]]}},{"type":"Feature","properties":{"NAME":"NORTH EASTERN RAILWAY"},"geometry":{"type":"LineString","coordinates":[[102.08285487621018,14.973232715603471],[102.08202116631985,14.973075279384068],[102.08164846021408,14.972984968780276]]}},{"type":"Feature","properties":{"NAME":"NORTH EASTERN RAILWAY"},"geometry":{"type":"LineString","coordinates":[[102.07513914734136,14.970291181347635],[102.07537201368346,14.970348641920289],[102.07558783112715,14.970423179346568],[102.07820813142054,14.971522493624812],[102.07932477001049,14.97186094358016],[102.07947454175869,14.9719195410693]]}},{"type":"Feature","properties":{"NAME":"NORTH EASTERN RAILWAY"},"geometry":{"type":"LineString","coordinates":[[102.07513914734136,14.970291181347635],[102.07479451002271,14.97023840861563],[102.07446659207882,14.970156191769297],[102.07278895547304,14.969680697509306]]}},{"type":"Feature","properties":{"NAME":"NORTH EASTERN RAILWAY"},"geometry":{"type":"LineString","coordinates":[[102.07455710354624,14.97087045502114],[102.07483846381768,14.970920141837379],[102.07569136047876,14.971133568058002],[102.07783328997293,14.971732478867457],[102.08117475994158,14.972703232055732],[102.08167016146298,14.972829092900271]]}},{"type":"Feature","properties":{"NAME":"NORTH EASTERN RAILWAY"},"geometry":{"type":"LineString","coordinates":[[101.00691645211099,14.588197332136026],[101.00845738510084,14.58913812298549],[101.0100121668641,14.589970275998281],[101.01023776989368,14.590075914959662],[101.01066651908273,14.590247965857538],[101.01120568354429,14.590411884163444],[101.0119585783868,14.590591892468984],[101.01654615895328,14.591608153511828],[101.01950844129318,14.592245317319579],[101.02001776059443,14.592365703235266],[101.02046967648899,14.592490915190883],[101.02087308269765,14.592629445039355],[101.02133438536822,14.592814814629246],[101.02175611264266,14.593022030397437],[101.02212492355238,14.593242639630676],[101.02259638157021,14.593574234498336],[101.02389630799013,14.594613067744357],[101.02440348916964,14.594983082888062],[101.0248078659844,14.595224883889717],[101.02525634597617,14.595457696726003],[101.02566015368055,14.595639261315911],[101.02628524009192,14.595853308023436],[101.0269142421904,14.596011391544657],[101.0320332121998,14.597128865251724],[101.04123099183573,14.599174590342695],[101.04178016708634,14.599303201017197],[101.04230299244327,14.599449251873839],[101.04266654759726,14.599575171888851],[101.04353178392248,14.599950629452112],[101.04411783634498,14.600242435450957],[101.04936456915567,14.602731247248588],[101.0621973330374,14.60877659145619],[101.06405893141498,14.609671770321247],[101.0692453231812,14.61212544961737],[101.0732367235413,14.613990725897027],[101.08114269114296,14.617761189599237],[101.08208587446613,14.618186700972261],[101.08374388401889,14.619036181780931],[101.08603377351497,14.620105917026496],[101.0873603949176,14.620692454820514],[101.08817346329948,14.621145642566585],[101.08847645698842,14.621405456169082],[101.08880677517085,14.621751078312409],[101.0889679930238,14.62197341014355],[101.08917904502175,14.622324412969183],[101.08934601645328,14.622688710068061],[101.08946900727678,14.623074923947934],[101.08997017084621,14.625127506097732],[101.09015628622494,14.625646563885368],[101.09036758956665,14.626023379142879],[101.09070814039957,14.626515234588554],[101.09122126486646,14.627343925142522],[101.09185470330515,14.628276815422335],[101.09211959686792,14.62872456208849],[101.09237101600824,14.629306525134034],[101.09318992013165,14.631645620226337],[101.09344608559155,14.63220836641165],[101.09360526383955,14.632398492138408],[101.09387331822198,14.632659443096871],[101.09406137552332,14.632782261806055],[101.09434288047409,14.632904238872722],[101.09462887924273,14.632983075116245],[101.09510121013375,14.633002772189972],[101.09578964019715,14.63299178263136],[101.096989056817,14.632928296595727],[101.09747118667052,14.632943125858622],[101.09771752767277,14.63298878209703],[101.098132348977,14.63316701514951],[101.09839963533977,14.633346577135592],[101.09862110105018,14.63358645540082],[101.0987188104219,14.633717986435272],[101.09888724703454,14.63399977782209],[101.09896686335196,14.634239343121335],[101.09935071707004,14.635871211118758],[101.09939763329412,14.636157688670004],[101.09940357178253,14.63639432801912],[101.09938303816368,14.636559476884385],[101.09934052245616,14.636735575254953],[101.09922591109331,14.637077306483786],[101.09908083332255,14.637315307757921],[101.09894599830288,14.637467145134904],[101.09869757725075,14.63768098372922],[101.09575859132086,14.639651202246519],[101.09556498606075,14.639821499662139],[101.095353883705,14.640088778297793],[101.09518367521305,14.640395143409785],[101.09510852103595,14.6406253522218],[101.09507663529578,14.64075832779236],[101.09506337031219,14.640912659057053],[101.09507058043859,14.6412855489666],[101.09556473645254,14.64483507283623],[101.0956446956619,14.645110501526835],[101.09571641437614,14.645292751742558],[101.09582124464748,14.64547111264898],[101.09597407316365,14.645659812202476],[101.09608936807025,14.64577712048566],[101.09620824704791,14.64588364423396],[101.09638616675497,14.64600038714288],[101.09673746719254,14.646144252685424],[101.09698103258624,14.646192264207501],[101.09722795964898,14.646207970600232],[101.0974745300295,14.64618422523685],[101.09773193843341,14.646138877574215],[101.09792646768727,14.646065394151986],[101.09806581473386,14.645999587499547],[101.09883155330583,14.645569501601436],[101.10026387293806,14.644738920942492],[101.10076921082351,14.64442593685824],[101.10119002474177,14.644135236634213],[101.10160682732965,14.64380870836413],[101.10290757572488,14.642703154499324],[101.10327688857042,14.642420097677055],[101.10344167985413,14.642318193756743],[101.10372765125048,14.642179330600198],[101.10395177007118,14.642119916561695],[101.10417995299842,14.642099921043457],[101.10440468749164,14.642105068870578],[101.10462966138259,14.642135309519903],[101.1048623514751,14.642201343731765],[101.10507688044629,14.642296226348785],[101.1053733391544,14.64248361962552],[101.10672029550099,14.643518610776944],[101.10696447518835,14.643631155131887],[101.10790950917522,14.643977633391456],[101.10813144923843,14.644076035709263],[101.10860057098114,14.644344341495778],[101.10877905456341,14.644519641352145],[101.10897359385326,14.644833460328485],[101.1091240365735,14.645157247189573],[101.10979220314717,14.646724344794999],[101.10990308891846,14.647019805286028],[101.11004315977145,14.647286297706534],[101.11018481310909,14.647720143590819],[101.11025636872178,14.648011167796987],[101.11038617650347,14.648746360738695],[101.11050728376418,14.649084754313902],[101.11090271904241,14.64986058156301],[101.11129582552665,14.650908966219314],[101.11144160298365,14.651256702399976],[101.1117057692652,14.651660731901838],[101.11196342949341,14.65189747039966],[101.1122799187368,14.652124124834293],[101.11274342583516,14.652315967042897],[101.11305340899308,14.652375292754884],[101.1132844066626,14.652392329409228],[101.11359862478955,14.652379906279954],[101.11379968440687,14.65234939457396],[101.11409360804647,14.652270218549258],[101.11436752983926,14.652152973335173],[101.11568663697749,14.65142851646355],[101.11615588550428,14.651194718641491],[101.11743414207392,14.650819683379082],[101.11776182813992,14.650678034714486],[101.11803061205526,14.650536922970861],[101.11841613242687,14.650279992205821],[101.11865960561013,14.650062587461925],[101.1188637929012,14.649845559400044],[101.11949039261826,14.649122618148416],[101.11978237836324,14.648842628461765],[101.1199871599854,14.648687736218681],[101.12022664687034,14.64856602419338],[101.12054012212751,14.648477096195412],[101.12074117644899,14.648446579079614],[101.12095226000983,14.648435086144522],[101.12116350904947,14.648442728089831],[101.12163133807374,14.64857233242676],[101.12211507439278,14.64882613132409],[101.12241674549611,14.649043339955288],[101.1234151014441,14.649694072003362],[101.12368704006224,14.649882865166017],[101.12384065994682,14.650024900680613],[101.12396990953512,14.650186294268543],[101.12416487005123,14.650543138234577],[101.12423570783406,14.650757658509281],[101.1242880446722,14.651091895542944],[101.12426597685614,14.651350308491848],[101.12420568283402,14.651719032979042],[101.1240457617585,14.652452084646617],[101.1239572318798,14.652950163240197],[101.12396133242858,14.653375685675954],[101.12401284157009,14.653623859183348],[101.12410340570068,14.653847766516611],[101.12422329276347,14.65405706389393],[101.12437238220666,14.654237410354238],[101.12454092037954,14.654398444253072],[101.12480805439122,14.65459682837922],[101.1255145946659,14.655035046716648],[101.126301067862,14.655611213870667],[101.1271428077112,14.65631596901242],[101.12738108507645,14.656576774230171],[101.12752539485406,14.656771503812607],[101.12769532306926,14.657075960011086],[101.12785574799555,14.65741399864486],[101.128963191653,14.660201061782326],[101.12919331390593,14.66063407958254],[101.12936250781304,14.660862056998106],[101.12952631807406,14.661042245106316],[101.12997202383201,14.661420693233786],[101.13032274254338,14.661627870509143],[101.13057918430373,14.661735481659667],[101.13168246671376,14.662055302707275],[101.1321112072578,14.662204375450703],[101.13270868390563,14.662533606476506],[101.13305501183824,14.66279341245327],[101.1334721732073,14.663267733467944],[101.13516679506948,14.665815078560128],[101.13540086556733,14.666147640044462],[101.13553013386196,14.666309024576808],[101.13590204890929,14.666673794857687],[101.13627747664212,14.666895076036274],[101.13649459328514,14.666998265542148],[101.13674103153211,14.667086843254612],[101.13771572498818,14.667312177814775],[101.13872525085641,14.667585004772237],[101.13895228776765,14.667697668595036],[101.13914015737429,14.667825033781439],[101.14000747106228,14.66862513161936],[101.14030897331875,14.668818384490931],[101.14060476247775,14.668930431043089],[101.14094913786901,14.66898941758728],[101.14155377443493,14.66904121177493],[101.14324879479315,14.669092533093632],[101.1436464168858,14.669069729734888],[101.1439455004394,14.66901437689399],[101.14420509146017,14.668940252818578],[101.14574765551788,14.668466979145702],[101.14608540206147,14.668349105769579],[101.14709165451885,14.667780366172732],[101.14725798068943,14.667711894470626],[101.14746373556494,14.667657400013573],[101.14779722849264,14.667606499074244],[101.14814124756985,14.667627227424564],[101.14990770846121,14.667955145317602],[101.15010438293211,14.667977234169792],[101.15050697004372,14.667959166075518],[101.15073732787317,14.667909215611099],[101.15093306825372,14.667835694525396],[101.15188603215009,14.667343931722693],[101.15222377155966,14.66722605009316],[101.15257194570262,14.66717023193769],[101.15291082575811,14.667167091892866],[101.15524042808372,14.667322405066226],[101.1575844046991,14.667439309392773],[101.15841418545716,14.667412467426347],[101.15890970063383,14.667355270996676],[101.16003196210481,14.667100993519709],[101.16910111339506,14.664855278710705],[101.16937574629426,14.664814464458846],[101.16981746672798,14.664781638705009],[101.17048058467789,14.664789787093307],[101.17078040579412,14.66481089499037],[101.17192160753594,14.664986708678903],[101.1722558395816,14.665012285545288],[101.17271747650038,14.66500796934803],[101.17320814999185,14.664960337799853],[101.17372295414253,14.664869453818307],[101.17417353671617,14.664740920314806],[101.17454064119167,14.664613166333256],[101.17503924972574,14.664374222773164],[101.17539586532789,14.664179614292037],[101.19272339778259,14.653325568591212],[101.19325548213513,14.653000190125445],[101.19397870219063,14.65263475747332],[101.1943454189081,14.65247352334846],[101.19474667762027,14.652326285153489],[101.19506492170865,14.652227646767436],[101.19556952189889,14.65210335912692],[101.19901479845099,14.651377495034744],[101.20421921655537,14.650261985937197],[101.205699066103,14.649932390957185],[101.205978063498,14.649838904274882],[101.20624209319017,14.649721632050873],[101.20654476444318,14.649541853206712],[101.20697821438247,14.649179133185383],[101.20714818094434,14.64898627157969],[101.20728862299535,14.648788897589007],[101.20739974998148,14.648606161156852],[101.2075104282464,14.648380386904021],[101.2076676481274,14.647895971924836],[101.20770948890826,14.647661302145051],[101.20773527884396,14.647292883251007],[101.20758990941395,14.644544983837031],[101.20759074407373,14.644138570191277],[101.20761175725822,14.64378453789753],[101.20773311199522,14.643152256778416],[101.20799143771029,14.642466066955103],[101.20823721598448,14.641999945524073],[101.20872183547708,14.641354649657606],[101.2089696404989,14.641089323173997],[101.20940244871156,14.640664449420347],[101.20967440471895,14.640360644453395],[101.20999885456337,14.63990332276879],[101.21035641842717,14.639321388898388],[101.21106801398997,14.63780372229274],[101.21117894164816,14.637601853139877],[101.21126608370957,14.637476708942458],[101.21141165771239,14.637303193168751],[101.21157221879727,14.637153462099558],[101.21171846411283,14.637046871908765],[101.21187964763577,14.636959274372904],[101.2120557508054,14.636890667827394],[101.2122418508509,14.636841082758346],[101.21248207500796,14.636800549974065],[101.21265392721396,14.636798916388301],[101.21283579592404,14.636816303149502],[101.21301295355963,14.636852886395877],[101.21329870403086,14.636945784906446],[101.21350608493456,14.637058561195348],[101.21374361316498,14.637238001532207],[101.2138229902572,14.637318519854707],[101.213982224565,14.63752738802626],[101.21443140621678,14.638245100427165],[101.21482165909288,14.63896337325995],[101.21502728794378,14.639391728487729],[101.21513376470082,14.639725412734693],[101.21521121653596,14.640102396077367],[101.21525976996344,14.640537039400181],[101.21524960268728,14.64099135645148],[101.21486547817827,14.644796189178482],[101.21484639825862,14.645341431125573],[101.21486297105648,14.645522972450406],[101.21490965376036,14.645771159923662],[101.21502639129827,14.646147768877592],[101.21526626529129,14.646561455391314],[101.21541044478894,14.646736988870693],[101.21567825901057,14.646997429217258],[101.21585141593835,14.647124869179308],[101.21606868143753,14.647242322810184],[101.21649285932237,14.647424754582117],[101.2167733862051,14.647484238746094],[101.21707325590684,14.647514855695118],[101.21743162692373,14.64750187275968],[101.21772577568056,14.647451252268235],[101.21809325040253,14.647366475348871],[101.21908246782623,14.647089275305113],[101.21954791589933,14.646979653493],[101.21983718943362,14.646933869451283],[101.2201022652851,14.646921772835361],[101.22042654327362,14.646937792341825],[101.22065277003743,14.64696910855473],[101.22094324689807,14.647042833833257],[101.2215351056244,14.64729537985513],[101.2239682682735,14.64849135127128],[101.22437786913956,14.648688248007343],[101.22464910391483,14.648800420344847],[101.2249053975,14.648893582664982],[101.22542746194702,14.649041603582374],[101.22593902645663,14.649122755202939],[101.22629778393465,14.649148022708474],[101.2267202330074,14.649158319738858],[101.22711788654124,14.649144945477238],[101.22755458098975,14.649107287776381],[101.22878988875209,14.64888509241867],[101.22969697809415,14.648742516637784],[101.23276093526684,14.648211092683397],[101.23535935591234,14.647779716978174],[101.23580070506151,14.647718110705135],[101.23660461373852,14.647571708493093],[101.23772799244979,14.647450949634505],[101.23883739771529,14.647406799620693],[101.23982458691611,14.647416429197165],[101.25125250147535,14.647927651687045],[101.26250333210105,14.648411363321237],[101.26957826274952,14.648734483798028],[101.27099307652077,14.648782828904467],[101.27300759680035,14.64888746139257],[101.27518384878857,14.648961811662856],[101.27568509669878,14.64899515658549],[101.27633400889687,14.64906052804926],[101.27700770248362,14.649149544192094],[101.27762258271008,14.649248719757065],[101.27867086228166,14.64946793990146],[101.28031927842233,14.64978646759787],[101.28350258382211,14.650367219024359],[101.30174334954945,14.653854476099283],[101.30240775128972,14.653991339749485],[101.31394644715414,14.656162129571328],[101.31503991077335,14.656471560610633],[101.31585845526403,14.656788518152172],[101.32177164162027,14.659167851078974],[101.32266406584085,14.659503176270498],[101.32297452729917,14.65960524783159],[101.32345224613167,14.659734346529293],[101.32781411732614,14.66075685748093],[101.3322009250479,14.661812503042288],[101.33282094963714,14.661930586624933],[101.33364210495425,14.662027534480208],[101.33455088954295,14.662051879005343],[101.33533604425651,14.661996177185431],[101.33594893555279,14.661903956996202],[101.3365662221993,14.661763879296872],[101.34085618643147,14.660635424095366],[101.3487891283551,14.658509138860795],[101.34913714301398,14.658448261507356],[101.3494363769449,14.658416556887136],[101.34978020248354,14.658422629243661],[101.35012918537656,14.65845257314837],[101.35041453934468,14.658502274019881],[101.35062138179357,14.658557561508896],[101.35106493088225,14.658706060115328],[101.3514695753388,14.658888424471678],[101.35181569792886,14.659109626360076],[101.35213760611195,14.659364545752982],[101.3524851593519,14.659719584432988],[101.35274950290366,14.660099389868645],[101.35313473750901,14.660764827642813],[101.3538109698318,14.66200578457586],[101.35398057833052,14.662252676137033],[101.35426890056816,14.662579649960323],[101.35441768455026,14.662716786854308],[101.35458586229466,14.66282982195096],[101.35628638679864,14.663873948234102],[101.35660301399975,14.664090666272536],[101.35679598445118,14.664227354018166],[101.35710422014748,14.664578009286998],[101.35733874438594,14.664924637020459],[101.35761557107755,14.665552898986054],[101.35767783044464,14.665863029067486],[101.35772207868432,14.666326325893957],[101.35773286803153,14.666876021167477],[101.35777988154159,14.667597465674882],[101.35781201945105,14.667845748387707],[101.35786382196198,14.66809860545186],[101.35794035082145,14.668365570450822],[101.35803109716197,14.66858455918782],[101.35814147497578,14.668803368438542],[101.35838654938998,14.669216813893193],[101.3585856965563,14.669468192590704],[101.35875454852095,14.669643368703658],[101.3590468693219,14.6698842165767],[101.35936350730631,14.67010092906311],[101.35981788412272,14.670340129511665],[101.3600397754,14.670423933709847],[101.36057666621471,14.670571480264964],[101.3626033230448,14.670880746986045],[101.36294788310487,14.670953734291748],[101.36853485875697,14.6726131516135],[101.37553169214962,14.674755233979065],[101.37631503506536,14.674986258421596],[101.37679767213373,14.67511039572734],[101.3772208075721,14.675182554943095],[101.37782046905777,14.675228999927514],[101.380197067366,14.67519510225481],[101.38729195291592,14.675045771589538],[101.3876112426518,14.675052036300118],[101.38824061859482,14.67512205401692],[101.38896432703372,14.67528672238522],[101.38950175895971,14.675481984854981],[101.39033134102293,14.675898936519957],[101.39441307329862,14.678213816366453],[101.39521404894924,14.678707533775592],[101.39570968168661,14.679123134577019],[101.39597285236322,14.679388134511058],[101.39624131121376,14.679686550636431],[101.39645544508988,14.679956848871525],[101.39677038328014,14.680465141812066],[101.39712072756996,14.681068691783837],[101.39916985324136,14.684776517610143],[101.4002574410936,14.686777974422622],[101.40450452672988,14.695650120734264],[101.40666545203361,14.700121614127381],[101.40719053388351,14.700976699924688],[101.4099104010517,14.704452712688578],[101.41192732808445,14.70697508877087],[101.41321612539411,14.708491494655402],[101.41624864707632,14.712241443740348],[101.41741415730358,14.713706519257823],[101.4292271140317,14.72834565547654],[101.43111499446916,14.730706591205246],[101.43481033263373,14.735252381048769],[101.43649905620175,14.737362000228396],[101.43829191731115,14.739556538297267],[101.43994099082518,14.741628278374291],[101.44031074464733,14.742188487391665],[101.44050608956256,14.742525847628238],[101.44068686245062,14.742877718649],[101.44178807320205,14.745156005682727],[101.44209019791737,14.745817317435636],[101.44509869933158,14.752048133726014],[101.44546377447244,14.75273624756113],[101.4458018725219,14.753317111854367],[101.44623266184306,14.753950761101306],[101.44685680907712,14.754740128424336],[101.44730454209105,14.755240917300782],[101.44773303226032,14.755666643201765],[101.44883407234896,14.7565979481597],[101.45243222102522,14.759410210969357],[101.45479927975168,14.761192112536158],[101.45594794368486,14.762094191523786],[101.45781086674491,14.763601758952406],[101.46054319536029,14.76574542660591],[101.47237152557896,14.774923152597347],[101.47553905683073,14.777402551417211],[101.47614573916543,14.777937436654351],[101.47656678918064,14.778348815853318],[101.4769024519116,14.778703754829627],[101.47750351225922,14.779392870070449],[101.47806108308602,14.780143394604965],[101.47830840401667,14.78050644010349],[101.47867999794106,14.781104786266635],[101.47882299957008,14.7813685634518],[101.47913180587162,14.781953243555671],[101.4795518438485,14.782923967260123],[101.47986010065384,14.783784714852409],[101.48005610931907,14.78449610210842],[101.48016473141038,14.784975365651356],[101.48028240013491,14.78560154444167],[101.48036244958871,14.78616000516934],[101.48052364636096,14.788022657662879],[101.48109124314529,14.79581113409237],[101.48124906272898,14.797698926451782],[101.48129490305544,14.798164524119068],[101.48146986535967,14.799292031130769],[101.48168404188633,14.800300797438648],[101.4820292399466,14.801491002604783],[101.4823943303024,14.802483802627561],[101.48258382658477,14.802944262042619],[101.48287130346314,14.803593712371129],[101.48510446328596,14.808434935220735],[101.48545918072993,14.809162526816086],[101.48565447529178,14.809483102732528],[101.48612321560078,14.810191515877063],[101.48654566290311,14.810717595305906],[101.48720944761652,14.811398809769424],[101.48759667159337,14.811745987968896],[101.48793884630132,14.812018368906877],[101.48854808349593,14.812442017292543],[101.48876700051625,14.812572306591353],[101.48929739209416,14.812867738321389],[101.48979394937577,14.813106180982304],[101.4906380154916,14.813437661156737],[101.49188856363818,14.81386512811799],[101.49555695742025,14.815277431611147],[101.49698615223153,14.815857101811748],[101.50041372483689,14.817153632317991],[101.50149438934626,14.817547030405526],[101.5021932820006,14.817750958230631],[101.50340503887044,14.81800667836708],[101.50405486120147,14.818110745521635],[101.50461941474649,14.818169153189675],[101.5048073867169,14.818170677532738],[101.50578481886188,14.81823892656242],[101.5136130709229,14.818276644391077],[101.5146698576119,14.818303341867118],[101.51520127496791,14.818364470903637],[101.51598408671902,14.818494543052209],[101.51640776850388,14.818590297155414],[101.51677252315228,14.818686695786356],[101.51723630302672,14.818848928030842],[101.51785350260597,14.819105095507526],[101.51889670920234,14.819657757531644],[101.51926803030042,14.819897500202565],[101.51976859188507,14.82026488991216],[101.52044315897145,14.820807242569733],[101.52099037033776,14.821384437282541],[101.522375418249,14.823023268399634],[101.52596861950802,14.827353072624595],[101.52651151130205,14.827978103899552],[101.52706786751455,14.828493052900596],[101.52739514635861,14.828747581943556],[101.52778145120189,14.829006253094427],[101.52842988589954,14.829410234393333],[101.52888956618742,14.829639421021874],[101.52979785787801,14.829992733104824],[101.53031091746959,14.830163957441583],[101.5351820902563,14.83196507460649],[101.53557249791615,14.83215197537678],[101.53596322201454,14.832367568072849],[101.53642389869837,14.83268275446577],[101.53675650966497,14.832970695404333],[101.53712439392737,14.833334709655276],[101.53745349395506,14.833742184559354],[101.53780853983758,14.834268887864548],[101.53801423818872,14.834629917895956],[101.53819562836607,14.835015118918768],[101.53844303355615,14.83558123112333],[101.5393485717576,14.837798856133094],[101.53953013510785,14.83819839147804],[101.53984109096692,14.838735122599576],[101.5401708008141,14.839195164739676],[101.54057438870649,14.839668726732],[101.541160637013,14.840211977566842],[101.54179041382952,14.840697391757876],[101.54363382963543,14.84200590420748],[101.54651404741938,14.844139455311657],[101.54928982385303,14.846164190650503],[101.54984605329527,14.846659940036247],[101.55040893147475,14.847303804198686],[101.55060790735075,14.847507156301205],[101.5511243106086,14.847960310851242],[101.55143244985732,14.848253268951135],[101.55159181840487,14.848433156281377],[101.55201623578073,14.849002071758784],[101.5523411361553,14.849466915791046],[101.55255172574512,14.849823099051218],[101.55270776263778,14.850136855434126],[101.55284469762424,14.850498630142907],[101.55293181705126,14.850803606550055],[101.5530509036258,14.851318541825894],[101.55310487597049,14.85172904368536],[101.55312332144926,14.852044329920039],[101.553112907395,14.852412533621022],[101.55306803315666,14.852776329066286],[101.55298888766082,14.853150070195298],[101.55284780717554,14.853691800262986],[101.5526278438307,14.8542105055171],[101.55241136399833,14.85460967592779],[101.55214096493502,14.855018991262247],[101.5508858801189,14.856533949628014],[101.55047446858744,14.857073892214881],[101.55031019904882,14.857314744676483],[101.5501464339417,14.857598587372333],[101.54995414408907,14.857964020464102],[101.5497677146133,14.85841066111061],[101.5496154087158,14.858833001961482],[101.54944697183217,14.859556693928575],[101.54938791364167,14.859968452495792],[101.54934387627571,14.860403946923116],[101.54934612076683,14.860595126286821],[101.54939827006241,14.861268562014212],[101.54949514472719,14.861984533785234],[101.54993724583338,14.8648955617404],[101.55003036291224,14.865291292230763],[101.55026094940492,14.866091803870942],[101.55056907817088,14.866800634684706],[101.55079538139124,14.867237896945705],[101.55092562333078,14.86744678228612],[101.55132506162357,14.86797773018751],[101.55187304487754,14.868602635370367],[101.55215636397547,14.868871942088733],[101.55299033130244,14.869574917450961],[101.55527803144685,14.871437649732128],[101.56108632433633,14.876334718744197],[101.56152782431623,14.876678743389933],[101.56183483591654,14.876871288445658],[101.56209704478918,14.87701654768956],[101.56266513663135,14.877258771233047],[101.56308433923543,14.877378372110602],[101.56371970220262,14.877490782132378],[101.56410331131217,14.87751039514047],[101.56450132154154,14.877501152699907],[101.56491864041605,14.877463035996888],[101.56539918715963,14.877366822833288],[101.56593293855416,14.877198324262253],[101.56634359571635,14.877012092113025],[101.56698815531351,14.87665592260226],[101.57198167117313,14.873741425886951],[101.58680976196457,14.865066048519493],[101.58962075481817,14.863399542149047],[101.59040727595226,14.863003476475905],[101.59084233704792,14.86280736741496],[101.59162493478478,14.862492594786922],[101.59212421729417,14.862324432630198],[101.59245728171531,14.862229853947436],[101.59373620816463,14.861914259098638],[101.59517714337622,14.861582470219517],[101.59791641946491,14.8609157460213],[101.61517573469042,14.856790551157603],[101.61549934525036,14.856729496263053],[101.61611760824228,14.856650765128993],[101.61680015204318,14.856604747477695],[101.61748813957365,14.856601677751158],[101.61788643929465,14.856621037893188],[101.61860499703793,14.856708450226881],[101.61944246102954,14.856875754313448],[101.61978763640005,14.856972194843635],[101.62051300448597,14.857217251501371],[101.62128866883616,14.857557338226677],[101.62547554943087,14.859574444357253],[101.62758610999047,14.86057321302753],[101.6332365572913,14.863314305012594],[101.64086916532786,14.866983635155435],[101.64626286462409,14.869603011428866],[101.64744417786979,14.870153408561428],[101.65333234613783,14.873005895314805],[101.66512345671816,14.878681497242098],[101.673276517084,14.882630294805542],[101.67406736530631,14.882993898804848],[101.6863639448849,14.888925220223808],[101.68730303678998,14.88934915137656],[101.68760415960402,14.889455558083267],[101.68836408725261,14.88969996507026],[101.68896534423179,14.88983153903691],[101.68947262547032,14.889916394947214],[101.69008791068589,14.889990418714195],[101.69773002726039,14.890737014396692],[101.70062883329355,14.89105178229176],[101.7043144796426,14.89140502490938],[101.71802972446163,14.892800882640483],[101.7341411821405,14.894406275467034],[101.74029286337152,14.895049688757123],[101.74367847511894,14.895381965244757],[101.74969234394305,14.89600765780198],[101.75307789853083,14.896335000174037],[101.75963311412526,14.897016048276862],[101.7626494612307,14.897295121279422],[101.76481389417458,14.897445855593526],[101.7691909436863,14.89767017310503],[101.78750524519926,14.898580672702833],[101.79300325798745,14.898838673388376],[101.80530801088905,14.899467293735627],[101.8109830793098,14.899737018912742],[101.81148485525064,14.899773863604297],[101.81434212424543,14.899915610466989],[101.83372325909086,14.90087135160257],[101.83717540495796,14.90102932225719],[101.85839079749653,14.9020797001436],[101.8591584668406,14.902156121702019],[101.86047312318624,14.902341623158279],[101.87134984562162,14.903979705013615],[101.87188154051283,14.904048295580933],[101.87953750513036,14.905181527775314],[101.887448613875,14.906372197225382],[101.8961202705467,14.90765332980613],[101.89845042808277,14.907978671084136],[101.90195540666997,14.908504141412262],[101.90396802450816,14.908786859413686],[101.90488423253154,14.908943689558024],[101.90624499684135,14.909266898503313],[101.90687783669065,14.909456006544115],[101.90800724234377,14.90984308706314],[101.93477328003496,14.920375679643294],[101.93549292136288,14.920710510286344],[101.93645777753206,14.921189153819443],[101.93727461681145,14.921623103676108],[101.93823938334543,14.922094562563114],[101.94283430636972,14.924415320185304],[101.94351322825695,14.924736330389367],[101.94559329340008,14.925630651855768],[101.95659303643453,14.930248314731726],[101.95826898423081,14.93096494421182],[101.96187960884905,14.932448572784178],[101.97207559001365,14.936742474363221],[101.98299065791211,14.941298844810854],[101.99443611936246,14.946062689640653],[102.0060408821686,14.950852438693374],[102.0068674887548,14.951178441114026],[102.00778243666402,14.95149611736578],[102.00898184064704,14.951856608637954],[102.02638234387565,14.956923517138392],[102.02700066389573,14.957116010142439],[102.0345072721686,14.959292024171463],[102.03720220844295,14.96009120622075],[102.0672582909763,14.968813689139601]]}},{"type":"Feature","properties":{"NAME":"NORTH EASTERN RAILWAY"},"geometry":{"type":"LineString","coordinates":[[102.0672582909763,14.968813689139601],[102.06952407051972,14.969440868578928],[102.07455710354624,14.97087045502114]]}},{"type":"Feature","properties":{"NAME":"NORTH EASTERN RAILWAY"},"geometry":{"type":"LineString","coordinates":[[102.08164846021408,14.972984968780276],[102.0802827792827,14.9726745315182],[102.07746444648019,14.97189091593939],[102.07449490556104,14.970897683887458]]}},{"type":"Feature","properties":{"NAME":"NORTH EASTERN RAILWAY"},"geometry":{"type":"LineString","coordinates":[[102.07449490556104,14.970897683887458],[102.07048067775459,14.96974934317757],[102.06863147120207,14.969246778802596],[102.06735456773103,14.968876528932398],[102.0672582909763,14.968813689139601]]}},{"type":"Feature","properties":{"NAME":"NORTH EASTERN RAILWAY"},"geometry":{"type":"LineString","coordinates":[[102.07513914734136,14.970291181347635],[102.07485911689,14.97020672797895]]}},{"type":"Feature","properties":{"NAME":"NORTHERN RAILWAY"},"geometry":{"type":"LineString","coordinates":[[100.59734696849486,14.384124312536372],[100.60214870136048,14.386653653508858]]}},{"type":"Feature","properties":{"NAME":"NORTHERN RAILWAY"},"geometry":{"type":"LineString","coordinates":[[100.63658165994397,14.404602651536422],[100.63701276978645,14.40490510943636]]}},{"type":"Feature","properties":{"NAME":"NORTHERN RAILWAY"},"geometry":{"type":"LineString","coordinates":[[100.63614490897825,14.404370090806232],[100.63658165994397,14.404602651536422]]}},{"type":"Feature","properties":{"NAME":"NORTHERN RAILWAY"},"geometry":{"type":"LineString","coordinates":[[100.63658165994397,14.404602651536422],[100.6456157132627,14.40930360733357],[100.64786905726496,14.410341649239308],[100.66040106528942,14.4160299806328],[100.67768819459114,14.423856324757246],[100.6785087326834,14.424253774023748],[100.67914868391728,14.424597214843272],[100.67985940012352,14.425031221077065],[100.68167343280196,14.42618911243594],[100.6825988686232,14.426761682103644]]}},{"type":"Feature","properties":{"NAME":"NORTHERN RAILWAY"},"geometry":{"type":"LineString","coordinates":[[100.67894531748219,14.424550201726403],[100.6785182213848,14.424328895769644],[100.67747898653916,14.423840783264742],[100.658249679019,14.41513316317693],[100.65293904623547,14.412711110474634],[100.64708906935576,14.41006837660541],[100.64581909864633,14.4094774120366],[100.64426405470499,14.408690193650331],[100.63843228078545,14.40563258734623],[100.63701276978645,14.40490510943636]]}},{"type":"Feature","properties":{"NAME":"NORTHERN RAILWAY"},"geometry":{"type":"LineString","coordinates":[[100.07843662644932,17.343954771579348],[100.07649111641796,17.3553184384125],[100.07585692245465,17.35916141676998],[100.07554850523456,17.360898688038642],[100.0748229026154,17.365235362396344],[100.07472915853214,17.365885146913968],[100.07468365094292,17.366444161019576],[100.07467366345766,17.36695928222806],[100.07469911941037,17.367424254910755],[100.0748148668453,17.368319535496344],[100.07491514663558,17.368790362580864],[100.07519042103654,17.36972846658903],[100.07546083853816,17.370388786451212],[100.07600633527012,17.37139101430375],[100.07680398964288,17.37271026580214],[100.07738893344215,17.373787185110395],[100.08046301121637,17.37911785548837],[100.08206600816465,17.381934220001387]]}},{"type":"Feature","properties":{"NAME":"SOUTHERN RAILWAY"},"geometry":{"type":"LineString","coordinates":[[100.48474884593698,13.760718656849503],[100.48408244295173,13.760732730279976],[100.48349057196354,13.760712709137357],[100.48230384590775,13.760755248855187],[100.48115695682127,13.760693778340018],[100.48105822271691,13.760708478913775],[100.47854544413573,13.760817210071744],[100.47794824358519,13.760793079226449]]}},{"type":"Feature","properties":{"NAME":"EASTERN RAILWAY"},"geometry":{"type":"LineString","coordinates":[[100.68594908623128,13.733341440752323],[100.68995671994095,13.732893345114933]]}},{"type":"Feature","properties":{"NAME":"NORTHERN RAILWAY"},"geometry":{"type":"LineString","coordinates":[[100.72697547547763,14.50988070670939],[100.7268350595197,14.510933189785682]]}},{"type":"Feature","properties":{"NAME":"NORTHERN RAILWAY"},"geometry":{"type":"LineString","coordinates":[[100.5832878909478,14.355987551564281],[100.58327975897477,14.356832254357586],[100.58324098593033,14.35796112372838],[100.58313364812065,14.360251549074887],[100.58311777215121,14.361315198497033],[100.58317160046485,14.361854737054292],[100.58323806359384,14.362290120680422],[100.5833448545143,14.362770772435164],[100.58346119144583,14.363183053185159],[100.58359399351963,14.363565940241593],[100.58399770911554,14.364516196998663],[100.58492965307025,14.366572016932002],[100.58555514581009,14.367745196291086],[100.58624547073917,14.369122858025438]]}},{"type":"Feature","properties":{"NAME":"NORTHERN RAILWAY"},"geometry":{"type":"LineString","coordinates":[[100.6832732281701,14.427254188245358],[100.68387209189055,14.427706025781815]]}},{"type":"Feature","properties":{"NAME":"NORTHERN RAILWAY"},"geometry":{"type":"LineString","coordinates":[[100.6825988686232,14.426761682103644],[100.68296002009289,14.427057621603161]]}},{"type":"Feature","properties":{"NAME":"NORTHERN RAILWAY"},"geometry":{"type":"LineString","coordinates":[[100.68205114490895,14.42655096165388],[100.68280169780834,14.426956870269153]]}},{"type":"Feature","properties":{"NAME":"NORTHERN RAILWAY"},"geometry":{"type":"LineString","coordinates":[[100.68296002009289,14.427057621603161],[100.6832732281701,14.427254188245358]]}},{"type":"Feature","properties":{"NAME":"NORTHERN RAILWAY"},"geometry":{"type":"LineString","coordinates":[[100.68387209189055,14.427706025781815],[100.68205114490895,14.42655096165388]]}},{"type":"Feature","properties":{"NAME":"NORTHERN RAILWAY"},"geometry":{"type":"LineString","coordinates":[[100.6309704842625,14.40168443657406],[100.63134719088681,14.401830291788118],[100.63288575229862,14.402632175834327],[100.63416581111932,14.403274829615446],[100.63523396282059,14.403832811614507],[100.63595144225879,14.404239726998913],[100.63614490897825,14.404370090806232]]}},{"type":"Feature","properties":{"NAME":"NORTHERN RAILWAY"},"geometry":{"type":"LineString","coordinates":[[100.5817808565481,14.133086134342259],[100.58199631146516,14.131025010188512],[100.58247506848816,14.126926567676056]]}},{"type":"Feature","properties":{"NAME":"NORTHERN RAILWAY"},"geometry":{"type":"LineString","coordinates":[[100.58247506848816,14.126926567676056],[100.58363131473939,14.117288026635814],[100.58399981150608,14.11402014366025],[100.58597701188958,14.097360589102435],[100.58635275042188,14.094292173599182],[100.58673185526145,14.09100370825636],[100.58708272956457,14.088595505371742],[100.5917653922835,14.058589113491745],[100.59253401549437,14.05354747398173],[100.59309247918065,14.049994735135014],[100.5946035037705,14.042499265434317],[100.59497700736274,14.040559140121696],[100.59545053509278,14.038286016899349],[100.59626141541263,14.03417015344316],[100.59675210918837,14.03178297661377],[100.59736774693164,14.02864562663821],[100.5974752761854,14.027970058922499],[100.5983976585137,14.02051857839207],[100.59896407829167,14.01611069486386],[100.59942220548206,14.012268850064492],[100.59995214146575,14.008082197253083],[100.60122734289088,13.997751589986294],[100.6024603261255,13.987558391212234],[100.60271893389259,13.985573388993348],[100.60466000985818,13.969946355202431],[100.60488892959566,13.967942055632518],[100.60518147300904,13.96573407691689],[100.60670088692336,13.953495555224238],[100.6073361953836,13.94819855702021],[100.60855131068527,13.93836284594267],[100.60862839783186,13.937600177131772],[100.60865522166127,13.937091893259556],[100.60865979670378,13.936499065741542],[100.60860534071911,13.935521308212731],[100.60854108040381,13.935005148381487],[100.60836978618245,13.934057817929624],[100.60819139622213,13.933339172394868],[100.60800009515508,13.932748341109345],[100.60773387484355,13.932067074765419],[100.60740582866725,13.931324628618054],[100.60712905919713,13.930797169551942],[100.60674265825378,13.930084133614756],[100.60276568185493,13.922986818371363],[100.60180539002526,13.921326320642798],[100.60060172523137,13.919143461319365],[100.59830632119552,13.915040255652679],[100.59592028265587,13.91082582015328],[100.5936257752829,13.906814012309512],[100.5926775893447,13.905071450565577],[100.57706819000062,13.877266680827868],[100.57552436150382,13.874543437762503],[100.57347043248186,13.870851786777946],[100.57201200486485,13.868169299836389],[100.57035293633177,13.86505744253556],[100.56066441599432,13.847080686129686],[100.55824704864291,13.842572005606163],[100.55786573867567,13.841833204110987],[100.55600964721029,13.838405196156621],[100.55375442065906,13.834188728471313],[100.54973472592413,13.82676529594316],[100.54778743372337,13.82310853783842],[100.54587348298,13.819209257916874]]}},{"type":"Feature","properties":{"NAME":"SOUTHERN RAILWAY"},"geometry":{"type":"LineString","coordinates":[[100.46676440250789,7.0079816046879975],[100.46677869436697,7.007667327090968],[100.46677390335606,7.00739772573394],[100.4667320221294,7.00685017667829],[100.46671428957023,7.006425212393202],[100.46671718501534,7.0060826899589435],[100.46719854385762,7.002454914657065]]}},{"type":"Feature","properties":{"NAME":"SOUTHERN RAILWAY"},"geometry":{"type":"LineString","coordinates":[[100.46678979396128,7.006877702530055],[100.46675674862585,7.006256656393224],[100.46678214780106,7.005872802035848],[100.4672991539577,7.00206799159418]]}},{"type":"Feature","properties":{"NAME":"SOUTHERN RAILWAY"},"geometry":{"type":"LineString","coordinates":[[100.46678979396128,7.006877702530055],[100.46680507891499,7.00651365873845]]}},{"type":"Feature","properties":{"NAME":"SOUTHERN RAILWAY"},"geometry":{"type":"LineString","coordinates":[[100.46680341785702,7.0083358661955195],[100.46686968951012,7.0080050005247925]]}},{"type":"Feature","properties":{"NAME":"SOUTHERN RAILWAY"},"geometry":{"type":"LineString","coordinates":[[100.46680341785702,7.0083358661955195],[100.46688069059898,7.007723514324947]]}},{"type":"Feature","properties":{"NAME":"SOUTHERN RAILWAY"},"geometry":{"type":"LineString","coordinates":[[100.46680507891499,7.00651365873845],[100.466847503144,7.005972070018513],[100.46740143728049,7.001848393496992],[100.46754057381077,7.0012980207167805]]}},{"type":"Feature","properties":{"NAME":"SOUTHERN RAILWAY"},"geometry":{"type":"LineString","coordinates":[[100.46653672029143,7.0039908778730355],[100.4666308086863,7.003693390284919],[100.46690768560056,7.002637357057441],[100.46712878029939,7.002030074700741]]}},{"type":"Feature","properties":{"NAME":"SOUTHERN RAILWAY"},"geometry":{"type":"LineString","coordinates":[[100.46683544551092,7.002653861720774],[100.46757749047114,7.000803342088826],[100.4676632633079,7.000556088468413],[100.4678935018984,6.998931001427342]]}},{"type":"Feature","properties":{"NAME":"SOUTHERN RAILWAY"},"geometry":{"type":"LineString","coordinates":[[100.46683544551092,7.002653861720774],[100.4669462149952,7.0022612396889805],[100.46716779506448,7.001655234527192]]}},{"type":"Feature","properties":{"NAME":"SOUTHERN RAILWAY"},"geometry":{"type":"LineString","coordinates":[[100.46686968951012,7.0080050005247925],[100.46750409734427,7.003202288489252],[100.46770400735765,7.001825391537531],[100.46772805636273,7.0013771277321295]]}},{"type":"Feature","properties":{"NAME":"SOUTHERN RAILWAY"},"geometry":{"type":"LineString","coordinates":[[100.46682891703088,7.003868621992275],[100.4670159189817,7.003206607863917]]}},{"type":"Feature","properties":{"NAME":"SOUTHERN RAILWAY"},"geometry":{"type":"LineString","coordinates":[[99.84872901126556,13.852516485931332],[99.84833391375314,13.85210019826861],[99.84778960296345,13.851386682627632],[99.84761122272107,13.851209486245617],[99.84747963527167,13.851106564223148],[99.84727605703897,13.850983227449177],[99.84710216948268,13.85088458065975],[99.8469199192346,13.85081077539867],[99.84658109859348,13.850741639441525],[99.84635250110024,13.85072176483017],[99.84603940310318,13.850743511164852],[99.8458194976284,13.850789765226118],[99.84559968171392,13.850860812549868],[99.84532500179904,13.850973415383981],[99.84467447357986,13.851363801590038],[99.84454263714059,13.851417083240394]]}},{"type":"Feature","properties":{"NAME":"NORTH EASTERN RAILWAY"},"geometry":{"type":"LineString","coordinates":[[102.08093986823766,14.972528300996624],[102.08167016146298,14.972829092900271]]}},{"type":"Feature","properties":{"NAME":"NORTH EASTERN RAILWAY"},"geometry":{"type":"LineString","coordinates":[[102.07947454175869,14.9719195410693],[102.08055317394121,14.97228183635028],[102.08114549777804,14.972455542478702],[102.0820419630221,14.97274593169559]]}},{"type":"Feature","properties":{"NAME":"NORTHERN RAILWAY"},"geometry":{"type":"LineString","coordinates":[[99.01710613071599,18.783603515903927],[99.01723022747788,18.76864178582713],[99.01728620344961,18.767995590848837],[99.0174306517585,18.767175211663332],[99.01749255495572,18.766927972904007],[99.01769894578322,18.76626210609225],[99.01799531156693,18.76549842478418],[99.0187926702987,18.763672499724507],[99.01975988275265,18.76138806766477],[99.02020939549408,18.760384038041504],[99.02132814120708,18.757740697502047],[99.02367319293222,18.752328226025007],[99.0286580094489,18.740711426002896],[99.03261858415723,18.731529150059437],[99.03326250201911,18.730004095827972],[99.03791280397648,18.719203176568225],[99.0407885279565,18.712483592591678],[99.04152487189411,18.710842078877402],[99.04232647159878,18.70897557965912],[99.04285922723336,18.707692787675043],[99.04482342447876,18.70312854339267],[99.04521451009667,18.702166867132014],[99.04541915563415,18.70155730945591],[99.04559011972668,18.700880439461766],[99.04568408794118,18.70028242176755],[99.04573812961463,18.699646357531357],[99.04574657954446,18.699287561424754],[99.04572353543995,18.698463975205424],[99.04458757589559,18.68116294205217],[99.04448992682634,18.679539507526314],[99.04446214394149,18.678608599759173],[99.04448206852739,18.647010882394607],[99.04444052958877,18.64624897037514],[99.04433928369738,18.645491440453736],[99.04415532960134,18.64470329636725],[99.04271160801416,18.63940959909183],[99.04257678048279,18.638957765969298],[99.04205173418329,18.63693602972626],[99.04035311658895,18.630669911296934],[99.04017843820041,18.630122592220115],[99.03988431236112,18.629400138329046],[99.0396683299109,18.628979824612596],[99.03943858714177,18.628581391000925],[99.03865997002673,18.62744121262166],[99.03430662105497,18.621573485919193],[99.02910041517089,18.614497014919937],[99.02859394803292,18.61373844423751],[99.02820804682324,18.613107960458603],[99.02793929816866,18.6126317951165],[99.02740866047372,18.611564516149134],[99.02110038405024,18.5984984795197],[99.02099093619815,18.598171920831426],[99.02092946263727,18.597903644189653],[99.02087336701273,18.597468388496345],[99.02086746338696,18.59713108096732],[99.02120712077868,18.591660159105537],[99.02140372566555,18.58812321006214],[99.02168365834918,18.58370378644162],[99.02178116161168,18.582507029266665],[99.02183752394748,18.58215486987316],[99.02193925170562,18.581679132799387],[99.02205591044299,18.581235304686317],[99.02224974658424,18.580667468401472],[99.02259677707622,18.57987934536107],[99.02278170941426,18.57952524502544],[99.02309914855205,18.578980623404277],[99.02336545955275,18.578580348613027],[99.02366001311302,18.57819158261149],[99.02443693662474,18.57735046273905],[99.03157670558956,18.570104450494224],[99.03275585990353,18.56893323063212],[99.03921059301564,18.56236228765474],[99.04391716465406,18.557609036908097],[99.04425976913777,18.55723092613092],[99.04439839199613,18.557055011021827],[99.04479775959467,18.55652378931078],[99.04497119586425,18.556262053147723],[99.04524951826976,18.555815542741964],[99.04542702865982,18.555481245387572],[99.04555939247923,18.55520822722306],[99.04574556806803,18.554768586436342],[99.04595524581607,18.554191244058508],[99.04610856411927,18.55368390182959],[99.04690021477732,18.550515284045353],[99.04759568824595,18.547807382697098],[99.0482249067146,18.54523922797576],[99.04870722380632,18.54336205318027],[99.05234076502639,18.528884856258895],[99.05255082764013,18.528024356377127],[99.0527085266254,18.52726195449198],[99.05279374976453,18.52631286187146],[99.05285408064994,18.52348111304001],[99.05284980094774,18.52268828831404],[99.05278911178102,18.52213794376734],[99.05268001284139,18.521595313161747],[99.0524175438543,18.520844893793587],[99.0521914803073,18.52035617793041],[99.05179585596528,18.51956346052259],[99.05171103270257,18.51920557221823],[99.05168272138172,18.518940014791287],[99.0516786044298,18.51867062037506],[99.05172287272029,18.51831652798903],[99.05177525435984,18.518097131592096],[99.05191634403629,18.517739180431914],[99.05209778291606,18.51741583324859],[99.05236798003253,18.51705784611728],[99.05249705112972,18.516934644763058],[99.05286810768406,18.516653594143012],[99.05419920333796,18.515864242023387],[99.05451781625331,18.51560628569983],[99.05480416678583,18.51530600529741],[99.05500579223882,18.515028849723357],[99.05519123772828,18.514643933161068],[99.05532827792918,18.51421284832733],[99.0553846190049,18.513835650793038],[99.05556849099919,18.50852061354731],[99.05560866789646,18.508024122220036],[99.05563685161569,18.507881715957815],[99.0558259744108,18.506357589993442],[99.0559347522054,18.505911111675687],[99.05612822471643,18.505426125494836],[99.05625320585848,18.50522980666431],[99.0565274185633,18.50489489455806],[99.05680165336838,18.504633097140694],[99.05782605345031,18.503901543632356],[99.0581285081638,18.503620504248257],[99.05844704455532,18.50316240905621],[99.0592654555975,18.50173429933571],[99.05939847959618,18.50147639251654],[99.05949116369648,18.50120696649044],[99.05953548063678,18.500995270634064],[99.05957158578235,18.50042951451049],[99.05946586811058,18.498012583321053],[99.05952614439073,18.49733135323649],[99.05958653332819,18.496977253193318],[99.05967111396942,18.49661931421457],[99.05996527962982,18.49575711017897],[99.06016275018206,18.49522978516796],[99.0602836206867,18.494798701068007],[99.06036819072501,18.494417642067386],[99.06043254627481,18.493874977045966],[99.06044048087246,18.49348624280767],[99.06041610584472,18.49302057149462],[99.0601330655563,18.491053992451377],[99.06010471672418,18.49076150357875],[99.06008845552084,18.490361244195565],[99.0602653332918,18.488660084271626],[99.06026509246271,18.487971172019705],[99.06021117864141,18.487522113837713],[99.06001327556262,18.486781324552794],[99.05982016222836,18.486309931732894],[99.05954704978326,18.485793657673184],[99.05906208065674,18.485008051998296],[99.05879838820084,18.484514226484425],[99.05861472786549,18.48409671228921],[99.05848282387193,18.483674683619345],[99.05838384747234,18.483216734191508],[99.0583082755628,18.482377116785255],[99.05832543902983,18.482076487122857],[99.05882348631464,18.47847126841558],[99.05892713001965,18.477548705905864],[99.0589269865242,18.477128635464002],[99.05889385074899,18.476665669181752],[99.05877116707222,18.476018423049325],[99.05862967592117,18.47556894720118],[99.05817713790451,18.474616143495],[99.05702242157615,18.472831961778088],[99.05677728880148,18.472306123840692],[99.05656981639342,18.471685871306544],[99.05649432842903,18.471357763170214],[99.05641878915263,18.470813881717778],[99.0563971009281,18.47021674832432],[99.0564031846653,18.469898314693353],[99.05658677271181,18.46595469378201],[99.05733048670021,18.460574749470787],[99.05760652827942,18.458672423209798],[99.05767696931002,18.45807006061255],[99.05770502843427,18.45746772802599],[99.05770465897425,18.45636194524655],[99.05772323169492,18.45552137010943],[99.05772285915371,18.454406590472235],[99.05769446725189,18.454011035598967],[99.05760004265059,18.453359281102127],[99.05745386862193,18.452873857001272],[99.05716161728202,18.452190694589248],[99.05690238729176,18.451705323013975],[99.05605884834566,18.450343570841568],[99.05573836232314,18.449705375866223],[99.0546879679723,18.447108951131753],[99.05450338014329,18.44673000656088],[99.05419361793025,18.44617167724548],[99.05410036378561,18.446041391757753],[99.05313223588466,18.444909891648102],[99.0528315177269,18.44453706778358],[99.05270815547782,18.444312184223335],[99.05261857648868,18.444015525948736],[99.05258552987652,18.44376831271295],[99.05257134380575,18.443548062478566],[99.05259952110502,18.443282839878222],[99.05270302959276,18.442959158847238],[99.05284423447674,18.44267594944286],[99.05302784659375,18.442428655909353],[99.05329152433963,18.44219485276884],[99.0536211535835,18.441996978348445],[99.05398376662194,18.44183953820249],[99.054850271492,18.441497663977714],[99.05576387133846,18.44118274110735],[99.05631958572285,18.44106572184726],[99.05675286321858,18.441011635497336],[99.05734661844092,18.44098047037303],[99.05779373147143,18.441006842035286],[99.0584389976397,18.441087552780463],[99.06004043463383,18.44137921878833],[99.06069045339275,18.441567816827703],[99.0611426654477,18.441747461746573],[99.06165142022995,18.442003516212402],[99.06232037346786,18.442461797524736],[99.06959847647539,18.448782022354504],[99.07008933873088,18.44916870601492],[99.07087339148013,18.44966395271332],[99.07128392707067,18.44987320519412],[99.07182312587689,18.450108804201815],[99.07251625384625,18.450354227072673],[99.07295847418212,18.45049234754016],[99.07548052645205,18.4511921030567],[99.0784415004699,18.45204838903196],[99.07993503168353,18.452455527832186],[99.0815245058828,18.45290888923226],[99.0819686462245,18.45305874197314],[99.08233262055447,18.45320007653409],[99.08287186638164,18.45348280801435],[99.08336171459021,18.45380844775301],[99.08373473411379,18.45407838475614],[99.08453570236959,18.454689922178325],[99.08536477718226,18.455251799372423],[99.08555268106721,18.455355945969266],[99.0860217907416,18.45557656146683],[99.08639353235796,18.455718273285882],[99.08692284044363,18.455880033064805],[99.08736226921626,18.455970365011506],[99.08829575909581,18.45605711519272],[99.0889150474067,18.456026820834467],[99.08942928341918,18.45595511127236],[99.09032288053848,18.455754554897798],[99.0977528405632,18.45389631241253],[99.09932722053352,18.45353195268546],[99.10158672993278,18.452959437689554],[99.10191450178267,18.45289460617828],[99.10234385534443,18.452837196622205],[99.10288303315592,18.45278925914824],[99.10342723777103,18.452779430593562],[99.1038844055306,18.452790805692565],[99.10490476197847,18.452847181159658],[99.10646519179342,18.45295676213834],[99.10975325150959,18.453147524619276],[99.11052212212462,18.453142320451963],[99.11108128605291,18.453108638330875],[99.11231935932274,18.452917309871037],[99.11454955233702,18.45252576182534],[99.11653275133393,18.4521952940105],[99.11723167039558,18.452123394684197],[99.11798056886492,18.452103883256694],[99.11871449290265,18.452112939856278],[99.12119093341053,18.452197149902503],[99.12169524851382,18.452258762169013],[99.1224193004111,18.452429831292104],[99.1229636415005,18.452615302712932],[99.12358294599778,18.45290554783192],[99.12410574982808,18.453238798158964],[99.1252514428688,18.45416711004827],[99.12718483420889,18.45579059502314],[99.12786425231657,18.456323787375922],[99.12836876466778,18.456656982931438],[99.12867846142514,18.456833063868935],[99.12910801550957,18.457071016818666],[99.12967242870495,18.457351746559826],[99.13063637636003,18.45779420120639],[99.13505423327696,18.459883906738813],[99.14261013048765,18.463425927905558],[99.14466095570641,18.46441161537672],[99.1483283908928,18.466114939725664],[99.14925944120857,18.466491668429228],[99.15617161192216,18.46891200650933],[99.15809536972765,18.469602729114403],[99.1598208399094,18.470358106570178],[99.16539208456035,18.47273526990189],[99.16867528039775,18.474173114144183],[99.17105588465958,18.475181393945157],[99.17140012410069,18.47535269039692],[99.17289408080671,18.476193656004014],[99.17632851776352,18.478216351928836],[99.17782318331705,18.479058239957602],[99.17980267989851,18.480233819517114],[99.18027421267156,18.480533124365685],[99.18062915737667,18.48079483386958],[99.18087572821169,18.481025920109506],[99.18104404035124,18.481197366676827],[99.18143943663645,18.481663351461325],[99.1816195636662,18.481909400619077],[99.18175271836911,18.482129395210162],[99.18256067072329,18.483555193153535],[99.18272811594252,18.483820856240285],[99.18314217186833,18.4843660792795],[99.1834592439033,18.484701545860396],[99.1839178971376,18.48509453330068],[99.18637422622984,18.48698429172772],[99.18769452782436,18.488032751588857],[99.18803810072785,18.488337754371774],[99.18888935373232,18.489175988159047],[99.19136742845781,18.49157446480502],[99.19153740649463,18.491725205389734],[99.19206008511038,18.492315074007962],[99.19253879513964,18.492930159752547],[99.1929442132128,18.493562126241393],[99.19358480089899,18.49468910676232],[99.193849223168,18.495114142637146],[99.19422225984765,18.49561462547951],[99.19460351113969,18.4960692305874],[99.19621198395133,18.497874228827687],[99.19665954212996,18.498348658290357],[99.19713810937067,18.498809857786924],[99.1976694211676,18.499229019760822],[99.19803043446343,18.499480471671717],[99.19903467487478,18.500102912393952],[99.19984463719541,18.500641053709476],[99.20041645311025,18.501094668046672],[99.20079456278016,18.50144249707624],[99.2011631534284,18.50181152983904],[99.20191953354882,18.502655560877397],[99.20292691888719,18.503729455573406],[99.20513884180447,18.506131379664154],[99.20777023687155,18.508899204442248],[99.20803398202254,18.509150244608104],[99.20831037035248,18.509361898650873],[99.20863756104438,18.50957956806094],[99.20899330105759,18.509788116630908],[99.20943475343599,18.5100056402946],[99.20993014306939,18.510189803053397],[99.21042545188959,18.510322488039414],[99.21108582008945,18.510458023511276],[99.21568105756263,18.5112279661947],[99.21608925132824,18.511264020613687],[99.21633531185225,18.511263739368403],[99.21663145150269,18.511232970060675],[99.21688200053025,18.511176172209126],[99.21720993213408,18.51106277352881],[99.21802506465305,18.510648857643158],[99.21862149595033,18.510269972478632],[99.21886738369075,18.510134916440904],[99.21930007397033,18.509982281426115],[99.21950505507019,18.509934214036928],[99.2199060016568,18.509903317985472],[99.22032096074284,18.50993611617742],[99.2204893301767,18.50996349979003],[99.22072179975841,18.510032789566665],[99.2210546233603,18.510167153663872],[99.22132366768966,18.510327691132545],[99.22152892923182,18.5104969849179],[99.22169776433473,18.510675019438583],[99.221921390435,18.51095731364825],[99.22214058959975,18.51132655300085],[99.22247426954678,18.51213473479908],[99.22263876672449,18.512482308430148],[99.22277116795652,18.512690816094352],[99.22288986706148,18.512851509270412],[99.22313170333868,18.513107699232656],[99.22332783912346,18.513268319734514],[99.22350115960388,18.513385487398775],[99.22381575721263,18.513537249215055],[99.2242123496786,18.513658501922283],[99.2245268313024,18.51370595849191],[99.22615359912956,18.513712701484685],[99.22659109660637,18.513746958281068],[99.22685087160353,18.513785777339343],[99.22745254875572,18.513932857472884],[99.22797684067972,18.514132189639263],[99.22832339500309,18.514310004686184],[99.22903941323446,18.514761227256862],[99.2316026318561,18.516488255529325],[99.23204948920338,18.51670940223537],[99.23230936012332,18.516800375154965],[99.2326785451206,18.516860781992833],[99.23297930896521,18.516873460903597],[99.23330282292217,18.516864362910184],[99.23352151137723,18.51683366264474],[99.23397698950136,18.516685297038816],[99.23414548865432,18.51660249660363],[99.23460526383448,18.516262860976614],[99.23539256210164,18.515514170382158],[99.2356335695856,18.51514872320075],[99.2357651500508,18.514731232526557],[99.23590080012892,18.513970319858522],[99.23596882190792,18.513726791247343],[99.23606424107693,18.51352670887714],[99.23631439882934,18.513187329697164],[99.2365510563907,18.512978370497088],[99.23670585432492,18.51288253573089],[99.23687433547305,18.512804082938445],[99.23709294625091,18.51272121713321],[99.23739360717468,18.51266432934527],[99.23764877687935,18.51265530885375],[99.23788575551043,18.512681092192835],[99.2382276076879,18.512750222735114],[99.2389934048278,18.512944869943606],[99.23927140824847,18.51297494882968],[99.24133450949137,18.51295220807142],[99.24169656578462,18.512997113380294],[99.24203740654954,18.513090652900463],[99.24227157439417,18.513227419371184],[99.24260854831184,18.513508932490108],[99.24275656962337,18.51367322225354],[99.24313083540478,18.514201387524043],[99.24331743952095,18.514413161245905],[99.24349776793153,18.514591031944732],[99.24417074616844,18.515175117532074],[99.24443372186315,18.515358841206815],[99.24461037322438,18.515460417831655],[99.24479928786047,18.515534583973096],[99.2451647294564,18.515608502192404],[99.24542332426236,18.515604261439385],[99.24596499442191,18.515482169017982],[99.24628910516797,18.515364263848415],[99.24671984960393,18.51517573372691],[99.24711189991042,18.515038433162957],[99.24731691752386,18.51500338481799],[99.24772244766544,18.51499850405973],[99.24798226138803,18.515045993128986],[99.24841522004954,18.51522441700459],[99.24870283926172,18.51541983737366],[99.24978364369011,18.51626817008048],[99.25019442733573,18.516471274082726],[99.25035457724049,18.516510210601037],[99.25058858344366,18.51654129445895],[99.25088413102384,18.516529092551025],[99.25177489166515,18.51653573845409],[99.25196783717074,18.51655114086517],[99.25223063377024,18.51660561736207],[99.25238668210014,18.516652406293478],[99.25255099322662,18.516722673131607],[99.25392776427027,18.517402922639207],[99.25433818721697,18.51761971522979],[99.25465734657568,18.51773665782872],[99.25485792853263,18.517797248231524],[99.25525897640605,18.517827137623332],[99.25549132166508,18.517796393547282],[99.2557555335435,18.517730825755713],[99.25599688846903,18.517626176253042],[99.25622450514429,18.517482415599705],[99.25642018366901,18.5172995685235],[99.25684310844015,18.516725185027827],[99.25704754865001,18.516316280323714],[99.25724753145319,18.515963892953],[99.2574249492193,18.515768038572208],[99.2576252038779,18.515598214222177],[99.25784370428374,18.51545881407874],[99.25807141464662,18.51536721165694],[99.2584996062188,18.51527100490768],[99.25881856782034,18.515257518599615],[99.2595750173821,18.51527821305609],[99.25983015735511,18.515260481578583],[99.26007161059599,18.515212320194426],[99.26031299122958,18.515129396344104],[99.26054062070786,18.514998679693942],[99.26067719400304,18.514907200581774],[99.26092289744733,18.514667768432975],[99.26121383345416,18.51421527851248],[99.2615772536313,18.5134801150618],[99.26173597630493,18.512975627569737],[99.2617812292543,18.512775601939193],[99.26183539577927,18.512427761513727],[99.2618622252918,18.51209298911027],[99.261866235293,18.511732186977177],[99.26182909060338,18.511280131867878],[99.26176912874227,18.510802046089587],[99.26176418566816,18.510549910316726],[99.26178660740739,18.510315134978935],[99.26184551136264,18.51009770925684],[99.26193175341844,18.509880227586535],[99.26206814328842,18.509671375565837],[99.26222278479187,18.50948424739137],[99.2627369943683,18.509035776457154],[99.26344694967827,18.50846097931242],[99.26358342981084,18.508326018734746],[99.26371988304561,18.50816064494534],[99.26392892320632,18.50779520672707],[99.26443305709581,18.506729455860047],[99.26505576417244,18.505724417172345],[99.26545584060705,18.50514134719664],[99.26557848346653,18.504893381524077],[99.26568267507285,18.504506339209794],[99.26571304242907,18.504244935005374],[99.26571630476786,18.50267454204014],[99.26566456050922,18.50235944481753],[99.26544112835369,18.501512074221594],[99.26532478769148,18.50023243665124],[99.2653371460862,18.499804134951596],[99.26544882465502,18.49911573948225],[99.26548243156743,18.49874075345331],[99.26537528014987,18.495730546311574],[99.26498176936718,18.48797695144921],[99.26477416714302,18.486292736470112],[99.2647333161226,18.48565160516753],[99.26475560754344,18.48533640355122],[99.26483485418801,18.48502114126873],[99.265328625232,18.483922804829227],[99.26537939278319,18.483607563203847],[99.26537318779387,18.48328153577605],[99.26529865874505,18.48295560495097],[99.2649899644055,18.48220073420506],[99.26474411452139,18.481565313967987],[99.26465830012023,18.481304608536373],[99.26460100332405,18.48108190191202],[99.26458356264612,18.480853696849717],[99.2646445530711,18.479766831400557],[99.26469517163537,18.479353801289488],[99.26478560280071,18.478908082505647],[99.26513708298405,18.477869732877245],[99.26520497804361,18.4775925049414],[99.26522736189759,18.477326206310945],[99.26518703896448,18.4770273994989],[99.26498113216817,18.476451710356827],[99.26479822732733,18.47601181537455],[99.26470071280467,18.475544627822558],[99.26471068249371,18.474620869789312],[99.26468175546191,18.474327470620224],[99.26457635000524,18.4736845965733],[99.26453540282081,18.47312986976745],[99.26451938259136,18.47249856973431],[99.26445879453976,18.472202141689316],[99.26436321879747,18.47197269420479],[99.2642124582853,18.471719427729894],[99.2640468155822,18.471552272647184],[99.26388117616474,18.4713994437302],[99.26306335077045,18.47083145126147],[99.26286258536355,18.470654773390308],[99.26274710133728,18.470521012997544],[99.26260139727177,18.470286859198854],[99.26250079854105,18.470043091324293],[99.262450332481,18.46981837501974],[99.26242496543536,18.469617538812184],[99.26242465999344,18.46941666789745],[99.26251930142317,18.469033915196633],[99.26268890014998,18.468502811675513],[99.26277329083143,18.467962237588434],[99.26273760419811,18.467570113882427],[99.2626566796681,18.46708716818706],[99.26264623660197,18.466814584721163],[99.26267593121725,18.466570618173787],[99.26272072947377,18.466360115125372],[99.26280557254069,18.46613043549333],[99.26356944573357,18.464548484037074],[99.26365736191102,18.464312469426908],[99.26384380982712,18.46335024163885],[99.26389358024838,18.463120610287348],[99.26393849522994,18.463000990523216],[99.26405343468862,18.462780819878535],[99.26419345635104,18.462574959526616],[99.26454879218154,18.46224924150782],[99.26515947316432,18.461751004030425],[99.26528957496673,18.46161690139564],[99.26540964128569,18.461478037877843],[99.26554462120978,18.461262632094567],[99.26562955887898,18.46108553754894],[99.26570596694629,18.46069806990524],[99.26571692018115,18.460164465181187],[99.26569652701379,18.458395243870967],[99.26571954726914,18.45805258966709],[99.26578383380446,18.457754820622785],[99.2661540535226,18.456874793659782],[99.26623380203624,18.45659249590311],[99.26625860365898,18.45642507398923],[99.26645140973106,18.454707806661926],[99.26665460143813,18.453224899360325],[99.26666410052093,18.45289486937911],[99.26657223511249,18.451809344063452],[99.2666553830794,18.45048919838204],[99.2665385070871,18.449446743911334],[99.26644255074011,18.448963820054406],[99.26631155256675,18.4485096549596],[99.2659947034559,18.4477735634245],[99.26588884759104,18.447371950220752],[99.26583321823374,18.447042030307333],[99.26584126716935,18.4457554730901],[99.26594898330706,18.44411486314221],[99.26597876547154,18.443933070664613],[99.26616347958796,18.44347846238227],[99.26653817855865,18.442731830442067],[99.26664302951026,18.44248298143232],[99.2667128031485,18.442238975496462],[99.26680170842552,18.44139710278634],[99.26691089523626,18.440703448731615],[99.26701035965803,18.4402202506437],[99.26703011758042,18.44002892053651],[99.26701953684604,18.439670227653867],[99.26698422077119,18.439507665710387],[99.26692885374464,18.439359496284943],[99.2666775475321,18.438872014644385],[99.26633095633198,18.43833204264246],[99.26625050062573,18.438150423659575],[99.26618998449766,18.437906581556668],[99.26616450786624,18.437634000497575],[99.26619904646748,18.43728003801761],[99.26624390181787,18.437126933926958],[99.266308758555,18.436940316322456],[99.26638370890832,18.43679672058337],[99.26683847076497,18.4359878181623],[99.26692334563701,18.435791602603196],[99.26696822723392,18.435643273147125],[99.26699801439105,18.435466274204597],[99.26698245257643,18.435121952483467],[99.26693197030751,18.43488287218653],[99.26676604677667,18.43452441643609],[99.2663488968837,18.433711944442106],[99.26627330713342,18.433439432670205],[99.26624780904275,18.433152506161537],[99.2662525844663,18.433004233075806],[99.26628238444569,18.432822440338658],[99.26633723544312,18.43265020012632],[99.26638713422106,18.43251143422504],[99.26648206366649,18.432334325816008],[99.2666670447091,18.432061467225882],[99.26697712929136,18.43167363265378],[99.26707712458027,18.431525225614106],[99.267172053762,18.43134813493254],[99.26722696988394,18.431218912361157],[99.26729164605615,18.430917513645017],[99.26731145544223,18.43075966782162],[99.2673111893529,18.430587486822105],[99.26729087004402,18.430415334050142],[99.2672404257914,18.430200187592725],[99.26718508149547,18.430051999957648],[99.26708454710545,18.42985126928639],[99.26655226552585,18.429110704025458],[99.26640660677566,18.428886121334365],[99.26605478636073,18.428197888897294],[99.26593185179004,18.427868839850706],[99.26559222825941,18.42676077949566],[99.26539786328269,18.42607125160152],[99.26535203163876,18.425864945513034],[99.26532494462647,18.42551380922656],[99.26534361598081,18.425321906592128],[99.2654828092302,18.424710062617777],[99.26552737280385,18.42435608577979],[99.26550170871027,18.423959152913035],[99.26545631609105,18.423772689471726],[99.26532055708554,18.423462001607458],[99.26397902781632,18.4210486092385],[99.26380804778037,18.420642308233035],[99.26370728338952,18.420283757643478],[99.26367692692097,18.420087703187235],[99.2636664924352,18.419819894173823],[99.26367613272856,18.419566383689116],[99.2637207892014,18.419284152810302],[99.26379551466681,18.418997086318768],[99.26393029008656,18.418666881252165],[99.264429939244,18.417738345223615],[99.26475442723084,18.416967889190275],[99.26495273555163,18.41631412956595],[99.26508243949982,18.41563847556283],[99.2651297946203,18.415234147472],[99.26510412928381,18.414682617127834],[99.26503278335719,18.41438831176777],[99.26492960241205,18.414148212004456],[99.26439986453789,18.413130390232322],[99.26379908137474,18.412034848562698],[99.26366301169985,18.41174078153373],[99.263585626226,18.41152757709966],[99.26353205596972,18.41127724602701],[99.26352110013465,18.411060692064726],[99.2635242719709,18.41081365081534],[99.26359737352638,18.410200140151456],[99.26359129316532,18.409899783756565],[99.26354824752379,18.409659507476512],[99.26342963275249,18.40932733994187],[99.26335167943132,18.40917314729745],[99.26325511000063,18.40903086289575],[99.2624021797473,18.408222000109948],[99.26217311690598,18.407927467290232],[99.26206424521203,18.407689372815618],[99.26197143653293,18.407301082245674],[99.26194921282178,18.406954120852017],[99.26182641516817,18.405775616284927],[99.26181082373203,18.405402583176595],[99.26182063154975,18.40525907858114],[99.26189031095406,18.404957673995185],[99.26201515334921,18.404680108385886],[99.26220509365434,18.40439288238199],[99.26249527787988,18.404129433734123],[99.26268549680621,18.404014389677435],[99.26287073724049,18.403928042220546],[99.26385717152844,18.403553621063992],[99.264072391854,18.403419419748918],[99.26422751050264,18.40329005852919],[99.26443757501725,18.403055409085077],[99.26466244713978,18.402677265773022],[99.26651045548842,18.39910434398905],[99.2666243038658,18.398909827245266],[99.2667864866792,18.398536711340437],[99.26687827325678,18.39825693112603],[99.2669319190584,18.39786323558637],[99.26692583926321,18.397428217216355],[99.26687654261086,18.397133085659576],[99.2667674452038,18.396734454923422],[99.26622836895383,18.395440458219586],[99.2661029784964,18.39503668538783],[99.26597173882958,18.39435841452421],[99.26563052181602,18.391178984281108],[99.2656136592591,18.390790588740153],[99.26565104334409,18.390412465262273],[99.26581838795303,18.38986843858321],[99.26597524616025,18.38956783493253],[99.26624586968786,18.3891738556349],[99.26739891627061,18.387592649306473],[99.26774538964133,18.387141586265447],[99.2680811996056,18.38680448667782],[99.26828164608851,18.386622933169573],[99.26920274632458,18.385922464386052],[99.26934902288947,18.38579277797383],[99.26985811891473,18.38526899448462],[99.27031840935739,18.38475560783338],[99.27061632760233,18.384470349203898],[99.27108667382909,18.38416637136763],[99.27197424819138,18.383739147258098],[99.27221521438707,18.383597995724106],[99.27252407989303,18.38338520390635],[99.27272452327271,18.383219195069973],[99.27352056772008,18.38234279625014],[99.27402404918672,18.38171542659285],[99.27417013852204,18.381471806674014],[99.27434297102053,18.381000268912562],[99.27439676710203,18.38071533717788],[99.27442344844873,18.38043562792812],[99.27440104934227,18.379990266832404],[99.27424787052198,18.379182571116136],[99.27414411087112,18.37874251054765],[99.27410571650356,18.378468077507588],[99.27412119726505,18.37797087011694],[99.27415876031348,18.37770667549299],[99.27426128225913,18.377364717484443],[99.2743531197,18.37713154143623],[99.27456399322656,18.37670137417787],[99.27506671844982,18.375597530378514],[99.2755581281792,18.37420884813347],[99.27568244706983,18.37393417970474],[99.27580148482826,18.37375273616689],[99.27600177399185,18.373498670303054],[99.27625631020068,18.373234178583306],[99.27814162009442,18.37178130434231],[99.27842871404522,18.37153747502656],[99.28152754864192,18.369192020698122],[99.2821181617833,18.36880270893822],[99.28241624189441,18.368657258124912],[99.28334856186612,18.36827263696902],[99.28357618286438,18.368158348973555],[99.28395003819499,18.367904016265374],[99.28416126685968,18.367712083113144],[99.28439946307712,18.36742689212542],[99.28482685926213,18.366758162822478],[99.28540022766126,18.36579401341369],[99.28551929230005,18.365638460060538],[99.28570881523568,18.365441374329773],[99.28592550074976,18.365270143900844],[99.28621811826537,18.365109146970706],[99.28641870872765,18.365041523432243],[99.28675487598152,18.364968513094283],[99.28698265301132,18.364952621581573],[99.28741123334915,18.365008949428848],[99.28759029938313,18.365055288235006],[99.28790509979723,18.36517910871353],[99.28818198496349,18.36532888230291],[99.28835038541186,18.365489184777164],[99.28851742935522,18.365684585399475],[99.28871579625239,18.36601670989738],[99.28932293750309,18.367209106847948],[99.28958005004303,18.367786790356035],[99.28977588709752,18.368133485240538],[99.29012926049613,18.36860941938519],[99.29039003336946,18.36885761394877],[99.29064529248824,18.36905402586764],[99.29092215856997,18.369198611928653],[99.29154629860113,18.369415171507463],[99.29186100423681,18.369476827908226],[99.29219732583076,18.36949186051508],[99.29263667846581,18.369491185800126],[99.29292413248632,18.369475195397083],[99.29322791456238,18.36948509373522],[99.2934286458492,18.369510679848787],[99.29365108794472,18.369546599080564],[99.29426439487027,18.369763165486283],[99.2945358548027,18.3699181204916],[99.29501271251524,18.37029987777889],[99.29520944150666,18.370502296864508],[99.2960029768676,18.371438459336844],[99.29616596258155,18.37159876305085],[99.29664936452208,18.3719708991936],[99.29693171234284,18.37214136403713],[99.29811526604746,18.372771341871857],[99.30086798730528,18.374289643485522],[99.30138923152938,18.37458401971773],[99.30175311760512,18.374847565282323],[99.30193239754965,18.374997472168808],[99.30225302289249,18.375343956478385],[99.30254117174344,18.375721569636404],[99.3027261243534,18.376021658757228],[99.30374424615322,18.378174494727055],[99.30397827521668,18.378619512747985],[99.30415233093832,18.378893722431393],[99.30447843316882,18.379250540856848],[99.30489127571438,18.379584580924647],[99.30537989524287,18.37982461530961],[99.30579508406325,18.379948244409004],[99.30615728097722,18.380013687806827],[99.30647872867456,18.380036475379526],[99.3069587136592,18.37999686659023],[99.30712546186855,18.379961632480462],[99.30730439107504,18.379918621993284],[99.30756054257652,18.379832764904133],[99.30774347322878,18.379750895126474],[99.30806456193604,18.379571696320312],[99.30829210728662,18.3794159534653],[99.30857644048714,18.379163032887664],[99.30890537976472,18.378832332862817],[99.30982310531803,18.377867552223762],[99.31014384215243,18.37750578474962],[99.31023716731282,18.377361920207967],[99.3103304038968,18.377179202444392],[99.31046814086072,18.376848829449067],[99.31065433874396,18.376320264004587],[99.31077995043107,18.376040387884856],[99.31085701722597,18.375912097957283],[99.31103970638327,18.375698155055744],[99.31132811392915,18.37545297850281],[99.31164514242376,18.37529708531465],[99.31179152681668,18.375250236622804],[99.31210874219904,18.37519922139166],[99.31228774705896,18.375191172157546],[99.31254001345569,18.375214062187634],[99.3127190763254,18.375248715134283],[99.3138140493122,18.375588722609724],[99.31450192902561,18.375785683411742],[99.31471355785938,18.375828073375178],[99.3150227560616,18.375835317588816],[99.31520985714648,18.37581170382724],[99.31544571760513,18.375756948492217],[99.3156977792773,18.37566718193095],[99.31616929498294,18.375444999307195],[99.31666528724884,18.375261609140733],[99.31708413963528,18.37516380757078],[99.31741355947011,18.375108893949893],[99.31764940397201,18.375046343214585],[99.31786489058824,18.37497218320614],[99.3183973759449,18.374730475680714],[99.31878764595902,18.374578335493435],[99.31900316718325,18.374523591763815],[99.31919025815338,18.37449608681111],[99.3200525307715,18.374401421163693],[99.32037783204093,18.374311544285796],[99.32061768834012,18.374217904480975],[99.32085335256689,18.374069907730654],[99.32105240549743,18.37390644124024],[99.32127158120338,18.37363806342471],[99.3218761836539,18.37279416194591],[99.32214778973037,18.372280970540444],[99.32243148380213,18.371701751576367],[99.32252883087688,18.371538437694383],[99.32264649482562,18.371375108314357],[99.3227358216165,18.371277852574206],[99.32301199924028,18.37103656657878],[99.32315015552861,18.370946983458655],[99.3243165291498,18.370315765287778],[99.32508883901382,18.369980394606902],[99.32565394955122,18.369792994902063],[99.32775312181782,18.369153697763284],[99.33100412884797,18.368218789283553],[99.33166724187403,18.367999733287903],[99.33191116191345,18.36790997861943],[99.33216313650716,18.36778524361767],[99.33240696673792,18.3676488795303],[99.33280620077126,18.367373768877293],[99.33326484210588,18.366952155852516],[99.33663174339924,18.363496919153796],[99.3553704808197,18.3444218963887],[99.35598084440586,18.343870893982754],[99.35660614150574,18.343411469052082],[99.35701625622798,18.343138082985668],[99.35837818528067,18.34236493017286],[99.36636258984439,18.33798231582535],[99.36734129033505,18.337388792425568],[99.36904702332146,18.336419397090978],[99.37170191807877,18.335051318241867],[99.375164877246,18.333136083862374],[99.38441371403914,18.328073074679285],[99.42436592574546,18.306125778904082],[99.42704812386691,18.30463693507959],[99.44315718607763,18.295803990764135],[99.44698448340368,18.293681405972656],[99.45789494818104,18.287697524251065],[99.4620971116482,18.285375870860104],[99.46439882303788,18.284141445049137],[99.46624247912034,18.2831097584952],[99.46994983765178,18.28108896722949],[99.4707198825409,18.280756686873012],[99.47376302727457,18.279100217778538],[99.47436890388809,18.278746598375655],[99.47574191570976,18.277841413691732],[99.47604693526519,18.277608759778616],[99.4763204298509,18.277354731016114],[99.47685370281825,18.276756507848784],[99.48083913213574,18.271275800196918],[99.48237494236437,18.269137738797085],[99.49731733776723,18.24864375643406],[99.5020434414144,18.242109913341903],[99.50347044938925,18.240172269923324],[99.51379573745032,18.225999004947944],[99.5253511027745,18.21009315733256],[99.52613214843973,18.20903581190847],[99.5266231106224,18.20841065639101],[99.52727929499329,18.207771736099133],[99.5276458958189,18.20746440416077],[99.52923651638967,18.206345031117813],[99.53232413235004,18.204253567483885],[99.53266083114056,18.2039585630695],[99.5328653305152,18.20375379227396],[99.53306966790886,18.203495915459794],[99.53322280123169,18.203258616839772],[99.53336298196004,18.202984573421567],[99.53351572164632,18.20262473847628],[99.53364692601937,18.202207785356],[99.53385358679043,18.201187526610987],[99.53399062460275,18.200340419565514],[99.53400425006079,18.199886013857103],[99.53398099981463,18.198998833758356],[99.53402811529352,18.19864153183132],[99.53411146300276,18.198295660824947],[99.53421315815847,18.198047657881492],[99.53435099757611,18.197782283295666],[99.53450700791568,18.197557173525855],[99.53482169649449,18.19718152255704],[99.53567233381527,18.196246223471277],[99.53627921541776,18.1956281236699],[99.53653182534445,18.195454588790277],[99.5367905831481,18.195315613591145],[99.53710360168978,18.19518799992901],[99.53742274961375,18.195089169527353],[99.53803128323294,18.195012573225434],[99.54100343469506,18.19522889575629],[99.54364407877358,18.1954461111685],[99.54401187509632,18.195485384724563],[99.54419882939847,18.19551943109622],[99.54473574208684,18.19567344902879],[99.55176471616834,18.197928872383564],[99.55457632146089,18.198825226156384],[99.55504690553927,18.198962117366975],[99.55527020540184,18.19905365118297],[99.55555395918694,18.199196838797857],[99.55646237367141,18.199779179821352],[99.55728488274471,18.200355491567898],[99.55815262336463,18.20099386199175],[99.55835328375893,18.201151094456105],[99.5585891924944,18.20137519374358],[99.55881522647475,18.201642376284113],[99.55982801966655,18.203153600181682],[99.56295846915071,18.20756872487692],[99.56321245709574,18.207827212711308],[99.56360539648036,18.208177470628307],[99.56389534312135,18.20836671679748],[99.56428170314672,18.208549921697468],[99.56463177548011,18.208692918202015],[99.56884394282687,18.210160979205433],[99.56908535322243,18.21025244261175],[99.56941737974748,18.210406996417955],[99.56992478491881,18.21073385755854],[99.57092762750781,18.2114164110957],[99.57313883751337,18.212942165825837],[99.57360388351835,18.213217295551335],[99.5738514190395,18.213337536977438],[99.57440055233603,18.213514477471133],[99.57493733764757,18.21360504851208],[99.57671569293281,18.213640024888814],[99.57746933028749,18.213683847028424],[99.57788554957766,18.21376899738961],[99.57841661646594,18.213957513244786],[99.57875479615966,18.214140833496405],[99.57893603847532,18.214261267350654],[99.57915361299092,18.214433419200883],[99.5794317866284,18.214703343171507],[99.57961333493523,18.214915936565486],[99.58002780546352,18.215466280170357],[99.58037611430284,18.215969696749678],[99.58248924742419,18.21882450179323],[99.58442931509413,18.221495764026265],[99.59308543115405,18.233295859761274],[99.59355305116779,18.234002173574265],[99.59373781536445,18.234335001352235],[99.59399040746213,18.234813864789974],[99.59458222742938,18.23604036377593],[99.59523011093337,18.23732802745705]]}},{"type":"Feature","properties":{"NAME":"NORTH EASTERN RAILWAY"},"geometry":{"type":"LineString","coordinates":[[102.08041470708332,14.97231572145197],[102.07701526416726,14.971303589264355],[102.07639825878005,14.971107605237968],[102.07485117376736,14.970665725490566]]}},{"type":"Feature","properties":{"NAME":"NORTH EASTERN RAILWAY"},"geometry":{"type":"LineString","coordinates":[[102.07449490556104,14.970897683887458],[102.07511864915838,14.971216618525796],[102.07604079239216,14.971599245526162],[102.07673059414331,14.9719731323213],[102.07711463694015,14.972119443706015],[102.0774736867705,14.972227460209208]]}},{"type":"Feature","properties":{"NAME":"SOUTHERN RAILWAY"},"geometry":{"type":"LineString","coordinates":[[101.29525694004062,6.557051594213317],[101.2953518063164,6.556901713455321],[101.29564569032485,6.556547716554711],[101.29574685237516,6.55639443813293],[101.29615493453163,6.555948932607572],[101.29665508524988,6.555503004509319],[101.29712226765844,6.555166041416],[101.29759800677338,6.554870893087348],[101.29815746876992,6.55458372923587],[101.30232493717595,6.552597553742264],[101.30302637097127,6.5522427768693685],[101.3172734861077,6.54536368773472],[101.32163263783238,6.5432426072045615],[101.32252653628844,6.54288690484392],[101.32420622545641,6.54232669936041],[101.32757373993273,6.541156014441657],[101.3335234676195,6.539144669269546],[101.3340748044343,6.538916104527172],[101.33452577040974,6.538704757838651],[101.33495153982906,6.53847677542301],[101.33537713439982,6.5382069576544914],[101.33574418545666,6.53794577789184],[101.33636131982846,6.537474166264353],[101.34709094264635,6.528518277170157],[101.34867480403825,6.527171660206379],[101.35039268117669,6.525849536243199],[101.35170985973825,6.524746878547403],[101.35370243598946,6.5231137745939085],[101.35514430050252,6.521834767849695],[101.35730365283878,6.520075299294038],[101.36362257179617,6.514789284986649],[101.36459798449069,6.513989555270979],[101.3654822771122,6.513391134324466],[101.366650712893,6.512707672348319],[101.36726008471256,6.51237837331353],[101.36939682450266,6.511171429085865],[101.37075721565071,6.5103782544149],[101.37188402399873,6.509745200649207],[101.38238330950941,6.503694484340482],[101.38503738493642,6.5021837245051906],[101.38924360293302,6.499744939524656],[101.39231488341517,6.497989474145547],[101.39306593985866,6.497542313984609],[101.4008811162914,6.493072821647315],[101.40582392021992,6.490208365010412],[101.406188830243,6.490020101233854],[101.4066898513516,6.4897953364492835],[101.40728415842294,6.489577271888732],[101.4091097775615,6.488858364747737],[101.41449375163305,6.4867809110811],[101.41739341468364,6.485676623837412],[101.41817366217376,6.485350062629334],[101.41904661172106,6.484908276065997],[101.4262012524229,6.48115791149481],[101.42862674203768,6.479905193708851],[101.42918471003163,6.479594030857622],[101.42972108669494,6.479268626556303],[101.43017135821219,6.478936469823732],[101.43049990159072,6.478647933110581],[101.43107083414012,6.478049744215829],[101.43139170012569,6.477653643810554],[101.43201142688858,6.476761075634906],[101.43293782667999,6.47550836646958],[101.43617248620215,6.4710018944536785],[101.43699164121247,6.469821426179788],[101.44757221966671,6.45522173680565],[101.44881882400414,6.453450948871386],[101.44989494755471,6.452025321642512],[101.45050757753351,6.451161497260018],[101.45174025304006,6.449484048099981],[101.45427642546302,6.4459422476334485],[101.45510301546322,6.444833488750345],[101.45543057634676,6.444344084689748],[101.45680561066979,6.442450716919455],[101.45994015655458,6.43808103291796],[101.46264705297376,6.434272998857557],[101.4660665696859,6.429528895541311],[101.46726326079995,6.427844438436383],[101.46812533121249,6.426663764140912],[101.47042615646274,6.423438765136046],[101.4707824418726,6.422963567862545],[101.47114564523035,6.422438119781403],[101.47145207735373,6.422034906259985],[101.47191574529839,6.4215233188545575],[101.47217273907688,6.4212781758843285],[101.47245133793564,6.421054436932978],[101.47273725303519,6.4208593516122505],[101.47300903601226,6.420707389276913],[101.47362430090087,6.4204031160708315],[101.4742758389734,6.42018475577835],[101.47471283362239,6.420089374075077],[101.47532200988765,6.420007521628944],[101.47585265501148,6.41999777393773],[101.47667744829548,6.420015310605441],[101.47936012560156,6.4201386290622375],[101.4836301998263,6.420287716892904],[101.48522003755912,6.420327828849349],[101.4859373974841,6.420372155602774],[101.48673811668722,6.420356309263458],[101.48723992095847,6.42031801822869],[101.48781326658106,6.420243489898029],[101.48868448135586,6.4199762178784034],[101.49202659389286,6.419051278012749],[101.50050076942924,6.41663068759358],[101.50110966904428,6.4164961876310596],[101.50586438212538,6.416054492144646],[101.50825378775679,6.41585148580372],[101.50865989959799,6.415801669669359],[101.50893449408927,6.415740558673258],[101.5093879071442,6.4155828979642635],[101.50988846629853,6.415293498957552],[101.51037666358555,6.414920479674048],[101.51067410774714,6.414644032393197],[101.51091167295058,6.414343963983146],[101.5111488865548,6.4139721564017],[101.51131469705506,6.413660483763528],[101.51146789300488,6.413217365210153],[101.51159597269375,6.412523274958129],[101.5128978716181,6.400142361280516],[101.51299934092732,6.39889844206411],[101.51316216747756,6.397977021198616],[101.51332643726276,6.397354497188065],[101.51359786463983,6.396647769455807],[101.51381070126841,6.39618042831946],[101.5144746513671,6.395089179038701],[101.51534135415885,6.393913257366073],[101.51660014506038,6.392269118427967],[101.51771622844122,6.3907691421825135],[101.52005481164292,6.387541524672463],[101.52302309516905,6.3835575805037434],[101.5260739250763,6.379358028406909],[101.52729680009828,6.377714065696536],[101.5285786635247,6.375914394052859],[101.53032384286105,6.373550501212505],[101.53157012697562,6.371810770665862],[101.53276932233975,6.370214751128479],[101.53661557017126,6.364971136189389],[101.53703125325563,6.364443037501376],[101.53748218310515,6.363795197821427],[101.53775457155176,6.363291716559934],[101.53801483172046,6.362752424283703],[101.53816788529336,6.3622853994008555],[101.53829576456114,6.361555451526887],[101.53837478428201,6.36061056139101],[101.53848831460398,6.354524470371582],[101.53859235326229,6.353806614870768],[101.53873287072015,6.353220085684927],[101.53893243666256,6.352489786784693],[101.53941723627369,6.35143529540465],[101.53977319795118,6.350919449389583],[101.54031931228761,6.350187467765435],[101.54160210221579,6.348591028490033],[101.54237355347021,6.347511217133362],[101.54327716079192,6.346574235262381],[101.54388417499798,6.346081050921279],[101.5445036260814,6.345683475581274],[101.54501634437806,6.345453798761277],[101.5455411288804,6.345247957277759],[101.54625712059682,6.345041193350963],[101.5481309167942,6.3445657060524],[101.55116223144198,6.343761705998586],[101.5519262932054,6.343614463412151],[101.552547262298,6.3435277073834335],[101.5531804765396,6.343500691609661],[101.55373033103398,6.343533832210142],[101.55428042197667,6.34361481580961],[101.554627297742,6.343684843751552],[101.55540515235607,6.343908161785553],[101.55611146266449,6.344167701691383],[101.56008915835594,6.346264201174634],[101.56114337265586,6.346797009260982],[101.56407999222859,6.348599720967532],[101.56957917729508,6.351465687448562],[101.571819447321,6.3526022914696005],[101.57253821504324,6.352957389118503],[101.57338859795387,6.3533476992907305],[101.57465768280413,6.35383155511716],[101.5773760645383,6.3549896577924905],[101.57947159995757,6.355851942384006],[101.58118377278093,6.356524866237171],[101.58399771550428,6.3576704889436595],[101.5861889080444,6.358544234172178],[101.5906314765874,6.360375059679766],[101.59336743006912,6.361454043240017],[101.59423022203826,6.36169240527497],[101.59518429477247,6.361788036920906],[101.59573648730242,6.36181037697562],[101.59652239078332,6.361731099829282],[101.59719111037471,6.361635678710911],[101.60469573328085,6.360242171590533],[101.60524716138019,6.360113852400389],[101.60566464159496,6.359961111638493],[101.60659953584666,6.359571433494326],[101.60756751236161,6.3591062792228765],[101.6116065327429,6.35721967287641],[101.61229069123014,6.3568731006839805],[101.61274933791834,6.356594629082745],[101.61524925418053,6.354715783834486],[101.61719909144126,6.3532330429506825],[101.61790713792743,6.3526520211558],[101.61820664558472,6.3523325073490025],[101.618489431131,6.352013059189107],[101.62218822180279,6.347383252629892],[101.62345982326933,6.345770039223476],[101.62402525347859,6.345106065893651],[101.62444142156816,6.344702269036954],[101.62483297259104,6.344390634814037],[101.6260581465146,6.343522472927353],[101.6283171641099,6.3419963066999765],[101.63498530791716,6.337401619937467],[101.6367355537978,6.336170920427425],[101.6413116282798,6.3330513040861085],[101.6470042194094,6.329105883486095],[101.64757090299656,6.328701312883399],[101.64797907899057,6.328372857134895],[101.64837025912185,6.327994277248194],[101.64900215579046,6.327254633563586],[101.64993241476952,6.3259779068774105],[101.65493427742341,6.319466878611219],[101.6555666684313,6.318827651427239],[101.65586647449771,6.318575071461635],[101.65625802636477,6.318271813239467],[101.65674981225091,6.317942928107181],[101.65758411927051,6.317536987234671],[101.65828524326017,6.317257259880058],[101.65927038931099,6.3169091208526025],[101.66080679574391,6.316415897768011],[101.66313610092028,6.315600624678446],[101.66676753385181,6.314276559239462],[101.67467343437572,6.311457733355742],[101.67555874663351,6.311218868025065],[101.67616043016314,6.311123722635144],[101.67729775485391,6.311101144046044],[101.67855282249037,6.311203469701319],[101.68097119564332,6.311458812340093],[101.68663620476892,6.312023740367545],[101.68735556435429,6.312045121628102],[101.68789047103645,6.31197542108653],[101.68846685072762,6.3118385485624415],[101.68899268650271,6.311634998389933],[101.6894514686525,6.3113983161679315],[101.68999309126843,6.311010580190916],[101.69187366718614,6.309159880793317],[101.69501872725867,6.306005571917457],[101.69545993991119,6.305609988694081],[101.69594310061544,6.305239301324892],[101.69639314763639,6.3049357239349995],[101.69721910683323,6.30454651388547],[101.69771980700422,6.304334724493051],[101.69923140574737,6.3039168492311015],[101.70264681284159,6.302920102151105],[101.70438368687167,6.302400631029406],[101.70503486830732,6.302179690999888],[101.70564397104036,6.301908743168088],[101.70627769335344,6.301545634099725],[101.70683602754147,6.301157803266033],[101.70772652090342,6.300316378180262],[101.70834189533007,6.299643752804198],[101.7086411348616,6.299290744691618],[101.71103584090827,6.296617282185797],[101.71137659068313,6.296205468000151],[101.71175854872175,6.295676312443546],[101.71213976753452,6.295004885669773],[101.71417213273331,6.291814501942448],[101.71511802408958,6.290370280781292],[101.71542539706503,6.289975388256099],[101.71570799597963,6.289639215546457],[101.71603265234326,6.289353012305678],[101.71671552633926,6.28879717977114],[101.71733220049639,6.288375565754861],[101.71789092737582,6.288071415696843],[101.7183833685537,6.2878847539962734],[101.71905121477424,6.287655354967764],[101.71990302513412,6.287424978669837],[101.7244790377973,6.286112483108834],[101.72846231872084,6.2850038791179985],[101.73006575246822,6.284577122094957],[101.73565234764447,6.283033332037381],[101.74217404805617,6.281208468994309],[101.74289985232627,6.280878312452867],[101.74371682943516,6.280388693368073],[101.74406673153223,6.280135826751999],[101.7451492326437,6.279251529397388],[101.7461812484477,6.278308924868813],[101.74850398630473,6.276321944136688],[101.75000220271092,6.274983606396576],[101.75262458406173,6.272735652130021],[101.75304897861926,6.272340138658904],[101.75389806551465,6.271599315549538],[101.75431445059283,6.27127077873812],[101.75750483345762,6.268911054051823],[101.7591789658166,6.267638717637763],[101.76267742912096,6.265034695050054],[101.7636018501743,6.264318563665007],[101.76799977137358,6.261032004907489],[101.78660648286436,6.247043490605287],[101.79117899336217,6.243630435351491],[101.79373601416893,6.241742557870958],[101.79457709678005,6.2410938017018],[101.79510996385913,6.24066422735787],[101.79563407323825,6.240159401618695],[101.7983886195208,6.237684747900385],[101.80153447244966,6.234898422629932],[101.80360700615948,6.2331135154498165],[101.80423937219899,6.232532797548013],[101.80455546115641,6.232221527968969],[101.80487122122771,6.23185167425183],[101.80523649831913,6.231356057193311],[101.80552687125977,6.2309277889402095],[101.80572544714192,6.230533466304426],[101.80906693013306,6.2236711977581365],[101.81119222094874,6.219241934225574],[101.81142406260703,6.218813979244295],[101.81179535480261,6.2178832293133475],[101.81291601915748,6.214789722175805],[101.81460481664651,6.210044847444112],[101.81555252552674,6.2074459566656675],[101.8165245913017,6.204713038625466],[101.81853376492029,6.1989038431332535],[101.81963741186873,6.195760243091795],[101.82339513556762,6.185456907441419],[101.82573576932272,6.179102117926763],[101.82619750723993,6.177886409771727],[101.8271941955405,6.175078092861769],[101.82779512315899,6.173309432516103],[101.82828957474847,6.171959672221755],[101.82851246152796,6.171422983886671],[101.82886011737703,6.170768498971051],[101.82997035325917,6.168879982295904],[101.8314869653104,6.1663701268728035],[101.83291198655581,6.163936073177383],[101.8347178669911,6.160805522801649],[101.83511531527193,6.1600838268417135],[101.83554549688436,6.159228095174062],[101.84075293460545,6.14648235678382],[101.84106743656729,6.1458866209207015],[101.84139066692755,6.145357767991898],[101.84450005484362,6.140555248898113],[101.8457522480155,6.138649268392415],[101.85178809549465,6.129254401007345],[101.85362065814134,6.126458412458815],[101.85424315279639,6.125618394659058],[101.85610860430428,6.122721848841081],[101.8578084687586,6.120127379129114],[101.85908529769493,6.118154330470468],[101.85985614561147,6.116920275157436],[101.86319718636446,6.111714950683808],[101.86422531336461,6.110136480151336],[101.86596611019046,6.1073912157529815],[101.86737574621738,6.105250135723489],[101.86866905341945,6.1032435347056175],[101.86944026835569,6.102084793645359],[101.87046001071246,6.10050637331824],[101.87425171345679,6.095198266855327],[101.87520590962622,6.093871204045061],[101.87577859474158,6.093106751266328],[101.87766991080375,6.0903941524063425],[101.88208404564915,6.084271161256265],[101.88288869792997,6.083120593374899],[101.88402534255502,6.081533193400033],[101.88631538956125,6.078366667738337],[101.88765095996082,6.076468639623172],[101.89056332114016,6.072453748948479],[101.89268698107571,6.069447085097792],[101.89505163572251,6.06617977034997],[101.89702592968627,6.0633830927361485],[101.89871860348013,6.061064815861284],[101.90240204349703,6.0559163068252495],[101.90325681586184,6.054773861949265],[101.90649241092821,6.050288719558789],[101.9071476873533,6.049356507175405],[101.90811019163804,6.048046160861962],[101.90842526425797,6.047575930548091],[101.9086821059449,6.047156230642163],[101.9089219261752,6.046678041065832],[101.90904550795214,6.046342708856066],[101.90991775799667,6.043786223333675],[101.91185853209382,6.0378689788950615],[101.9121057630619,6.037215062292641],[101.9123872334898,6.036711541964638],[101.91267768486325,6.036325136966293],[101.91295181079695,6.036014090194084],[101.9132096047858,6.035770076073906],[101.9135841957728,6.035491981283937],[101.91437558775232,6.035010838657664],[101.91493392732441,6.0347066512192],[101.9163257828218,6.033988036976982],[101.92145928718871,6.031241363650303],[101.92256773304794,6.030666478384866],[101.9235506048211,6.0300504492224585],[101.92402499476681,6.0296797635652455],[101.92588007038765,6.028071796777768],[101.92711144426379,6.027044458184218],[101.92979852221161,6.024745961170307],[101.9307221132356,6.023987995906831],[101.93205321095894,6.022859738947798],[101.9326111003561,6.022480238879415],[101.93302761013844,6.022227005123534],[101.93357772823899,6.021956325404582],[101.93449522718133,6.021625087094863],[101.93502113585173,6.02151349578049],[101.93556384159875,6.021418539405135],[101.93595643775352,6.021382953516784],[101.93641588233363,6.021347007269175],[101.93727696891398,6.021400947550447],[101.93949290014095,6.021639994386347],[101.94184281495814,6.021928505110703],[101.9483403272042,6.022679836061825],[101.95318224881225,6.023264354745678],[101.95457106175847,6.023549648219815],[101.96185130425155,6.025325606767007]]}},{"type":"Feature","properties":{"NAME":"EASTERN RAILWAY (CHACHOENGSAO-SATTAHIP)"},"geometry":{"type":"LineString","coordinates":[[100.95847446135747,12.731120316715762],[100.95908835983187,12.730658151272236],[100.95937399812563,12.730421682326753],[100.96006571211825,12.729775690012412],[100.96045203552119,12.729328033648725],[100.96071489298944,12.728981153050704],[100.96127497411723,12.728163935003062],[100.96191711776405,12.726984681524948],[100.96267443027313,12.725536623514596],[100.96291629867746,12.72514104901241],[100.96332158856437,12.724586780831219],[100.9636899699424,12.724173683206974],[100.96414671389297,12.723722651563502],[100.96457047409027,12.723371318044311],[100.96868072708357,12.72034815193868],[100.96932286880877,12.719850127082852],[100.9699431435754,12.719252790782042],[100.97029480566394,12.718864688803636],[100.97073791876451,12.718289381854161],[100.97106349018475,12.71780200047243],[100.97128861911554,12.717431441642104],[100.97152171461751,12.716998629938084],[100.97174593270351,12.716507855412242],[100.97185784023328,12.716237593305062],[100.97201480823064,12.715788781059132],[100.97222027619675,12.715057739369376],[100.97232175257608,12.71453056259976],[100.97243250664704,12.71356396580931],[100.97244898191907,12.712962826043182],[100.97237910301936,12.709864842396252],[100.97237257912397,12.708198627829463],[100.97234544561341,12.706734620914398],[100.97220741388755,12.70033480399799],[100.97219868281667,12.700023995167513],[100.97215455627378,12.69963883485568],[100.97213088257456,12.69862246397492],[100.97208140593852,12.695899594610397],[100.97208743311083,12.695448776843154],[100.9721168141679,12.694742886190475],[100.97218715149445,12.694008704008615],[100.97325752788157,12.686225837444809],[100.97333770517132,12.685538208651671],[100.97334937176137,12.684997206147402],[100.9733201078304,12.684487604916567],[100.97321094141162,12.683879105322243],[100.97307749304855,12.683407575113788],[100.96924230380377,12.673808283038715],[100.96421344620813,12.65877432341491],[100.96392912235873,12.658027208657431],[100.96361408039733,12.657401578963716],[100.96340892641186,12.657070447902877],[100.96314321672055,12.656683806380746],[100.96295132545478,12.656430319298808],[100.96255528183367,12.655976244707844],[100.95641806816437,12.649091997575734],[100.9553645250495,12.647930854576428],[100.95493648862724,12.64743037161482],[100.9528227039948,12.645055229166044],[100.95212993827417,12.644289338204441],[100.95190980510706,12.644067125757024],[100.95148900684127,12.643681604944145],[100.95112596696565,12.643398261875511],[100.95044195534831,12.64295249074178],[100.94677197123025,12.640741012991045],[100.94611345040406,12.640316810055964],[100.94583646152726,12.640107444872676],[100.9455719543553,12.63987622057682],[100.94540608469751,12.639709542798247],[100.94307193198235,12.637059235753835],[100.94265638758444,12.636527557809531],[100.94247717410202,12.636270848267662],[100.942172747735,12.63578187687785],[100.94189339967902,12.635261624437769],[100.94024139536765,12.631546225662492],[100.9400806950369,12.631224074851211],[100.93972505091462,12.63065774625038],[100.93943731718086,12.630283690115276],[100.93897147652953,12.629795886735078],[100.9386974648699,12.62956161215177],[100.93847779700798,12.629395320323923],[100.93799420280124,12.629072422108386],[100.9332372802995,12.626246842585832],[100.93292893410779,12.626074986650165],[100.9327065263206,12.625964683976177],[100.93247475964282,12.625873088543168],[100.93215114219724,12.625775956896694],[100.93185942602126,12.625712783894397],[100.93141270609355,12.62566006018985],[100.9311942163066,12.625652313321396],[100.92843079497479,12.62566297179565],[100.92547325344943,12.625961026712455],[100.92492613478524,12.626030242207687],[100.92199379855512,12.626315639192633]]}},{"type":"Feature","properties":{"NAME":"SOUTHERN RAILWAY"},"geometry":{"type":"LineString","coordinates":[[100.54589344497488,13.819171238052062],[100.54587348298,13.819209257916874]]}},{"type":"Feature","properties":{"NAME":"SOUTHERN RAILWAY"},"geometry":{"type":"LineString","coordinates":[[100.54589344497488,13.819171238052062],[100.54595069331889,13.81906215487382],[100.54604473445151,13.81877004928702],[100.54607700757424,13.818539182875194],[100.54607235708487,13.818092640651658],[100.54602449003399,13.817717087897636],[100.5450472867237,13.812923246628388],[100.5449294865155,13.812268819222686]]}},{"type":"Feature","properties":{"NAME":"SOUTHERN RAILWAY"},"geometry":{"type":"LineString","coordinates":[[99.9594192794378,8.44143055052196],[99.95948257822592,8.440787890323614],[99.95979094097906,8.438658617420003],[99.96027241061125,8.435096750209333],[99.96029288361404,8.43462649098322],[99.96028108304444,8.43422450986702],[99.96023660974647,8.433736460609195],[99.96016714251282,8.43334180797725],[99.96003624885968,8.432886273075924],[99.95994180557156,8.432592165439743],[99.95841068190421,8.428590142380939],[99.95786272497169,8.427109057798368],[99.95643690419989,8.42339749226201],[99.95245687697319,8.412926090274075],[99.9405837769494,8.381794873352673],[99.94035868020896,8.381120596884763],[99.9402496111044,8.380726029943599],[99.94009256919595,8.379872106885779],[99.94005950146236,8.37961016580648],[99.9400183736579,8.378996463893243],[99.94003044438006,8.378020111636191],[99.94034038847583,8.36899196588298],[99.94047296024321,8.365664240282252],[99.9414658067406,8.337786348179387],[99.94203456852118,8.32244017128186],[99.94259143495813,8.306627375864501],[99.94382190619405,8.27254631087688],[99.9438282494727,8.27218017747571],[99.94381296757655,8.271814096030187],[99.94377606906674,8.27145163989394],[99.94373205780387,8.271132283717511],[99.94366641496075,8.270802217732795],[99.94353187240752,8.270289236083299],[99.94335769497134,8.269779960121758],[99.94195847194032,8.266269181218615],[99.94154875768301,8.265200500471167],[99.94137784385242,8.264544034483123],[99.94127547155146,8.263919710486412],[99.94122354533853,8.263295267757366],[99.941226052914,8.262839400438995],[99.9412715661695,8.262272148682257],[99.94312838853756,8.247558226545012],[99.94316003247756,8.247227929839555],[99.9431699078732,8.246836652760425],[99.94315808406455,8.246405954847315],[99.94312474707357,8.24602194787798],[99.94302228661374,8.245358151876555],[99.94293496682097,8.245002999983406],[99.94269534820076,8.24423900378553],[99.94246346306103,8.24369396435942],[99.94231864868578,8.243407147388956],[99.94208710437309,8.243005657401936],[99.94180503059088,8.242575593828088],[99.94123412494334,8.241891354751067],[99.94045758670872,8.241099905660025],[99.91631873008458,8.21694472247465],[99.91601532996472,8.216615188117151],[99.91575881392633,8.216307070501722],[99.91557814024068,8.216074168338345],[99.91529256872602,8.215662037756505],[99.91510815728276,8.215371704086785],[99.91408082788462,8.213582881806035],[99.89250544262582,8.175873289056836],[99.89190864059358,8.174804923597417],[99.89160449003735,8.174112816254784],[99.8913470736541,8.173377540548804],[99.8911799024219,8.172721028948626],[99.89041341004456,8.168235821002003],[99.88765682390215,8.15161164763685],[99.88746360758664,8.150574689683005],[99.88730775008638,8.150133534537245],[99.88721723449495,8.149929127428333],[99.88706532135417,8.149649465546576],[99.88691714025325,8.149427253850618],[99.88664983422278,8.149101185601145],[99.88646931417432,8.14891492368076],[99.88610842047211,8.148617787369565],[99.88583062644085,8.148424550872614],[99.88534737626722,8.148185121315919],[99.88509862466516,8.148095920622918],[99.88484630641709,8.14802467534466],[99.88461566231024,8.147978518964536],[99.88408716754614,8.14791689626931],[99.88166154282275,8.147891612189449],[99.88085457308077,8.14786824783509],[99.87985271004936,8.147740533601336]]}},{"type":"Feature","properties":{"NAME":"SOUTHERN RAILWAY"},"geometry":{"type":"LineString","coordinates":[[100.46682891703088,7.003868621992275],[100.46698683956738,7.002680187701547],[100.46704324392337,7.002335461846111],[100.46712878029939,7.002030074700741]]}},{"type":"Feature","properties":{"NAME":"SOUTHERN RAILWAY"},"geometry":{"type":"LineString","coordinates":[[100.46689907432645,7.0070876217941045],[100.46709134349801,7.0054422978132145],[100.46758961451869,7.001794097773576]]}},{"type":"Feature","properties":{"NAME":"SOUTHERN RAILWAY"},"geometry":{"type":"LineString","coordinates":[[100.46689907432645,7.0070876217941045],[100.4669138586694,7.006569287690358]]}},{"type":"Feature","properties":{"NAME":"SOUTHERN RAILWAY"},"geometry":{"type":"LineString","coordinates":[[100.4669138586694,7.006569287690358],[100.46708711809612,7.00535358134203],[100.46751257006447,7.0021119405809245]]}},{"type":"Feature","properties":{"NAME":"SOUTHERN RAILWAY"},"geometry":{"type":"LineString","coordinates":[[100.4669138586694,7.006569287690358],[100.46692547392969,7.0059384903350095],[100.46737354309819,7.002697390197092],[100.46751257006447,7.0021119405809245]]}},{"type":"Feature","properties":{"NAME":"SOUTHERN RAILWAY"},"geometry":{"type":"LineString","coordinates":[[100.4670159189817,7.003206607863917],[100.46711472239349,7.002603245525987],[100.4673217393973,7.00186895830025],[100.4674148735393,7.00162227492784]]}},{"type":"Feature","properties":{"NAME":"SOUTHERN RAILWAY"},"geometry":{"type":"LineString","coordinates":[[100.46712878029939,7.002030074700741],[100.46769794372835,7.000609115507014],[100.4680133811969,6.998369372321078]]}},{"type":"Feature","properties":{"NAME":"SOUTHERN RAILWAY"},"geometry":{"type":"LineString","coordinates":[[100.46716779506448,7.001655234527192],[100.46721883494591,7.001521692788178]]}},{"type":"Feature","properties":{"NAME":"SOUTHERN RAILWAY"},"geometry":{"type":"LineString","coordinates":[[100.46719854385762,7.002454914657065],[100.4672991539577,7.00206799159418]]}},{"type":"Feature","properties":{"NAME":"SOUTHERN RAILWAY"},"geometry":{"type":"LineString","coordinates":[[100.46721883494591,7.001521692788178],[100.46747641963442,7.000681016253587],[100.46763850624204,6.999686327697675],[100.46785045453794,6.999095039470906],[100.4678935018984,6.998931001427342]]}},{"type":"Feature","properties":{"NAME":"SOUTHERN RAILWAY"},"geometry":{"type":"LineString","coordinates":[[100.52032231589091,13.817498012870484],[100.52052766046091,13.817695602506419],[100.52118329248297,13.81841465489012],[100.52170872535851,13.818937965822663],[100.52209579322736,13.819455154397247]]}},{"type":"Feature","properties":{"NAME":"SOUTHERN RAILWAY"},"geometry":{"type":"LineString","coordinates":[[100.52067271125327,13.817152325509015],[100.52146505942602,13.818449062679434],[100.52165074306919,13.818731540801483],[100.52199234972333,13.819167835073031],[100.52209579322736,13.819455154397247]]}},{"type":"Feature","properties":{"NAME":"SOUTHERN RAILWAY"},"geometry":{"type":"LineString","coordinates":[[99.51335413527322,7.410210310026184],[99.51499818658189,7.411111971056186],[99.51570709177008,7.411480910657302],[99.51799939525058,7.412720353569186],[99.53673068091173,7.422922192619283],[99.53741446295763,7.423312669563587],[99.54234123213055,7.425981171797756],[99.54254635721414,7.426099387969537],[99.54340659939628,7.426651177477527],[99.54816143972118,7.429847521776446],[99.54857175231807,7.430098305790437],[99.54930585676392,7.430449205677104],[99.54993553654835,7.430685359940097],[99.55296118488052,7.431500088497167],[99.55365190617499,7.431660783271157],[99.55427779126151,7.431738973583216],[99.55697174413572,7.431886375269384],[99.55720913435925,7.431918384626302],[99.55791423142881,7.43205751027268],[99.55854743595458,7.432243389451268],[99.5592275277341,7.432522536958734],[99.55960540460862,7.432712329988716],[99.56276526207694,7.434402751761892],[99.56330518225839,7.434753891477522],[99.56396400264705,7.435273586241868],[99.5644393425288,7.435743254675667],[99.56474189050864,7.436091082618156],[99.56519944046735,7.436711547199612],[99.56559957841027,7.437439787561761],[99.56588813699886,7.4380927749603565],[99.56692090028271,7.440886362419923],[99.57126192815286,7.452445406590781],[99.57245301058532,7.455671177151541],[99.57691765562602,7.467572981621073],[99.57963933478851,7.474960974001279],[99.57982693350601,7.475387910216771],[99.58009734234493,7.475879370815484],[99.58027036314043,7.476159163927872],[99.58069557763955,7.476754511292754],[99.58099457232275,7.477105922798438],[99.5812791355199,7.477407113547426],[99.5817148742345,7.477805007267467],[99.5818912930806,7.477944785289702],[99.58220813683167,7.478177705707633],[99.58274811267621,7.478518016549133],[99.58318001962445,7.478740021123307],[99.58353992775314,7.478904675502154],[99.58390338916816,7.479047797909619],[99.58621007111599,7.479870407699867],[99.58662751959878,7.480034981991906],[99.58694782893626,7.480178160044475],[99.58714220752782,7.480281992006519],[99.5876137759263,7.480568554285508],[99.58809264353619,7.48094126466363],[99.58829791637497,7.481127665214455],[99.5884960349935,7.481335619322406],[99.58930658683838,7.482275076835207],[99.59091338396891,7.484204264984308],[99.59124476778777,7.484559218680288],[99.59167331003444,7.484935585746347],[99.5918569371315,7.485075348692046],[99.59223854162074,7.485329719048278],[99.59267408940205,7.48557323448687],[99.59582711696001,7.487152109020049],[99.59621592288018,7.487402871249949],[99.59659758633045,7.487696730935221],[99.5968388711936,7.487908197840513],[99.5971017880277,7.488166318029317],[99.59734675814138,7.488438818156274],[99.59765307326471,7.488862008144918],[99.59784772763115,7.489177647165041],[99.59818322421857,7.489887985963553],[99.59829876804244,7.4902144951472565],[99.59841809804797,7.490677432864045],[99.60018902161094,7.499459401286337],[99.60305039968603,7.513804109266614],[99.60407563395015,7.519047473196823],[99.6046008247202,7.521652971852771],[99.60470242499171,7.522288248227031],[99.60473163927715,7.522607703049928],[99.60499322392681,7.527069517326498],[99.60524409308876,7.531574433855167],[99.60536969703162,7.533947143561403],[99.60538873109903,7.534700980048684],[99.6053678801655,7.535232315734759],[99.60523611411854,7.536190983477247],[99.60503946007128,7.537063583874697],[99.6048033476535,7.538008039113606],[99.60470337634821,7.5385502470513766],[99.60454347696076,7.539972052740558],[99.60450811414644,7.5404136378253135],[99.60452699847528,7.5410597897116505],[99.60455986100101,7.541411547003787],[99.60461798349628,7.541813526639649],[99.60517178545683,7.54427180189089],[99.60581573945804,7.546877147811625],[99.60591694550091,7.547221622712039],[99.60608370925294,7.5481332128651415],[99.60612763956821,7.548685984303467],[99.60613580205033,7.549375239409143],[99.6060899812396,7.5500645503761055],[99.60597224182226,7.550764724928505],[99.60576101721058,7.551493759524973],[99.60565350705679,7.551795453811268],[99.60537740629255,7.552434826684826],[99.60302843170093,7.557736690905016],[99.60235432090617,7.559335097925562],[99.60214658392921,7.559988731552726],[99.6020321354806,7.560484295397977],[99.60192855958297,7.561015725848973],[99.60188587703846,7.561374774641067],[99.60184006285198,7.562060491721316],[99.60181078555213,7.564297017526455],[99.60181314298616,7.571193084473881],[99.60171915467562,7.591597876463769],[99.60170248675524,7.592534839306687],[99.60165286249831,7.593069789415097],[99.60154941224862,7.5937089401564135],[99.60133469888147,7.594549256412466],[99.595764405346,7.612132783745391],[99.59381190085385,7.618213053372903],[99.59358696511235,7.618954922553887],[99.59135930644308,7.6259343963535855],[99.5908972041109,7.627431986929502],[99.59035260887637,7.629109194464463],[99.58985524760269,7.630706384340715],[99.58945088965632,7.631926599449503],[99.58753300160544,7.637965565135705],[99.58654408901883,7.641025461642767],[99.57905913022064,7.664480823370785],[99.57889444832867,7.665102084379482],[99.57884082243282,7.6653642244810145],[99.57877667066246,7.665820222034042],[99.57872366617791,7.666541847271614],[99.57873146225667,7.66697979688075],[99.57877167269805,7.667453604391972],[99.57884066856279,7.667916591235758],[99.57894574883525,7.6684513306859],[99.57916982460851,7.669169008365168],[99.5793647661084,7.669639012859963],[99.57948746102586,7.669893729124275],[99.57979045093154,7.670428201638116],[99.58164759679535,7.673329879975207],[99.58202625214257,7.673939643815593],[99.58219224478353,7.674269676248861],[99.58716578195694,7.6851006209772414],[99.58789491062471,7.686715044882473],[99.58819079673039,7.68729260787231],[99.58846847787275,7.687730186311537],[99.58880739076179,7.6881999873700835],[99.58891913749358,7.688343418879358],[99.58924710877608,7.688701957465996],[99.59462383930283,7.694201331848677],[99.59679333614284,7.696434792155205],[99.5970384333542,7.696707262610362],[99.5973592792062,7.697112467103435],[99.5978028615666,7.69780109364452],[99.5979616213308,7.698095245773989],[99.59821066704637,7.6986261838690755],[99.59849251658463,7.699440686531273],[99.59855766686826,7.699709831491587],[99.59867006490356,7.700312760768297],[99.59873564684369,7.700876279395829],[99.59895931911961,7.706397104547391],[99.59923445153412,7.712675324958576],[99.59943238441068,7.717783362896096],[99.59947254076775,7.718196126588418],[99.59954881196755,7.718684234042047],[99.59963944143061,7.719147202820413],[99.5997588603674,7.719613705835679],[99.59999738827013,7.7203385143846734],[99.60409853182625,7.731913483893585],[99.6042249382855,7.732232797096229],[99.60436572631946,7.732530546975448],[99.60566847086807,7.73500567027391],[99.60912557629753,7.741487551111235],[99.60943582398751,7.7419932528500235],[99.60959448810567,7.742215598692516],[99.61005958029195,7.742778541497932],[99.61049929521037,7.743219461840156],[99.61104697620655,7.743663802463103],[99.61364809651958,7.745465740751273],[99.61440829226088,7.746017471192003],[99.61492000113016,7.746458283403028],[99.61585338382001,7.747314896644272],[99.61662818092216,7.747992253161176],[99.61706775731726,7.74832905887621],[99.61749645064242,7.748615622271017],[99.61796830832081,7.748876986099059],[99.61837527583053,7.749063066691545],[99.61869578497455,7.749195421232978],[99.61930073127418,7.74939199422319],[99.61965357835932,7.749488401695605],[99.61999199622585,7.749559709678466],[99.62210152413869,7.7498832950684085],[99.6227171386955,7.750008046167207],[99.62340128744127,7.750222429287941],[99.62377220196358,7.750365487845317],[99.62408193343047,7.750505023984266],[99.62463302328635,7.750802182074173],[99.62536437529202,7.751300083044833],[99.62555537105061,7.751461335149975],[99.62613199123525,7.751991787385059],[99.62640597041575,7.752292925796196],[99.62666557853291,7.752608440680619],[99.62693246420805,7.752984983037551],[99.62738347903236,7.7537381709818485],[99.63128093417318,7.760728915407083],[99.63149388700224,7.761137841446669],[99.63174308059585,7.761711839477777],[99.63188403180008,7.762099326688188],[99.6320795039061,7.762852887492631],[99.6321411844641,7.763175880339667],[99.63220685148835,7.763768100715014],[99.63221839357297,7.7642706504087196],[99.63220829477311,7.764733738554521],[99.63217286948527,7.76511431948031],[99.63203378281916,7.7659760785907475],[99.63126974221623,7.770116233403117],[99.63119161055874,7.770816349553573],[99.63119966719826,7.7713978926906275],[99.63125799691377,7.771889610902576],[99.63135228281618,7.772366900234114],[99.63154398208704,7.772991239524961],[99.63170649324107,7.773360745116082],[99.63188698358763,7.773705104668689],[99.6320818181846,7.7740278982007895],[99.63304498795792,7.7754731447782905],[99.63651058764724,7.779901348612356],[99.6369145150869,7.780435615913125],[99.63703717833468,7.78062210197643],[99.6372356343188,7.780952075183346],[99.63747386813472,7.781400433256357],[99.63764365505688,7.781809418472261],[99.63786779370497,7.782455230336873],[99.63805252978234,7.783230345859547],[99.63812527565175,7.783729227649425],[99.63815473818569,7.784174304607745],[99.63816632245432,7.784698397525586],[99.63815381615177,7.791149787025411],[99.63816180226553,7.798788813832504],[99.63814587671683,7.8001565468977985],[99.6380785632672,7.800867428321154],[99.63785719626435,7.802059562866136],[99.63712475118734,7.805657633363609],[99.6368033004638,7.807316603592624],[99.63609938197885,7.8107494854505415],[99.63048285798584,7.838722295460033],[99.63035447823911,7.839537355493625],[99.63032267027947,7.839928692906506],[99.630305556002,7.840517440988798],[99.63030670139409,7.841278475260091],[99.63036333079964,7.857360593572047],[99.630381271174,7.874002748305422],[99.63037477954762,7.8744766107119855],[99.63034667864655,7.874936148337686],[99.63012318788488,7.877137025000776],[99.63008453254807,7.877754517256523],[99.63009266578376,7.878379126392463],[99.63036267345919,7.883127984732639],[99.63036695478793,7.883587473491776],[99.6302997391707,7.884373728150533],[99.62932937631885,7.89025882348585],[99.62925493690815,7.891023563362338],[99.6292045338601,7.902920132764434],[99.62918200285125,7.90468992279659],[99.62915991136704,7.909116132112343],[99.62913549570779,7.909629514339168],[99.62906441199961,7.91024346115742],[99.62893926926822,7.9108252012302325],[99.62511557456246,7.925139761406427],[99.62499417399385,7.925818413820774],[99.62495868051099,7.9261594813813145],[99.62494180305637,7.926906183134871],[99.6249494344,7.927186167095087],[99.62498232557516,7.927509199327368],[99.62509501445182,7.928223401306733],[99.62738477869914,7.9375712932891185],[99.6275259489267,7.93807005094097],[99.63256951016038,7.958570719533109],[99.6363634440673,7.980997282420329],[99.63649788793904,7.98176527485777],[99.63659938408044,7.982195898770337],[99.64328914752811,8.009137331338014],[99.64341222736044,8.009539206741996],[99.6470991252547,8.020406737835877],[99.64727291010323,8.020984417755878],[99.64736712237861,8.021354011558921],[99.65053243853541,8.03698948908995],[99.65082660276913,8.03852902516213],[99.6512257290714,8.040377098395643],[99.65140011461992,8.041320921591932],[99.65220956582219,8.045268345137202],[99.65277953491447,8.048085379745231],[99.65285948292241,8.048533961580295],[99.6564972652444,8.066487539484168],[99.65817850231663,8.074899150610328],[99.65833083206228,8.07554865545972],[99.65841776205389,8.075846456035936],[99.65852631911041,8.07615140979114],[99.6587432884865,8.076682329724218],[99.66089725241649,8.081133700561194],[99.66153471238562,8.082480089340821],[99.66177980375056,8.082960465362016],[99.66332233318799,8.086148190592233],[99.66390427943072,8.087385705372693],[99.66403086056692,8.087704983752445],[99.66621637758078,8.09373930591692],[99.66634297558635,8.09406577024706],[99.66681870718477,8.095162855166429]]}},{"type":"Feature","properties":{"NAME":"SOUTHERN RAILWAY"},"geometry":{"type":"LineString","coordinates":[[100.5197210188258,13.816957100299849],[100.52032231589091,13.817498012870484]]}},{"type":"Feature","properties":{"NAME":"SOUTHERN RAILWAY"},"geometry":{"type":"LineString","coordinates":[[100.51858860482692,13.815995758029349],[100.5192905010223,13.816626429748514],[100.5197210188258,13.816957100299849]]}},{"type":"Feature","properties":{"NAME":"SOUTHERN RAILWAY"},"geometry":{"type":"LineString","coordinates":[[100.51868035058783,13.815256227573453],[100.52037681791516,13.81681178814287],[100.52047399355939,13.816907229571862],[100.52067271125327,13.817152325509015]]}},{"type":"Feature","properties":{"NAME":"SOUTHERN RAILWAY"},"geometry":{"type":"LineString","coordinates":[[100.51886695196666,13.815143220727306],[100.52000986376945,13.816210684367663],[100.52027317018937,13.816518674796143],[100.52067271125327,13.817152325509015]]}},{"type":"Feature","properties":{"NAME":"SOUTHERN RAILWAY"},"geometry":{"type":"LineString","coordinates":[[100.51789125192437,13.815080334010108],[100.51969804978668,13.816713174294055],[100.51993157410173,13.816973864238689],[100.520177796566,13.81732602070572],[100.52032231589091,13.817498012870484]]}},{"type":"Feature","properties":{"NAME":"NORTHERN RAILWAY"},"geometry":{"type":"LineString","coordinates":[[100.4174985459222,15.168120718850897],[100.4196928871113,15.16583299080859],[100.41997100607063,15.165559345713175],[100.42127643012596,15.1641449345178],[100.43522745801667,15.148943610432832],[100.44685576648455,15.13622089039024],[100.45008544343905,15.13272417006828],[100.455924568879,15.126337273823008],[100.45766959699968,15.124475032494688],[100.45866697875121,15.123446252454906],[100.46019260418284,15.121908262505046],[100.46245118171456,15.1195583879281],[100.46379711404197,15.118208075205944],[100.46975053560197,15.112093361665114],[100.47107060230455,15.110755138582139],[100.48751505808171,15.093897945247623],[100.49083404322452,15.09050895841369],[100.49179222145366,15.089550858470252],[100.49864942426458,15.082503475503216],[100.49949513751801,15.081660877091322],[100.50537942939427,15.075628931073277],[100.50636724745996,15.07459964977095],[100.51644729020501,15.064290907422137],[100.51783878977685,15.062851854460213],[100.51839214265537,15.062301086607354],[100.51987108383052,15.06076438526738],[100.52071657572763,15.059916947124952],[100.5215618045431,15.059036022626733],[100.52844959463786,15.051982721441428],[100.52908198399987,15.05135206336713],[100.53359212706356,15.046739916960904],[100.53742678990291,15.042793003512834],[100.54390263806546,15.036186317252472],[100.54488861459507,15.035155501829175],[100.54856759818561,15.03142256592637],[100.54932304562666,15.0306314615818],[100.55138203241437,15.028536913006146],[100.55351630047365,15.0263309018912],[100.5649999464493,15.01458759587289],[100.56728029540876,15.01223251816403],[100.56777555600232,15.011655821327446],[100.56816201498965,15.011163096051337],[100.56854799901625,15.010605643269699],[100.56891002841895,15.010025235261521],[100.56922934650429,15.00945898515226],[100.56952010233742,15.008888323099086],[100.56985709183601,15.008137014040013],[100.57011788114576,15.007372384636666],[100.57030370042615,15.006765443190005],[100.57041931693927,15.006311567290757],[100.57072785483493,15.004922457211988],[100.57316692713422,14.993657797694325],[100.57341075166593,14.992592137564465],[100.57481784959533,14.985984991197565],[100.57647002182462,14.978433005139903],[100.5815937575091,14.954657013033865],[100.58392190212703,14.944011956925609],[100.59025466960067,14.914773518911174],[100.59035779787497,14.914249088799918],[100.5923663391996,14.904962555669684],[100.59271285104435,14.903424879408071],[100.59333325704135,14.900511460739876],[100.59375108544793,14.898643285638812],[100.59540933120311,14.890905215305091],[100.59788811508697,14.879529009911032],[100.59960631470477,14.871548150747298],[100.60019059081952,14.868916201748606],[100.60293493936834,14.85619800666003],[100.60515730523751,14.845992924367911],[100.60567930568865,14.843512928782193],[100.60672436810218,14.83869494102654],[100.60733204199062,14.83595390516738],[100.61175387738555,14.815511456205426],[100.61197905360453,14.814527666015174],[100.6130030026609,14.809801160940767],[100.61397649818373,14.805210927823774],[100.61514425216141,14.79991384790581],[100.61663052553011,14.792947863236625],[100.61720087177135,14.79044856210042],[100.61736722775234,14.78991233615676],[100.61765313535025,14.78909119433585],[100.61806449548399,14.788127123668305],[100.61865979700788,14.787029172667808],[100.61920361662087,14.786206218713527],[100.61978679190854,14.785444535135076],[100.62126841238164,14.783776918897974],[100.63689105974089,14.766544927222048],[100.64178463872805,14.761065410673238],[100.64676955239366,14.755556432004264],[100.64871918819854,14.753421309382743],[100.65585629803807,14.745534609859142],[100.65860071983354,14.742593834018141],[100.66448988998498,14.736059900382408],[100.67503179842583,14.724439401827976],[100.6897134831266,14.708200354775416],[100.69958689563062,14.697309908628524],[100.69990827211106,14.696934507331962],[100.70037527371976,14.696328479939304],[100.70090001670745,14.695564195598353],[100.70134351083634,14.694778998639034],[100.70177880984888,14.693886226213703],[100.70263310759104,14.691899968508073],[100.71389345319287,14.665280874724724],[100.72626458428317,14.636300792342023],[100.72671599461846,14.63513766781627],[100.7268775654602,14.634598431071845],[100.72696657881949,14.634203201093365],[100.72707167340404,14.63350895824434],[100.72712802149088,14.632862887468315],[100.72714167090703,14.632253003923799],[100.72695235094872,14.62766912556349],[100.72682920470348,14.625266782864836],[100.72664167300597,14.622926812677628],[100.72650209194883,14.620200484822231],[100.72645686544763,14.61905407307705]]}},{"type":"Feature","properties":{"NAME":"SOUTHERN RAILWAY"},"geometry":{"type":"LineString","coordinates":[[100.46721883494591,7.001521692788178],[100.46736544699938,7.000468843138493],[100.46738053235312,7.000046591581162]]}},{"type":"Feature","properties":{"NAME":"SOUTHERN RAILWAY"},"geometry":{"type":"LineString","coordinates":[[100.467377457803,7.001779480570208],[100.4674148735393,7.00162227492784]]}},{"type":"Feature","properties":{"NAME":"SOUTHERN RAILWAY"},"geometry":{"type":"LineString","coordinates":[[100.46738053235312,7.000046591581162],[100.46739872233158,6.999900151106796],[100.46747257098194,6.999627506520147]]}},{"type":"Feature","properties":{"NAME":"SOUTHERN RAILWAY"},"geometry":{"type":"LineString","coordinates":[[100.4674148735393,7.00162227492784],[100.46754057381077,7.0012980207167805]]}},{"type":"Feature","properties":{"NAME":"SOUTHERN RAILWAY"},"geometry":{"type":"LineString","coordinates":[[100.46751257006447,7.0021119405809245],[100.46758961451869,7.001794097773576]]}},{"type":"Feature","properties":{"NAME":"SOUTHERN RAILWAY"},"geometry":{"type":"LineString","coordinates":[[100.46754057381077,7.0012980207167805],[100.46766573946908,7.000980564035124],[100.46772843350033,7.000768386310572]]}},{"type":"Feature","properties":{"NAME":"SOUTHERN RAILWAY"},"geometry":{"type":"LineString","coordinates":[[100.46826275357206,6.996704665957554],[100.46772843350033,7.000768386310572]]}},{"type":"Feature","properties":{"NAME":"NORTHERN RAILWAY"},"geometry":{"type":"LineString","coordinates":[[100.67894531748219,14.424550201726403],[100.67958420492941,14.424921155785686],[100.68280169780834,14.426956870269153]]}},{"type":"Feature","properties":{"NAME":"SOUTHERN RAILWAY"},"geometry":{"type":"LineString","coordinates":[[99.17269087685983,10.50002149448015],[99.17909902704726,10.506340461170211],[99.17917020058654,10.506428607894117]]}},{"type":"Feature","properties":{"NAME":"SOUTHERN RAILWAY"},"geometry":{"type":"LineString","coordinates":[[99.17440905270554,10.501784744884269],[99.17460567786716,10.50203787784299]]}},{"type":"Feature","properties":{"NAME":"SOUTHERN RAILWAY"},"geometry":{"type":"LineString","coordinates":[[99.17440905270554,10.501784744884269],[99.17572931051347,10.503102495094325],[99.17788683008646,10.505221783433356],[99.17812407102863,10.505435457478434],[99.17901075612232,10.506300946870866]]}},{"type":"Feature","properties":{"NAME":"SOUTHERN RAILWAY"},"geometry":{"type":"LineString","coordinates":[[99.17460567786716,10.50203787784299],[99.17485940688036,10.502292109770961]]}},{"type":"Feature","properties":{"NAME":"SOUTHERN RAILWAY"},"geometry":{"type":"LineString","coordinates":[[99.17455963984295,10.502517586972502],[99.174660528952,10.502592952462281]]}},{"type":"Feature","properties":{"NAME":"NORTH EASTERN RAILWAY"},"geometry":{"type":"LineString","coordinates":[[101.01785350588065,14.612643054727585],[101.01794443939649,14.613070981380291],[101.01836570045845,14.617470492026976],[101.01845847289427,14.618165920633711],[101.01849523809874,14.618318636111836],[101.01866318802445,14.618642348020533],[101.01876262763165,14.618775366542884],[101.01895708362298,14.618987917973314],[101.01919849648289,14.61918092643374],[101.01936438549436,14.619278945745476],[101.01953800314642,14.619361610736794],[101.01988864673879,14.61946950217681],[101.02471233307384,14.619814027651042],[101.02514535494963,14.619909721261159],[101.02538582669426,14.619999443670947],[101.02564633594541,14.620131076705663],[101.02603366453941,14.620384011526573],[101.02632304209317,14.620664576347844],[101.03246122343663,14.62723683140571],[101.032663478069,14.627441639550883],[101.03316262681295,14.627888700511892],[101.03359397063286,14.628225385555538],[101.03412353497934,14.628561229872535],[101.03455795093778,14.628806093040984],[101.0384580894944,14.630803306868316],[101.03889256877932,14.63105199079866],[101.03921325071369,14.631316956506112],[101.03936802832021,14.631483919159573],[101.0395913396557,14.631841567549845],[101.03967929665978,14.632005284638279],[101.03975569883531,14.632195882522536],[101.03985032868974,14.632657943856582],[101.03986866216322,14.632940861962231],[101.03984693353208,14.633139981495972],[101.03977189815822,14.63352317224456],[101.03960684520874,14.633945423824732],[101.03945253298562,14.634252821509431],[101.03854806857562,14.636292041715082],[101.0384369382745,14.636595229412018],[101.03834246116124,14.637001558332836],[101.03830922966,14.637231369831204],[101.0382883830925,14.637526123852936],[101.03829755763064,14.638945287306349],[101.03836829890486,14.64234931321774],[101.03834590849557,14.644178084556374],[101.0383743445359,14.64597961177136],[101.03837134564334,14.647781434020454]]}},{"type":"Feature","properties":{"NAME":"SOUTHERN RAILWAY"},"geometry":{"type":"LineString","coordinates":[[99.17470526177118,10.50282916562825],[99.17451224851928,10.502642693264983]]}},{"type":"Feature","properties":{"NAME":"SOUTHERN RAILWAY"},"geometry":{"type":"LineString","coordinates":[[99.17771996593015,10.50579926377293],[99.1768770703167,10.50494521168098]]}},{"type":"Feature","properties":{"NAME":"SOUTHERN RAILWAY"},"geometry":{"type":"LineString","coordinates":[[99.1768770703167,10.50494521168098],[99.1766479924903,10.504668722508583],[99.17594148727387,10.50374653929472]]}},{"type":"Feature","properties":{"NAME":"SOUTHERN RAILWAY"},"geometry":{"type":"LineString","coordinates":[[99.1768770703167,10.50494521168098],[99.17658491870904,10.504670313200489]]}},{"type":"Feature","properties":{"NAME":"SOUTHERN RAILWAY"},"geometry":{"type":"LineString","coordinates":[[99.17658491870904,10.504670313200489],[99.17470526177118,10.50282916562825]]}},{"type":"Feature","properties":{"NAME":"SOUTHERN RAILWAY"},"geometry":{"type":"LineString","coordinates":[[99.174660528952,10.502592952462281],[99.17476884512334,10.502669761817508]]}},{"type":"Feature","properties":{"NAME":"SOUTHERN RAILWAY"},"geometry":{"type":"LineString","coordinates":[[99.17476884512334,10.502669761817508],[99.17510995630323,10.502913776972738]]}},{"type":"Feature","properties":{"NAME":"SOUTHERN RAILWAY"},"geometry":{"type":"LineString","coordinates":[[99.17485940688036,10.502292109770961],[99.17512292779003,10.502616425450196]]}},{"type":"Feature","properties":{"NAME":"SOUTHERN RAILWAY"},"geometry":{"type":"LineString","coordinates":[[99.17510995630323,10.502913776972738],[99.17514881173256,10.502947670600893]]}},{"type":"Feature","properties":{"NAME":"SOUTHERN RAILWAY"},"geometry":{"type":"LineString","coordinates":[[99.17512292779003,10.502616425450196],[99.17526465572807,10.502797276700054]]}},{"type":"Feature","properties":{"NAME":"EASTERN RAILWAY (CHACHOENGSAO-SATTAHIP)"},"geometry":{"type":"LineString","coordinates":[[100.94451698256137,13.126805394398568],[100.94470810778702,13.131063247291367],[100.94484467580818,13.133534809451566],[100.94519323328335,13.140615171091927],[100.9455330942598,13.147824713922592],[100.94580422615358,13.152500007590042],[100.9458144561525,13.153179067150875],[100.94588294554387,13.154436351472679],[100.94597909844194,13.156726485198378],[100.94633004799289,13.16347202282553],[100.94648694435995,13.166034284167386],[100.94655312915464,13.168233759557644],[100.94664530605371,13.170016959870706],[100.94674505946574,13.171522698731701],[100.9469100923183,13.175730101439989],[100.94691961698845,13.176318282443427],[100.94689008065767,13.176901984398276],[100.94685026902462,13.17742357197641],[100.94672428974788,13.178156268211968],[100.94645415655445,13.179176994659526],[100.9453666853284,13.182061955126164],[100.94399076175249,13.185592607374723],[100.94321639146644,13.187660247363926],[100.94249867079584,13.18967150324017],[100.94169019913696,13.191872817462688],[100.94087240219206,13.194009658994245],[100.94040806297666,13.195287251107695],[100.9402238190544,13.195878327088552],[100.9400595390013,13.196770570094557],[100.94000404605542,13.197532847086261],[100.94001316970252,13.198131082710386],[100.94010738003136,13.198935278167934],[100.94023482415936,13.199498171685038],[100.94040150069365,13.200022044766971],[100.94070602342154,13.200755771045289],[100.94090209498887,13.201107225179511],[100.94260213186476,13.20387491479328],[100.9452359969806,13.208060207436176],[100.94884539720312,13.21392100674457],[100.9514796631767,13.218127709136436],[100.95179138760818,13.218654755920792],[100.95209900502638,13.219216280286574],[100.95232252588215,13.219700946959296],[100.95255144293644,13.220310399880466],[100.95273659045525,13.220941732085107],[100.95283416342608,13.221360744049953],[100.95295242961683,13.2221151379768],[100.95300121841673,13.22272596625743],[100.95306506553952,13.223994154972784],[100.95349045466575,13.234503033022936],[100.95377705858242,13.240690360515035],[100.95522363169442,13.27435580777271],[100.955259291991,13.275517682555646],[100.95606764964037,13.294140254629458],[100.95614775261474,13.294811102015554],[100.95626233214065,13.295399909447793],[100.95636246219546,13.29582955538971],[100.95650231883035,13.296280421694915],[100.95664616414376,13.29667961627636],[100.95680300922388,13.297057184513166],[100.95698631977478,13.29744744936771],[100.95746322805897,13.298278808076532],[100.95776112567054,13.298706930094058],[100.95812084685147,13.299173333820201],[100.95875042992867,13.29986145306968],[100.97068468501688,13.31265601192026],[100.98081094519341,13.323484037283496],[100.98398140022988,13.32690691126739],[100.98575484333126,13.328786860398806],[100.99148840353396,13.334952813874757],[100.99508902720154,13.338802531872885],[100.99573609875706,13.339451672832478],[100.99764744576503,13.34151122189184],[100.99892487366071,13.342912894575083],[101.0004499997861,13.344502005455077],[101.00108909213208,13.34524586310684],[101.00280962664127,13.347074433466078],[101.00702733306629,13.35161633189409],[101.01033982037339,13.355115122547858],[101.01183033506985,13.35675176255896],[101.01259306280792,13.357554864395766],[101.01882909317422,13.364245390735997],[101.01931715389357,13.36478813082454],[101.02557119429586,13.371482606364756],[101.02629941329371,13.372354800234836],[101.02677936563596,13.372975043597606],[101.03166133129824,13.380084882702445],[101.03333044518224,13.382537676428798],[101.04481374007499,13.399269391263365],[101.04515664360657,13.39978740003377],[101.04777832653605,13.403592399247218],[101.06811562038469,13.433300226542167],[101.07087420682372,13.437366271028006],[101.07609061836942,13.444924038101174],[101.07679193673629,13.446035408391433],[101.07722397035587,13.446834234400862],[101.07781526747327,13.44809470010098],[101.07811219799251,13.448875557533771],[101.07836150909958,13.449585163734985],[101.07855284843865,13.450242519949047],[101.07875013978627,13.451013223636682],[101.07965101377613,13.45547293109124],[101.08054561701915,13.459685268767243],[101.08109694709161,13.462388459368636],[101.08170040815985,13.465640084278306],[101.08270385101117,13.470645798554674],[101.08369891405313,13.475522460869941],[101.08548400393265,13.484438184496206],[101.08582804600934,13.48607439281353],[101.0892063448421,13.502842141832247],[101.0895965390014,13.50471823588332],[101.09058147648958,13.509652279163411],[101.09574197921089,13.535200909146084],[101.09623843260759,13.53775512734082],[101.096743757082,13.540204090389798],[101.10097987292042,13.56118073559386],[101.10338818397818,13.573220690693315],[101.10387818724627,13.575574094353446],[101.1053710920731,13.58299871330231],[101.10759350932491,13.593851185899483],[101.10825252896255,13.597198982569816],[101.10887217634178,13.600236275837938],[101.10955081496793,13.603721387814762],[101.1144096196233,13.627847610602338],[101.11456043471044,13.628860100987314],[101.11466071431508,13.630241241892167],[101.11467615499886,13.630877112993337],[101.11461876910958,13.632175387317723],[101.11457952934093,13.632656817467527],[101.1144326992131,13.633738800096214],[101.10720965087648,13.679915006767002],[101.10697211926988,13.680838747239044],[101.10673592928113,13.681500671175794],[101.10661383015595,13.681792200453122],[101.10624264087168,13.682534188048576],[101.10602220271578,13.682905469075466],[101.10544627527258,13.683724485413064],[101.10495854277917,13.684285610536834],[101.10466532659538,13.684584720156746],[101.10437433733328,13.684859750174063],[101.10401394747282,13.685167666315285],[101.09345321789854,13.693793062366579],[101.09044895193469,13.696271645527618],[101.0890536846278,13.697362972251039],[101.08863574306758,13.697595142907641],[101.0882397785712,13.697756873128906],[101.08794094597414,13.697840106623353],[101.08731827066275,13.697943988351085],[101.08707382590997,13.697955008343596],[101.08649270497122,13.697918065769114],[101.08624473762838,13.69787533267182],[101.08597820031895,13.69780884347119],[101.0855090387334,13.697642437423985],[101.08516828827334,13.697477947301524],[101.08487632147485,13.697301070723574],[101.08396553221587,13.696621338468448],[101.08021235187614,13.69390623958134],[101.07977602698588,13.693649895286287],[101.07927289370987,13.693441915826128],[101.07890210981553,13.693337428132477],[101.07860201698062,13.693277190729475],[101.07826311865749,13.693253441872482],[101.07801733666318,13.693251915793129],[101.07759209239856,13.693280583177653],[101.06504992892422,13.694866824093813],[101.06331300231268,13.695071408679107],[101.06287086307609,13.695108538840136],[101.06242220419723,13.695183867695627]]}},{"type":"Feature","properties":{"NAME":"SOUTHERN RAILWAY"},"geometry":{"type":"LineString","coordinates":[[99.17514881173256,10.502947670600893],[99.17574775724437,10.50355215890981]]}},{"type":"Feature","properties":{"NAME":"SOUTHERN RAILWAY"},"geometry":{"type":"LineString","coordinates":[[99.17526465572807,10.502797276700054],[99.17543843673852,10.503028899097725],[99.17667630506801,10.504263913088982]]}},{"type":"Feature","properties":{"NAME":"NORTHERN RAILWAY"},"geometry":{"type":"LineString","coordinates":[[99.59523011093337,18.23732802745705],[99.59545374915506,18.2378798521238],[99.5968299820084,18.240659397047228],[99.59702891652715,18.241025438640314],[99.59717364928208,18.241237666483762],[99.59728978774457,18.241387048950227],[99.5975465795813,18.241665895118082]]}},{"type":"Feature","properties":{"NAME":"NORTHERN RAILWAY"},"geometry":{"type":"LineString","coordinates":[[99.59523011093337,18.23732802745705],[99.59679323109594,18.24047115564692],[99.59707212392814,18.24097693792884],[99.5975465795813,18.241665895118082]]}},{"type":"Feature","properties":{"NAME":"NORTHERN RAILWAY"},"geometry":{"type":"LineString","coordinates":[[100.7141329342234,14.446720784061908],[100.71485028821405,14.447344496456287],[100.71524801553419,14.447624823133793],[100.71736543203282,14.448962606374502],[100.7193695994267,14.450269709478876],[100.72126788063211,14.451451699169292],[100.72291428351627,14.452423075618482],[100.72558922413263,14.453905403604823]]}},{"type":"Feature","properties":{"NAME":"NORTHERN RAILWAY"},"geometry":{"type":"LineString","coordinates":[[100.71778185455845,14.448609676338105],[100.71911654798019,14.449290268758663],[100.71970169926702,14.449632022769663],[100.72103431686688,14.450498107232189],[100.72156947583528,14.450829392717027],[100.72222195683932,14.451267954807303],[100.72347730168624,14.452183250114734],[100.72412939379174,14.45275759745028]]}},{"type":"Feature","properties":{"NAME":"NORTHERN RAILWAY"},"geometry":{"type":"LineString","coordinates":[[100.72412939379174,14.45275759745028],[100.72315438514777,14.451992665896725],[100.72188488603075,14.451163079664365],[100.71855414094021,14.449070587115159],[100.71778185455845,14.448609676338105]]}},{"type":"Feature","properties":{"NAME":"NORTHERN RAILWAY"},"geometry":{"type":"LineString","coordinates":[[100.71778185455845,14.448609676338105],[100.71485293166815,14.447097073051834]]}},{"type":"Feature","properties":{"NAME":"EASTERN RAILWAY"},"geometry":{"type":"LineString","coordinates":[[100.58607003145018,13.745119313475337],[100.5906449387887,13.744085812503519],[100.59159845383512,13.743884488527774]]}},{"type":"Feature","properties":{"NAME":"SOUTHERN RAILWAY"},"geometry":{"type":"LineString","coordinates":[[99.9077920035632,13.817480318211208],[99.90655899267617,13.817353946885607]]}},{"type":"Feature","properties":{"NAME":"SOUTHERN RAILWAY"},"geometry":{"type":"LineString","coordinates":[[99.90814778373603,13.817519755965913],[99.9077920035632,13.817480318211208]]}},{"type":"Feature","properties":{"NAME":"NORTH EASTERN RAILWAY"},"geometry":{"type":"LineString","coordinates":[[101.00691645211099,14.588197332136026],[101.00376866775777,14.586540994269093],[101.00256646080774,14.585889213708711],[100.99934266512305,14.58421184394785]]}},{"type":"Feature","properties":{"NAME":"NORTH EASTERN RAILWAY"},"geometry":{"type":"LineString","coordinates":[[101.11279883701641,13.902235439764706],[101.11288365965004,13.902937580687837],[101.11296933083084,13.903478407309029],[101.11521422202368,13.914303007590858],[101.11530181781032,13.9147852227293],[101.1153509707438,13.915344278591824],[101.1153850745024,13.91586519237814],[101.11535273393282,13.919843994017995],[101.11533281701395,13.921422176291944],[101.11529462371097,13.922068065054424],[101.11517016094668,13.922915521482157],[101.11502389018335,13.923519319878299],[101.11487661910172,13.924013122052843],[101.11463756086994,13.92464161846626],[101.11441203588426,13.925145668553382],[101.11408643152618,13.925724706807673],[101.11372244898652,13.926294527957708],[101.11306911001964,13.927127454828637],[101.1123996493134,13.92780271179222],[101.11194301459722,13.928194002759888],[101.11146155386878,13.928547253690835],[101.09998884551642,13.93643136806599],[101.09277800573541,13.941404489402453],[101.09219912703252,13.941820713028235],[101.09149894384358,13.942357534267046],[101.09099380054792,13.942806582899054],[101.09051804309904,13.943255397254198],[101.08981470835337,13.94398828725424],[101.08928174034162,13.94460974367621],[101.08902520152189,13.944937117175295],[101.08880748177928,13.945225884135048],[101.08816469956112,13.946159109491798],[101.087692050337,13.94695695633872],[101.08713876072461,13.948042428671277],[101.08668575785681,13.949118656717648],[101.08638745632484,13.94997598802697],[101.08621531114501,13.95056923117676],[101.08508909125679,13.955324960055407],[101.080060966998,13.976779163971909],[101.0798895467638,13.977456089949628],[101.07968054143946,13.978037692335546],[101.0794589713276,13.978583534636543],[101.07920051380806,13.979111760307335],[101.07891724946434,13.979604330626],[101.06697076274112,13.997620793217894],[101.0644040120776,14.00152801358616],[101.0509631091073,14.021780318781051],[101.0504980927073,14.022501550370684],[101.04817794538546,14.025970224002535],[101.04744704972157,14.027088225166395],[101.04677696595367,14.028157887582612],[101.02954445799202,14.058298429142168],[101.02459981718171,14.066989480009008],[101.01763982407655,14.079134437014112],[101.01591512345338,14.082179496636796],[101.01406929709762,14.085386966650843],[100.99822279068665,14.113117589282234],[100.99440938249401,14.119724628653685],[100.9891788735387,14.128925712150874],[100.98874488179824,14.129736284974515],[100.98387545768946,14.138240894655722],[100.9835801444344,14.13879925662986],[100.98336973888568,14.13926126800442],[100.98312410136032,14.139896934051752],[100.9829517623121,14.140508082835344],[100.98278411844414,14.141378619726453],[100.98272263118267,14.141917116166452],[100.98270117526111,14.142835473530063],[100.98307596830725,14.153275362528284],[100.98345699479371,14.163296740879998],[100.98355999739914,14.16457512035482],[100.98367779892213,14.165440908911632],[100.98388264916181,14.1664554105882],[100.98413620046682,14.167433640744507],[100.98448279325083,14.168542616773944],[100.9901341628525,14.183619207941268],[100.99221712783367,14.189214870267499],[100.99446864298821,14.195149841834537],[100.99963180826842,14.208885114884612],[101.00007129659629,14.210088901297869],[101.00029198852273,14.210798398152182],[101.0004510585361,14.211466546376162],[101.00061089963211,14.212224376094463],[101.00074677533686,14.21304216836388],[101.00082987123147,14.214129391586505],[101.00086152964417,14.214942076738488],[101.00085574010706,14.215677361028433],[101.00016490873932,14.226588646946304],[100.99982693986173,14.231636557588338],[100.9989967102965,14.244808514885094],[100.9987401357656,14.248521542722186],[100.9986813625403,14.249641045495867],[100.99858948743433,14.250899484821382],[100.99842702043972,14.253607498012123],[100.99791654675613,14.261334798643377],[100.99687460149133,14.277745971732731],[100.99682172051209,14.278420685177348],[100.9967396601329,14.279124349137172],[100.99660970351927,14.279957505538542],[100.99648272250845,14.280570673508505],[100.9962793817587,14.281423581878027],[100.99615560838443,14.2818454462699],[100.99573987143219,14.283077913604778],[100.99496152486192,14.284896836712019],[100.9917936344918,14.292120374090494],[100.98316219682917,14.311736843034806],[100.98293887303463,14.312273117625008],[100.98263712050021,14.313096953504939],[100.98230105893398,14.314200820620153],[100.9821730654963,14.314704021147648],[100.98194375829219,14.31581776852847],[100.98182612984456,14.316665164368894],[100.98172577897782,14.317802950437018],[100.98157585697867,14.320418807377086],[100.98084606652365,14.333659292596408],[100.98062406468327,14.337283551567959],[100.98045269669848,14.34080698213642],[100.98007889936552,14.347249881713914],[100.98005905951116,14.34767087553082],[100.9800560641231,14.348669391486892],[100.98008656097535,14.349461044341993],[100.98014791728417,14.350191234655636],[100.98025772980066,14.351077872803549],[100.98041205282365,14.35189240247942],[100.98052444723666,14.352403146021455],[100.98087930591007,14.353710469860848],[100.98121611544839,14.354640163391934],[100.98698771479334,14.368555411731618],[100.99068041282487,14.377411319069646],[100.99125285626695,14.3786804511993],[100.99227969801946,14.380737637332857],[100.99259881830017,14.381320269485109],[100.99349951853755,14.382869700797457],[100.9939892348445,14.383657490672457],[100.99518650476122,14.385456910564347],[100.99900741857685,14.391002368858116],[100.9992939288749,14.391443717486537],[100.99961264235003,14.39197660935652],[100.99994767070174,14.392578209737524],[101.00009952790462,14.392882982796747],[101.00046749592403,14.393656459639423],[101.00073210671624,14.394281622262316],[101.00501309960546,14.405383556200178],[101.00530891805855,14.406093560883207],[101.00545886263498,14.406403119489283],[101.00582031241183,14.407045623878064],[101.0062676571515,14.407693357493214],[101.00735329181809,14.409076884599648],[101.00780661785778,14.409706647882146],[101.0080254878285,14.410040713126449],[101.0083897863927,14.410726218050403],[101.0086701628286,14.411355062454128],[101.00875997713645,14.411747061444817],[101.00874608501505,14.411752213132424],[101.00904116916634,14.413028337671413],[101.00921215553986,14.41430551671168],[101.00921803838177,14.414962051187004],[101.00915317670902,14.415636492349991],[101.00898177404869,14.416294535843482],[101.00886326354829,14.416917594148483],[101.00805092190238,14.420624160327693],[101.00725461430474,14.424034564313976],[101.00498848152955,14.432886154267957],[101.00432511494564,14.435521874218335],[101.0041787896479,14.436168691335112],[101.00392027548082,14.437438105870273],[101.00357010272677,14.439430382670249],[101.00204260103116,14.448593698575555],[101.0017890120414,14.449867845959224],[101.00140163732607,14.451544832090844],[101.00122612028552,14.452220583375473],[101.00067372630355,14.454104607379033],[101.00036812164035,14.45504924664397],[101.00001382658108,14.45603734798155],[100.99939493124096,14.457620654279944],[100.99860623256279,14.459420604963213],[100.99781592249902,14.461043619165073],[100.99724637958379,14.462110054723428],[100.99424469193983,14.467247459970029],[100.99223314925814,14.470611902170635],[100.98811877018298,14.477580625490509],[100.9876743563808,14.47837818566383],[100.9873800728638,14.47894974075674],[100.98695103643907,14.47982368057407],[100.98660464381314,14.480606086760368],[100.98596662200524,14.482261271323862],[100.98548482267836,14.483824280662958],[100.98528542730942,14.48458151449473],[100.98493690451626,14.48622947630866],[100.98480198682606,14.487062674993231],[100.98470982630911,14.487737717335536],[100.98460123478559,14.488771555727629],[100.98452548849521,14.490187665532346],[100.98371797779694,14.520916493037742],[100.98367000790529,14.523245726012133],[100.98352979785923,14.527890242362185],[100.98292282904443,14.551193255565124],[100.98272526362065,14.558205328582488],[100.98262093333611,14.563012119628475],[100.98249482948222,14.567579978320447],[100.98244557680907,14.569760991156995],[100.9824498946597,14.570243942025458],[100.98249438522433,14.57082695377897],[100.98256214373846,14.571266317867831],[100.98265475032775,14.571738951571659],[100.98285855822985,14.572517271363822],[100.98304871401547,14.573026793984106],[100.98330361194638,14.573616829716434],[100.98364849165803,14.57424972364789],[100.98402509343914,14.574851180478765],[100.98432312674221,14.575253812791962],[100.98453032361874,14.57552009537589],[100.9850410472457,14.576089244755686],[100.9855897297026,14.576608210550855],[100.98625996826647,14.577119887063715],[100.9865699137078,14.577305156544726],[100.98677503723313,14.57745835615709],[100.98784936952,14.578066344188604],[100.99183667508284,14.580182930465083],[100.99934266512305,14.58421184394785]]}},{"type":"Feature","properties":{"NAME":"NORTH EASTERN RAILWAY"},"geometry":{"type":"LineString","coordinates":[[100.99934266512305,14.58421184394785],[101.00051015198302,14.584737129605324],[101.00229202871978,14.585651510613332],[101.00611041882273,14.587705232641547],[101.00691645211099,14.588197332136026]]}},{"type":"Feature","properties":{"NAME":"SOUTHERN RAILWAY"},"geometry":{"type":"LineString","coordinates":[[100.54393501286236,13.82037138895189],[100.5448617917642,13.820027892181347],[100.54515149131403,13.819906164131481],[100.54524878799316,13.819851717619136],[100.54540086348707,13.819750442028253],[100.5456049567656,13.819565626598195],[100.54582599425625,13.819290178552995],[100.54587348298,13.819209257916874]]}},{"type":"Feature","properties":{"NAME":"SOUTHERN RAILWAY"},"geometry":{"type":"LineString","coordinates":[[100.46616748360411,7.0124739492945505],[100.46636670571272,7.01087605315816],[100.46657698392853,7.009334460002348]]}},{"type":"Feature","properties":{"NAME":"SOUTHERN RAILWAY"},"geometry":{"type":"LineString","coordinates":[[100.46657698392853,7.009334460002348],[100.46670633209173,7.008403990433337]]}},{"type":"Feature","properties":{"NAME":"SOUTHERN RAILWAY"},"geometry":{"type":"LineString","coordinates":[[99.17667630506801,10.504263913088982],[99.17807185969286,10.505644699317978]]}},{"type":"Feature","properties":{"NAME":"SOUTHERN RAILWAY"},"geometry":{"type":"LineString","coordinates":[[99.1722508053398,10.499583895412842],[99.16742308251816,10.494827914611623],[99.16690775115327,10.49425027889642],[99.16643228792134,10.49360801462532],[99.16625805110077,10.49333889783933],[99.1657026319886,10.492370045080367],[99.16121570158828,10.484389417503634],[99.15411916813015,10.471845391874117],[99.15363518113791,10.470945867019335],[99.15345609000859,10.470577425955117],[99.15327696170529,10.470132430362433],[99.14799327167961,10.45538703993765],[99.14781172265641,10.45493126185758],[99.14763385925552,10.454550850766521],[99.14731086474592,10.45403412316898],[99.14707861762072,10.45372553135704],[99.14660331838189,10.45321246646707],[99.14633849691938,10.452993631073493],[99.14565287358323,10.452502185628882],[99.14425633169768,10.451680837297895],[99.14403868478932,10.45153375415043],[99.14354896124718,10.451171447729264],[99.14313900479435,10.450791138266068],[99.14295758611375,10.450600991768685],[99.14260926192924,10.450156046030576],[99.14246048403933,10.449933562131607],[99.14217013774449,10.449413221133453],[99.14201041114197,10.449061527784785],[99.1418869571511,10.448724172429484],[99.14172714792863,10.448146334368394],[99.13990627531103,10.439069386652113],[99.13858694096274,10.432242793219974],[99.13817595479465,10.429457539446032],[99.13708104672807,10.421589895685658],[99.1367937491914,10.419655297138677],[99.13671733857066,10.419070251037512],[99.13666269172107,10.418488770820305],[99.13665122455247,10.417121184224898],[99.13667531478771,10.414177813853737],[99.13671369584446,10.410710371694421],[99.13673147002247,10.409891954144706],[99.1367494927565,10.409644278502402],[99.13677477122859,10.409385818923651],[99.13730249342653,10.405631008188843],[99.13749772989262,10.404331532484994],[99.1375735889845,10.40370693039373],[99.13870857534167,10.395683963474253],[99.13875553124463,10.395289111992932],[99.13877348989578,10.394901440675895],[99.13876962104136,10.39435942823135],[99.1387295609273,10.393971781988734],[99.13867139425348,10.393594905408731],[99.13858056457397,10.393185757366084],[99.13846799351433,10.3927730072669],[99.13831553146943,10.392356699089346],[99.13814132643573,10.391976279055397],[99.1379417545558,10.391603075439786],[99.13761882700216,10.39109350350401],[99.13740842758604,10.39081360280189],[99.13608440343317,10.38930300340035],[99.1359247771541,10.389094874969109],[99.13554745462254,10.388513547979842],[99.13530068488016,10.387968044383504],[99.13516997463219,10.387562487192946],[99.13510096657247,10.387282544280492],[99.13502822260976,10.386711850091743],[99.13502441132675,10.386288290908515],[99.1350387739774,10.385968821682253],[99.13511810474834,10.384974502638794],[99.13513965995443,10.384500680583153],[99.13512139054838,10.384174057415057],[99.13502687026917,10.383560288657753],[99.13489613304561,10.383086529676035],[99.13472555304779,10.382673820353197],[99.13455136397975,10.382307753191986],[99.13425389851889,10.381891503409271],[99.1339419273438,10.381503969735355],[99.13320559729593,10.3807145928763],[99.13293354466592,10.380395243177123],[99.13259253171249,10.379896434937807],[99.13233493116098,10.379415559444446],[99.1321099037429,10.378844926932459],[99.13202640760747,10.378582919519298],[99.13195377800155,10.37831016384018],[99.13187747308973,10.37792969966008],[99.1318338352135,10.377595898999164],[99.13087230371461,10.367036042388277],[99.13077043150199,10.366163825016775],[99.13067597016858,10.365657746089067],[99.13059243871943,10.36529884410981],[99.13024027420808,10.364114451851586],[99.13004790769517,10.36354380485906],[99.12984104470878,10.363023414900015],[99.1295761626614,10.362488674871427],[99.12926778799172,10.361957564388938],[99.12904649832308,10.361609479090141],[99.12870915457034,10.361142968083248],[99.12825940546355,10.360608319755002],[99.12762834304532,10.359983999213624],[99.12720764477598,10.35962163639577],[99.12371539513884,10.356923701472361],[99.1231097862605,10.356428576895158],[99.12277612978285,10.35607693667424],[99.12262740271277,10.355879577628665],[99.12240613252719,10.355549417934801],[99.12214130807277,10.355064941659366],[99.12190905750965,10.35444405120466],[99.12179652290041,10.354081546112399],[99.12067482071748,10.350158662013587],[99.11909217726051,10.344721180450241],[99.11886352560674,10.344032085069413],[99.11839548647622,10.34295181819798],[99.10750110837252,10.319175235718856],[99.10714564178181,10.318489766008256],[99.10694617076567,10.31816677393832],[99.10644206307595,10.317445454492772],[99.10599241547278,10.316914346902404],[99.10196363146986,10.311962137234769],[99.10165176152722,10.31154945224806],[99.1011295503241,10.310767097250261],[99.10016124333262,10.309256225743738],[99.09970066207964,10.308502559677974],[99.09933434116877,10.30776683064268],[99.09916021607924,10.307339727383996],[99.0989026141744,10.306557305308825],[99.09600712072387,10.296755254102148],[99.09487149837196,10.292990191552851],[99.09467555816353,10.292304659729496],[99.09457757819258,10.291895479812345],[99.09451947354208,10.29148269397132],[99.09450852006954,10.29125656991892],[99.09453007347317,10.290585328749106],[99.09502519211875,10.285750122217458],[99.09520955018402,10.28412041988867],[99.09530723893701,10.283564017265443],[99.09553895125926,10.282680941780061],[99.09565120422067,10.282357850583699],[99.096129302859,10.281266503176672],[99.09667261357241,10.280103341970865],[99.09682472476462,10.279729984999914],[99.09705645480732,10.278990479224412],[99.09717592092497,10.278534575381084],[99.09728449801044,10.278003285981779],[99.09734233444529,10.277536638597201],[99.09737117947137,10.277001797811304],[99.09746151457017,10.276147455592985],[99.0985781506492,10.261592868624032],[99.09870816608388,10.260080446787613],[99.09933384258943,10.252049324789448],[99.09939643373042,10.25132181564639],[99.09951216273609,10.250556021431988],[99.09958453523656,10.250192263282074],[99.09983070650797,10.2493115683518],[99.10005277496505,10.248684534230453],[99.10031352212846,10.248076622396553],[99.10060326722885,10.247506988231441],[99.10253981126677,10.244065238838388],[99.10279575737096,10.243557850719329],[99.10295025835724,10.243189268585818],[99.10308060900952,10.242858998986245],[99.10321095689865,10.242461713740934],[99.10720590666375,10.22766492089976],[99.10851461148478,10.222767431272572],[99.10862652040807,10.222189235584809],[99.10870747652727,10.221599565539796],[99.10874982595556,10.221090317009189],[99.10875350729471,10.22053130981794],[99.10871069506958,10.219681340437056],[99.10781520443614,10.211947407958965],[99.10764072076194,10.210327868903036],[99.107617411913,10.209964139795161],[99.10603490656601,10.172828862614077],[99.10585192151727,10.168801006674936],[99.10578562148937,10.166974672323693],[99.10568837517232,10.165022001012472],[99.1051197690569,10.151648055806152],[99.10440167305781,10.139766626828456],[99.10410900638423,10.134676070006313],[99.10386430450127,10.130820505752752],[99.1023179844417,10.104444073835525],[99.10196454394219,10.09863963950534],[99.1019256020056,10.097674780782201],[99.10193697838353,10.096997070484399],[99.10269561043678,10.08897540119273],[99.1027186426932,10.08851592737229],[99.10271849466643,10.088048809999126],[99.10269518464855,10.087631471774225],[99.10262159972005,10.087057165362106],[99.10254032604111,10.086639845112593],[99.10180920580821,10.08387565624476],[99.09998337716722,10.076819626287683],[99.09985188949418,10.07641380498286],[99.09973201461823,10.076084572721872],[99.09961215996054,10.07582041301218],[99.09908253254369,10.074802093185212],[99.09681726342261,10.070686747017898],[99.09601705887258,10.069201383785416],[99.09579283523973,10.068730496785918],[99.0956227213189,10.068320850735038],[99.09546418522282,10.067872931139709],[99.0953597694634,10.067520705929207],[99.09522824877509,10.066969382283988],[99.09335502267763,10.055433577004857],[99.0932929935751,10.05472524836137],[99.09326955592651,10.053813987456216],[99.09328855602254,10.05013758853895],[99.0932870602659,10.044918841234118],[99.0933133228607,10.035473027938403],[99.09330300590382,10.033118284603193],[99.09332098820738,10.028494918205533],[99.0933011899387,10.026771948220647],[99.09231714583626,10.01333766674235],[99.09221066729765,10.012490572296423],[99.09202699807831,10.01180142886517],[99.09188686247403,10.01140899625188],[99.08451347576144,9.991893281860436],[99.08437815723853,9.991419491057721],[99.08426698050843,9.990940895933653],[99.08418962554335,9.99052932785318],[99.08412674405432,9.990084229674837],[99.08349278468009,9.984341078535392],[99.08344440651693,9.983972550491028],[99.0833670482082,9.983537031994956],[99.08318340585699,9.982814391943077],[99.08057875493246,9.973520412871341],[99.08046761741409,9.973075343223503],[99.08034674225227,9.972390954450342],[99.08026934523221,9.971768775536416],[99.08024022501486,9.971122671103544],[99.08024492184643,9.970615334962359],[99.08028342923103,9.970146297195082],[99.08037983884749,9.969514499971718],[99.080741497182,9.96779620967389],[99.08151792591956,9.964297375094997],[99.08203870654805,9.961818050696545],[99.08250167726001,9.959812547404168],[99.08290189273491,9.95785494089666],[99.08295969977817,9.957400253287474],[99.08295719543489,9.957028120643376],[99.08293177315775,9.956687131483973],[99.0828882430102,9.956410736929708],[99.08283023903445,9.956084092404947],[99.08276498932653,9.955843620173278],[99.0827215120347,9.955700039033601],[99.08249688272774,9.955154489623151],[99.08236285458909,9.954910422756607],[99.08200064142443,9.954390024575613],[99.08179421155441,9.954142399887676],[99.08150808496774,9.953855303108172],[99.08116765616023,9.953546675950607],[99.07526462425783,9.948282134387046],[99.07494953940105,9.94795556409825],[99.07476121012665,9.947729455177116],[99.07459460781553,9.947492579137123],[99.07445334606817,9.94727723978878],[99.0743229526107,9.94703318679751],[99.07411646717036,9.946573761700142],[99.07395702896476,9.946035360404952],[99.07389904544438,9.945751799789845],[99.07385190279103,9.945407202018668],[99.07379018891147,9.944732372926335],[99.07375384000842,9.944107792701985],[99.07345243884373,9.940112652639707],[99.07135010846127,9.912451772266005],[99.0713426890056,9.91157589601414],[99.07136434825931,9.911263606159604],[99.07144747936319,9.910642592392165],[99.07366769688099,9.898825178012403],[99.07393163419962,9.89736416212902],[99.07400389282716,9.896700064698772],[99.07402913651623,9.896226230330269],[99.07400358264279,9.89531447821406],[99.07321243015188,9.886469896921557],[99.07320144807323,9.885888393896533],[99.07323029307516,9.885393016905187],[99.07326281988436,9.885159689143363],[99.07336767734645,9.884588923050229],[99.07472397218706,9.879254476807171],[99.0768617095076,9.872067635342813],[99.0773283058103,9.870538346575394],[99.07794951145276,9.868388930961919],[99.07808064450084,9.868007522624142],[99.07821174125692,9.86747353572046],[99.07848734966642,9.865790841550298],[99.07869062253891,9.86439533210019],[99.08030343835608,9.853971653449376],[99.08030046853811,9.853895356247115],[99.08127018413829,9.847779371493802],[99.08194323209419,9.84329220115488],[99.08231366630329,9.841003743103903],[99.08283765447008,9.837624902173268],[99.08296868942821,9.836920404639395],[99.0830771244769,9.836368471465702],[99.0833392582159,9.835224232050066],[99.08387247950442,9.832688943269606],[99.08865331340563,9.810575747297708],[99.08910512941324,9.808417366138958],[99.09020761614649,9.803382651425512],[99.09041551409412,9.802624281946525],[99.09060990055117,9.80210823981762],[99.09086760760553,9.801565229308322],[99.09109370204928,9.801179286877428],[99.09145546478129,9.80062280034178],[99.09172680075072,9.800277227025664],[99.0920750313168,9.799891250896184],[99.09238709417772,9.799599514349596],[99.0928303271183,9.79921799501328],[99.09340020717654,9.798805042601165],[99.1004470292101,9.794446139346453],[99.10093549338886,9.794055612007492],[99.10120683459763,9.793777346089492],[99.10146910679296,9.793463164463692],[99.10179015154579,9.792969510591961],[99.10198906561904,9.79255663670615],[99.1021020787675,9.79228289921086],[99.10221054962844,9.791937366432636],[99.10230090185546,9.791578372459476],[99.10287920559227,9.789186629754134],[99.10302834370636,9.78870197365066],[99.10320009597784,9.788212845248745],[99.10346681558455,9.787624957990124],[99.10363859342411,9.787283888853528],[99.10384657330528,9.786915892518191],[99.10449316345378,9.785937524492333],[99.1051442267502,9.784882873755857],[99.10545162672031,9.784218711212395],[99.10564147024182,9.783734059339926],[99.10584030316164,9.78309682629537],[99.10595777227888,9.782643611625632],[99.11653150625173,9.736428314394415],[99.11665344190708,9.735912261899118],[99.11677541708039,9.73550838891826],[99.11687481860078,9.735216701388092],[99.11725895123848,9.734292244962887],[99.11983940472429,9.728211421915299],[99.12008341450431,9.727610080718332],[99.1206347612884,9.726349025342815],[99.12104146121328,9.725357261162362],[99.12207179268202,9.722956315916267],[99.12288971747574,9.72099519457954],[99.12385223198478,9.718755830877502],[99.1318230075787,9.699911798637968],[99.1366005442052,9.688658246594116],[99.137578812593,9.68630784302143],[99.14300017299587,9.673478674867223],[99.14465301997322,9.669620334867254],[99.14819875386999,9.661239935070071],[99.1486668721356,9.660098919959893],[99.14888842106306,9.65937610798257],[99.14972612110198,9.655795687553454],[99.15020277072254,9.653842722030012],[99.15070834599464,9.651880165584757],[99.15300024008533,9.643015144273692],[99.15706379347141,9.627415150341312],[99.15884030111967,9.620646672980723],[99.15892691308825,9.620215866388397],[99.15897980740507,9.61984731397447],[99.15926789082745,9.61709512519083],[99.16122726709902,9.599495401242928],[99.16145302359492,9.597585599386651],[99.16329698804826,9.581091504941238],[99.16475200661945,9.56834997139739],[99.16520332467344,9.56428627155472],[99.16543383087343,9.5623285967913],[99.16631605709311,9.5559472082965],[99.16683059564187,9.552052909572671],[99.16708574799812,9.550230685332124],[99.16711162305943,9.549907600723689],[99.16730189754709,9.54852908619118],[99.16871641201587,9.53927140296591],[99.17099173378388,9.524667564404535],[99.1769168781326,9.486167664762293],[99.17979691972852,9.467617682485672],[99.18307021027145,9.446711193253712],[99.18318257931652,9.445905609153295],[99.18349826592862,9.44397995093107],[99.18480397692093,9.435609583968827],[99.18764452162891,9.417688422170464],[99.1891964799229,9.407797315234372],[99.18942153810947,9.406832288338125],[99.18959910312012,9.406315284942321],[99.18972039283652,9.406009373041087],[99.18985905537167,9.405716381353985],[99.1902274028847,9.405048510167635],[99.19044411229223,9.404721002689593],[99.19088624649109,9.404109088529227],[99.192342708097,9.402200028662788],[99.19279346659971,9.401545020549566],[99.19309247050629,9.400980565880301],[99.19336107708374,9.400364427287519],[99.19347367728616,9.40004129114574],[99.19361219883511,9.399537219513],[99.19369441807474,9.3991581205151],[99.1953929865886,9.388168454701479],[99.1960195841605,9.383963861391333],[99.20083245198616,9.350516813164806],[99.20100951575209,9.349202887849968],[99.20106992906236,9.348655769665653],[99.20147531389259,9.34464945377356],[99.20270888975804,9.332815710901832],[99.20285994775082,9.331544866564599],[99.2030242722783,9.33073924292266],[99.20316711017242,9.330252408912163],[99.20347887387425,9.329373475343303],[99.20492516579768,9.325569004402846],[99.20511560331971,9.324909832806762],[99.205219351928,9.324336847218522],[99.20534447713857,9.323229712373472],[99.20632314322279,9.313343141479882],[99.20796980491971,9.296482103200862],[99.2079912660738,9.29609871958001],[99.20800393864938,9.295547329589388],[99.20797335798476,9.295172589706727],[99.20792546146897,9.294840928028442],[99.20785154225135,9.294496351815882],[99.20654811370073,9.290245476581243],[99.20597029350542,9.288423666248582],[99.20577486778167,9.287915482161784],[99.20536672822186,9.287019731735384],[99.20085617127695,9.27816147533673],[99.19992716785191,9.276309711440494],[99.19882889707695,9.274190960047909],[99.19798672164156,9.272515750106205],[99.19667287857222,9.269955350808576],[99.1956455029213,9.267902605925107],[99.19356192450522,9.263830612058957],[99.19327252349888,9.263232480935232],[99.1931036797169,9.262820950746379],[99.1928237576623,9.261959570079446],[99.19265471780125,9.261184284129556],[99.1925773366602,9.26063870224882],[99.1922142627968,9.257456013886818],[99.19214170537815,9.256929563699575],[99.19200933985809,9.256315638675115],[99.19190511227139,9.255943714210225],[99.19177000125033,9.255560896244365],[99.1915963262796,9.255135011556456],[99.19144199690368,9.254828762585483],[99.1909018795059,9.253857430237344],[99.18671146877175,9.246675436888811],[99.1847103310985,9.24321598478732],[99.18276711170539,9.239909665600216],[99.17388085172314,9.224655390756482],[99.1721982109211,9.221789216190771],[99.16961399139558,9.217320036133504],[99.1609072414346,9.20241471852783],[99.1582655070767,9.19793113502605],[99.15757132440423,9.196720501451646],[99.15732541996562,9.196203694687053],[99.15702159576492,9.195394936160628],[99.15686722289763,9.194863714020391],[99.15680447996577,9.194586138749369],[99.15670308816249,9.19405011502688],[99.15661607205035,9.193346570502362],[99.15658688564731,9.192686070240406],[99.15659619757628,9.19198726411243],[99.15691921192912,9.181677577884312],[99.15723243526067,9.17100876482186],[99.1572851530023,9.170415247823964],[99.15737160202723,9.169840851678726],[99.15748695464023,9.169290375921863],[99.1576023563799,9.168849989192848],[99.15772261433459,9.168476601857696],[99.15799202322921,9.167768104535696],[99.15959419340203,9.163847421488482],[99.15986362290984,9.16315807634436],[99.16022930226059,9.162320310095202],[99.16159567524414,9.158940552928454],[99.16196614159598,9.158069290991682],[99.16746027791795,9.144660333372164],[99.16793185758401,9.14375071115861],[99.1681195590406,9.14346344422786],[99.16840835573105,9.143080417190353],[99.16886324239294,9.142555305537048],[99.16924595713982,9.142194555331042],[99.16961184616419,9.141888050830977],[99.17001145853276,9.141591125992331],[99.1706036665265,9.141193579772345],[99.18571194000867,9.131364659095025],[99.2014307915726,9.121171005927051],[99.20450973873317,9.119155364786598]]}},{"type":"Feature","properties":{"NAME":"SOUTHERN RAILWAY"},"geometry":{"type":"LineString","coordinates":[[98.84530916191925,8.9170553630168],[98.90413819191986,9.002088761224213],[98.90637684062732,9.004525341022449],[98.91769098977662,9.012061495410933],[98.94584287301372,9.030473754851304],[98.9471639153533,9.031366133282631],[98.95244431955827,9.034870468972452],[98.96880228458039,9.045785130993568],[98.96952642098582,9.046282958204591],[98.96998094588245,9.046570177474646],[98.97043545460798,9.046819107507066],[98.97079368298819,9.046995283465275],[98.97180287663622,9.04738592845026],[98.97214184243732,9.047489338571921],[98.97283133225497,9.047650217936193],[98.97342453895709,9.047753645629149],[98.97406010625474,9.047822601902176],[98.97462635448663,9.04783412696497],[98.97520801685128,9.047818865232337],[98.97556240417713,9.047792083978255],[98.97671801702427,9.047677272390684],[98.9902540054023,9.046460242533334],[98.99193733955471,9.046295639673477],[99.00008044207296,9.045556701050169],[99.00061202706141,9.045541380916154],[99.00103189343801,9.045545215083704],[99.00145176081007,9.045568183612101],[99.00191398594173,9.04562562490912],[99.0025071976419,9.045721355237488],[99.00301565747039,9.045843871376821],[99.00340086466412,9.045954920636966],[99.00403259733757,9.046177002306848],[99.00457188224667,9.046406734367984],[99.005134276159,9.046701559947538],[99.00550021705784,9.046912157277927],[99.01434461269507,9.052088846897478],[99.01716053974498,9.053716084818687],[99.02682967794172,9.059405516509832],[99.03141008632655,9.06207785413666],[99.03186467756643,9.06234586153202],[99.03265056324808,9.062839741992157],[99.03315907952837,9.06321494226094],[99.0336175236526,9.063601631829842],[99.03401434007904,9.063992161651438],[99.03436106277402,9.064371209420939],[99.03469239636918,9.0647923838555],[99.03918473004097,9.071113745434504],[99.04590814402404,9.080620560172209],[99.04626261758278,9.081057039409268],[99.04680200783106,9.081638984226625],[99.04707171822157,9.081895491528407],[99.04731059433992,9.082083092929471],[99.04754945512657,9.08229748017552],[99.0477536622225,9.082450630495359],[99.04836238211551,9.082860252111361],[99.04882085140412,9.083128236534838],[99.04941416415343,9.083422989056208],[99.05009993388808,9.083702426424631],[99.10828917947042,9.101306690856687],[99.14391549171708,9.112114320130463],[99.1486236694306,9.11352947139381],[99.1517793791955,9.114500799187033],[99.15204938849821,9.114571967438108],[99.1591160103034,9.116732235466348],[99.16749481720025,9.119264875111808],[99.17260823648759,9.120834647130513],[99.17403426044469,9.121257392504463],[99.18672940517885,9.125120693527732],[99.18823984931302,9.125593668974071],[99.18868706559368,9.12571501070704],[99.18954773193045,9.125899026274093],[99.19013835315951,9.125974184603868],[99.19041254845028,9.12599919697094],[99.19105799317929,9.126015622248904],[99.19168230041338,9.125994324583806],[99.19242891826102,9.125905903447709],[99.1929350909225,9.125817590397682],[99.19340749456812,9.125704137815715],[99.19380395809297,9.125582353088324],[99.19468542690778,9.125250671218122],[99.19517041914276,9.125015636067312],[99.1955668469609,9.124797431796582],[99.19589577325145,9.124596008449245],[99.19768795053784,9.123433742742264],[99.19919757781399,9.12242255861407],[99.20100661091645,9.121243484669014],[99.20315723573212,9.11988395391222],[99.20397532247517,9.119409759965972],[99.20450973873317,9.119155364786598]]}},{"type":"Feature","properties":{"NAME":"SOUTHERN RAILWAY"},"geometry":{"type":"LineString","coordinates":[[99.23064743141173,9.10223892492146],[99.23049105135772,9.102633531092446],[99.23014507507062,9.103825534907092],[99.22964425223842,9.105721236930073],[99.22947133898352,9.106439283973385],[99.22943175629345,9.106679825479779],[99.22941007113756,9.106929340979162]]}},{"type":"Feature","properties":{"NAME":"SOUTHERN RAILWAY"},"geometry":{"type":"LineString","coordinates":[[99.2288403357548,9.109234503839422],[99.2288523861839,9.109104642186587],[99.22895985960305,9.108643713616143],[99.22941007113756,9.106929340979162]]}},{"type":"Feature","properties":{"NAME":"SOUTHERN RAILWAY"},"geometry":{"type":"LineString","coordinates":[[99.2288403357548,9.109234503839422],[99.22928065769561,9.107616850923666],[99.22944384200105,9.107160833814394]]}},{"type":"Feature","properties":{"NAME":"SOUTHERN RAILWAY"},"geometry":{"type":"LineString","coordinates":[[99.22944384200105,9.107160833814394],[99.23029902800381,9.103860504068882],[99.2306197171199,9.102675685170048],[99.23088012912655,9.101779342830165]]}},{"type":"Feature","properties":{"NAME":"SOUTHERN RAILWAY"},"geometry":{"type":"LineString","coordinates":[[99.22944384200105,9.107160833814394],[99.2298503643225,9.106119560419526],[99.22997760768253,9.105712802031604],[99.23069471740936,9.102851857223431],[99.23075467607087,9.10259029571468],[99.23088012912655,9.101779342830165]]}},{"type":"Feature","properties":{"NAME":"SOUTHERN RAILWAY"},"geometry":{"type":"LineString","coordinates":[[99.23088012912655,9.101779342830165],[99.23094982569538,9.101330144438961]]}},{"type":"Feature","properties":{"NAME":"SOUTHERN RAILWAY"},"geometry":{"type":"LineString","coordinates":[[99.22941007113756,9.106929340979162],[99.23064743141173,9.10223892492146]]}},{"type":"Feature","properties":{"NAME":"SOUTHERN RAILWAY"},"geometry":{"type":"LineString","coordinates":[[99.23064743141173,9.10223892492146],[99.23078664647811,9.101757450806156],[99.23094982569538,9.101330144438961]]}},{"type":"Feature","properties":{"NAME":"SOUTHERN RAILWAY"},"geometry":{"type":"LineString","coordinates":[[99.23094982569538,9.101330144438961],[99.23099431339011,9.101095971808771],[99.23108079000214,9.10077283787849],[99.23118174162053,9.100496375838102],[99.23129356529383,9.10025938183588],[99.23143426513661,9.100033132076527],[99.23159171403562,9.099826432276526],[99.23175203211277,9.099646572441419],[99.2319686081191,9.099452599148265],[99.23210940501517,9.099348403717626],[99.23356892265294,9.098454109696608],[99.23393182320639,9.098148989153822],[99.23415077171992,9.097881286620993],[99.23426647289281,9.097706992601028],[99.23501376073398,9.096468305916021],[99.23526393086232,9.096094809824114],[99.2354140608495,9.095901820799229],[99.23573311242569,9.095553177104954],[99.23590515932919,9.095388164280497],[99.23605218095472,9.095260511545462],[99.23643701476406,9.094986495418343],[99.23678120313411,9.094774707546057],[99.23723805694209,9.094565977453424],[99.23747588735104,9.094478704232092],[99.23777632145456,9.094391408137982],[99.2379703589423,9.09433839564411],[99.23817693164203,9.094304028302593],[99.2386401489541,9.094250838661804],[99.23905018962819,9.094247458662316],[99.23958548108831,9.09428443328488],[99.24021467544803,9.094358690146315],[99.24088455845087,9.094411134238715],[99.24111620121944,9.094407868794141],[99.24137910353565,9.094382817610098],[99.24165140808087,9.09434529242501],[99.24188925900462,9.094289136455053],[99.24211144414527,9.09421744876496],[99.24239622089824,9.094102132557042],[99.24270911920917,9.0939557134855],[99.24305330067027,9.093740809240067],[99.24328167991057,9.093569549730905],[99.24357259222784,9.09329558796039],[99.24378528551297,9.093052780272295],[99.24394477116967,9.09284111007325],[99.24412611984278,9.092548548703785],[99.24925150693687,9.083389607594913],[99.24953281554677,9.082829413473284],[99.24980682456132,9.082143594053194],[99.25001943898876,9.081479340775287],[99.25012747393387,9.081019776991626],[99.250433325153,9.079386242375646],[99.25365026071842,9.061585418197799],[99.25384901486137,9.060740988005541],[99.25397441248059,9.060340280043569],[99.25412147985017,9.059935259726048],[99.2543075152207,9.059504370783298],[99.25589118282207,9.056070045792495],[99.25747477818015,9.052575399551134],[99.25795091001653,9.051791068585372],[99.2581067669252,9.05157126264802],[99.25854407695493,9.051045424848162],[99.25908104339203,9.050515200736614],[99.25932357775457,9.050303946535898],[99.25990395790676,9.049872775542616],[99.26030680311437,9.049626952846955],[99.2607573004626,9.049385393084298],[99.26575206078151,9.046991046548492],[99.26599896559459,9.046853030191413],[99.2664234381693,9.046581324760362],[99.26668330292412,9.046378685763138],[99.26717697416392,9.045917409798754],[99.26751901685758,9.045512223212297],[99.26764889014954,9.04534413340762],[99.26792592090838,9.044921784946146],[99.26822449873362,9.044331407418257],[99.2684407445422,9.043762633258455],[99.26848396191305,9.043616149919531],[99.26862639313408,9.042844960651],[99.26866941865441,9.042414169459262],[99.268668875754,9.041681857045191],[99.26854367815037,9.03646105727424],[99.26853905547507,9.036081982929803],[99.26856896120518,9.03550041509694],[99.26866510720346,9.034659869074341],[99.26963215141257,9.027182936245696],[99.26972769314516,9.026187324784436],[99.26964789573331,9.009478357475702],[99.2696713307553,9.008616801370078],[99.26974305936989,9.007951454480583],[99.26980054465037,9.007578076738946],[99.27004536785705,9.006606268916324],[99.27028557397374,9.005916864313583],[99.27063643958246,9.005126866669888],[99.27079508162032,9.004829993811315],[99.27098744625741,9.004528315792987],[99.27125193669599,9.00412607299245],[99.27166555345606,9.003560986160268],[99.27599931119218,8.99831195006826],[99.27651885410864,8.99776593142918],[99.27720201837502,8.997162346117916],[99.2779526363739,8.996616133553843],[99.28721020980169,8.990152302453469],[99.29015969645366,8.988115802780527],[99.29057347178826,8.987809162316434],[99.29106419003676,8.987401930218612],[99.29148747863852,8.986970835836685],[99.29177607201201,8.986649917769046],[99.29203576551616,8.986305108327496],[99.29230023497831,8.985921986704579],[99.29270402781391,8.98518457270231],[99.29289622583592,8.98473450636731],[99.29304513928852,8.984327542007051],[99.29315076838321,8.983963700473915],[99.29331866147879,8.983226473143324],[99.29335217431857,8.98298713338199],[99.2933902970258,8.98250369745058],[99.29366107874942,8.977999560961067],[99.29408894412772,8.971307950275254],[99.294911627286,8.95875755697085],[99.29551578412499,8.949840158134013],[99.29559675767983,8.948787106279953],[99.29564938186675,8.948365861232094],[99.29573562817227,8.947891963710907],[99.2959227192522,8.947097275230904],[99.30408883104386,8.914897851385538],[99.30781640095768,8.894471518885354],[99.30791692337324,8.893815716427959],[99.3079598064978,8.893284388442648],[99.30797388253168,8.892853615094102],[99.30793943079627,8.891949033248837],[99.30783738507178,8.890781241059523],[99.3078368535539,8.890144656697116],[99.30787030952112,8.889857448813796],[99.307966201794,8.889412251563275],[99.30809585928918,8.889072317645446],[99.3082399674288,8.88875150828553],[99.30856201069761,8.888243882371624],[99.3087302990579,8.888037939038773],[99.30898516564325,8.887788837051366],[99.31347713627714,8.884008671494474],[99.31393885859589,8.883644523391686],[99.31478521522841,8.882839712766417],[99.31525642641625,8.88231281987394],[99.3156121795089,8.881862603724912],[99.32533675194611,8.868658345148935],[99.32674992729534,8.86671862995951],[99.32905781887082,8.863600874049897],[99.33866380432434,8.850515690499664],[99.34847620789458,8.837258124384242],[99.35617720311434,8.826812870775374],[99.35636555449494,8.826533181405583],[99.35662305753814,8.826081113456421],[99.35681517190127,8.825705668051526],[99.356988040291,8.825322609583704],[99.35729136313644,8.824491418688241],[99.35756765989721,8.82359897608902],[99.35812399684666,8.821664762710116],[99.35843485055783,8.820672737196238],[99.35858822988226,8.820052290510674],[99.35871077965588,8.819385914608743],[99.35877191271221,8.818914879041218],[99.35883274167422,8.818129877030827],[99.35883594957293,8.817459780825592],[99.3588123951507,8.816981175809884],[99.35873462059033,8.816165648898714],[99.35815382310506,8.812666447475543],[99.35803365822957,8.81180501999499],[99.35802187217824,8.811556140514512],[99.35802927300512,8.811253633876413],[99.3580636424137,8.810954935736438],[99.3581287515608,8.810610267792798],[99.35825924140563,8.810204260308831],[99.3584666812011,8.809759890096915],[99.35865498946352,8.809445725608422],[99.35892412111956,8.809093193659974],[99.35916639010733,8.808847906765164],[99.36082026228524,8.807414256118623],[99.36139717389945,8.806896766363474],[99.36161249252592,8.806651502967712],[99.36181624265885,8.806364126155243],[99.36206982624263,8.805885254578055],[99.36221188226821,8.805486903990113],[99.36228858899665,8.805199649219704],[99.36233831772283,8.804881782244866],[99.36236484007613,8.80444525258278],[99.36232539001342,8.803461212253277],[99.36225694508069,8.800371221277942],[99.36213829421469,8.797105149862894],[99.36149033930747,8.77594635276629],[99.3612075696379,8.766128880540464],[99.36111145628176,8.762257779134645],[99.36102105462679,8.760308875997657],[99.3609281248495,8.759734602315154],[99.36082758758108,8.759244584007046],[99.35792539210786,8.74704023665748],[99.35707903912856,8.743407243979155],[99.35676995970405,8.742178413756163],[99.35666558231202,8.741692213212778],[99.35509673789505,8.73506937324484],[99.35489955104609,8.734112298273123],[99.35479088345485,8.733158955522615],[99.35441634651352,8.727794769793132],[99.3543727792063,8.7264929238925],[99.35412667300085,8.72261428104345],[99.35405286852418,8.72190214736723],[99.35400919327235,8.720462443485994],[99.35371642311952,8.716070756662136],[99.35363473059144,8.715144192295487],[99.35359506389642,8.709802656833029],[99.35340467414855,8.691434709842373],[99.35339922839061,8.689734609056677],[99.35343702418159,8.689003215486402],[99.35351337675287,8.68835220047142],[99.35578167160136,8.673818689758466],[99.35712025975921,8.665106246669428],[99.35726588836205,8.664474319663624],[99.35744232102195,8.663876819230273],[99.35771868837297,8.663149017620528],[99.35793373273259,8.662674019103964],[99.3644504885892,8.648975033144266],[99.36713460638788,8.643297744258282],[99.36867442180429,8.640083665620677],[99.3703600375173,8.63647120357541],[99.37085932483248,8.635536428063244],[99.37095535039357,8.635379341472214],[99.37159323879395,8.634543980255021],[99.37542116955294,8.630159768266388],[99.37591702315548,8.629669165988501],[99.37615536857682,8.629458329445052],[99.3766359329326,8.629074941774237],[99.3770088693786,8.628802712077109],[99.38508770083186,8.62392409305103],[99.38601436736941,8.623348797589186],[99.38629118955987,8.62314940093491],[99.38700237547276,8.62254751576245],[99.38740210705693,8.622152711330811],[99.3887203264569,8.620711651577695],[99.38953511740009,8.619849279365019],[99.39028854882451,8.619197570623399],[99.39103439594251,8.618649251566959],[99.39329889041697,8.61703489966793],[99.40499388899455,8.608617914659057],[99.40541292603908,8.608311136869657],[99.40593570524868,8.607877914102994],[99.40655065281442,8.607287580974834],[99.4070194599533,8.606739525333463],[99.41129945205564,8.601236412701066],[99.41164525710587,8.60081100313432],[99.41204488549091,8.600366400857473],[99.41230238831822,8.600109582911543],[99.4125598974717,8.59987573381654],[99.41304807534834,8.599476994508638],[99.4136938595368,8.598974682225377],[99.41520463660801,8.59786645231679],[99.41892567546033,8.595051883968532],[99.41942542644381,8.594695229201921],[99.42064396563617,8.593759610972588],[99.42292730792484,8.59205317583856],[99.4239229273943,8.591328375697504],[99.42422272487734,8.591075318992411],[99.42586411070491,8.589848222265385],[99.42639076173819,8.589476209678637],[99.4399886431032,8.581220758271249],[99.44033463170143,8.580998276271414],[99.44079588609806,8.580668463273835],[99.44151845679974,8.580077955158282],[99.4420295851837,8.579617876836583],[99.44230626576335,8.579349531944283],[99.44262133972443,8.579016031261434],[99.44296327201474,8.5786212583138],[99.4432744482342,8.578249471282934],[99.44362783400415,8.577781921884089],[99.44666967782601,8.573497521291277],[99.44706152369737,8.573029905576018],[99.44768399786095,8.57238972885903],[99.44819896051101,8.571944976279125],[99.44856027313065,8.571676510974502],[99.4488370051793,8.57147707220283],[99.44951744159309,8.571070415959543],[99.45026718558796,8.570713432679446],[99.45062478231563,8.570563673205836],[99.45104007295674,8.570413865043092],[99.45175921634733,8.570213908329661],[99.45268997299418,8.570036690305496],[99.45373229378131,8.569870805428812],[99.45407844101337,8.56979765408696],[99.45466297928702,8.569636139690337],[99.45497830296205,8.569528549640873],[99.45529745120585,8.56939798590623],[99.45560502385393,8.569252134107321],[99.45615863322323,8.568952797018675],[99.45645079666502,8.568776323668773],[99.45713492545767,8.568262412482978],[99.4574577317272,8.567971034023287],[99.4579034137757,8.567499528294894],[99.45814926485286,8.567208221502698],[99.4585332933356,8.56666404364461],[99.45924355977867,8.565480023103133],[99.45947387065331,8.565066196630209],[99.4597002736715,8.564591133576211],[99.4598229998524,8.564273167343185],[99.45995709381613,8.56382883496886],[99.46006033296494,8.563307959623389],[99.46104592819633,8.554373582845972],[99.46111085864074,8.55398677561886],[99.46118741405664,8.5536726991163],[99.46130237660694,8.553293482511378],[99.46145963450286,8.552910381264473],[99.46167450884896,8.552465951115495],[99.46194709683863,8.552025287077491],[99.46274597776197,8.550990478764197],[99.46288043935515,8.550840994656355],[99.4670900400711,8.545548002289927],[99.46749321748614,8.544954000805813],[99.4676582728811,8.54467045553006],[99.46796148873452,8.54411488264543],[99.46809575356872,8.54380838558034],[99.4683450473491,8.543199267760185],[99.46853278429678,8.542594040333775],[99.46890803251917,8.541184488386005],[99.47296341595576,8.526372578629939],[99.47325436202703,8.525238821533069],[99.47358375117713,8.524089696903316],[99.47437637186985,8.52117098229231],[99.47454492067087,8.520607900254047],[99.47465225205812,8.520305268351597],[99.47493989528655,8.519623337398103],[99.47564188172458,8.518079375516141],[99.4762633453598,8.516746094687004],[99.47697298777638,8.515171482258259],[99.48413076114707,8.499566857637161],[99.48436075414044,8.49895008669437],[99.4844526901458,8.498651306733855],[99.48462871690346,8.497942703594076],[99.48474706200295,8.49723419117326],[99.48495906742876,8.494534432326084],[99.48519296403802,8.490896525303924],[99.48548030838089,8.486956051254527],[99.48550305813313,8.486699480770495],[99.48554886524887,8.486416077555619],[99.48568260836669,8.485719011926706],[99.48575529138041,8.48541260538235],[99.48629935342822,8.483761606067155],[99.48769800189719,8.479658915762737],[99.48874399901152,8.476513956409308],[99.48907356914546,8.475571587789956],[99.4940888725015,8.460605111031102],[99.49457166467808,8.459206886511723],[99.49482825916543,8.45836800787565],[99.4949238687819,8.45794284953317],[99.49501174123576,8.457490914122058],[99.49562538810615,8.453159455037085],[99.4972456186202,8.442056934046192],[99.49796972927192,8.436936550741045],[99.49914387454146,8.428901659358598],[99.49929275381427,8.428055246767292],[99.49939990730809,8.42764541035972],[99.49953784558124,8.4272623207164],[99.4998139871714,8.426687607096492],[99.50020159385437,8.426078296103704],[99.50048572132967,8.425725659071826],[99.50068157963894,8.425522476906007],[99.50121163159363,8.425043153139319],[99.50193009810452,8.424548287398506],[99.5030290868589,8.423915094280561],[99.50781682703447,8.421063930139436],[99.50827017273173,8.420749358646539],[99.50877721383117,8.420312197799346],[99.50923421321771,8.419848278195188],[99.50951447831712,8.419510959813492],[99.51748085479126,8.409816846381258],[99.51976124925625,8.40701096450939],[99.5203141079551,8.406359294238598],[99.52174222057921,8.40462283642147],[99.52239865353367,8.403791063107535],[99.52259824241922,8.403515102668482],[99.52283231994429,8.403154867395425],[99.5275398987635,8.395352615890259],[99.52899016558179,8.392980485787438],[99.5291666834878,8.392708387622154],[99.52965030045792,8.392064449143476],[99.5300227293472,8.391665734981164],[99.53055653926624,8.391178720390394],[99.53386757052135,8.388631753453932],[99.53440145081696,8.388202177931767],[99.53462034399541,8.38800278361739],[99.53486993092474,8.387749719760954],[99.53920449663784,8.383003450479624],[99.53966515699616,8.382459099840053],[99.5398416966008,8.382225268658342],[99.54020622070402,8.381665729446917],[99.54040181439778,8.38130170362667],[99.54055899586467,8.38096453336664],[99.54145579703912,8.378845846499638],[99.54285462506962,8.375645657391336],[99.54336119345213,8.374428035531981],[99.54352991973079,8.373928818200985],[99.54361240082866,8.37362357453288],[99.54369477314279,8.373239362770427],[99.54374837764765,8.372901853713863],[99.54380876240818,8.372262798706274],[99.54380805503425,8.37175305179816],[99.54376754970075,8.371128491817542],[99.54361123479781,8.37018103009048],[99.54340785055929,8.369079252011199],[99.54229304695598,8.363161294617683],[99.54223838514625,8.362734203083136],[99.54222730525231,8.36253676860054],[99.5422225955428,8.361739866076865],[99.54626763862687,8.325962500788282],[99.54631767880251,8.325660895687488],[99.54644667073185,8.325104307114017],[99.54652916662612,8.324817013593334],[99.5466620018338,8.324443494346122],[99.55031928753792,8.316006146512645],[99.55048101906775,8.315686436635568],[99.55066079006728,8.315366682735668],[99.55094855179213,8.31496065985043],[99.55113922993769,8.314727047097062],[99.5515818942858,8.314266959692329],[99.5517978743879,8.31407999196738],[99.55219391458957,8.313781480833766],[99.55253961324935,8.313565620189868],[99.55457789954855,8.31241406286374],[99.55495960012476,8.312183793849439],[99.55546367851811,8.31182411050518],[99.55578766545406,8.311565209759321],[99.5651647658871,8.303528935406922],[99.56576580551007,8.302957297786248],[99.56611843241416,8.302565529355528],[99.56712576555428,8.301329221685092],[99.56803952157154,8.300179200574437],[99.57116561828477,8.296204491337022],[99.57289955887386,8.294023027965183],[99.57358659948251,8.293128194825899],[99.575144245224,8.291173138322614],[99.5755865681387,8.290515578450654],[99.5815295818046,8.280879292237971],[99.58164105689156,8.280706818514174],[99.58190720875118,8.280351045424238],[99.58227775137227,8.27991255834389],[99.58290756310194,8.279333705361205],[99.58606064804204,8.276766021736101],[99.59034025596058,8.273252554823616],[99.59111048547204,8.272612446501514],[99.59139478511719,8.272339202630292],[99.5916358326945,8.272080379670397],[99.59187686600293,8.27180003139086],[99.59226170508617,8.271296902278834],[99.59256016828839,8.270858513593485],[99.59408798118216,8.268361385438826],[99.5946128779283,8.267534968333155],[99.59495458639118,8.267107276471263],[99.59545460641324,8.266521411902087],[99.59772825351997,8.263958548485151],[99.59820678415025,8.263469631612285],[99.5987248049958,8.262865767877551],[99.59933624672863,8.262100253255152],[99.60090399976632,8.259847135288613],[99.60178861269513,8.258610954575182],[99.6037986334186,8.25573614172884],[99.60422664544724,8.255200632808569],[99.60443529366528,8.254974157964513],[99.60498220431546,8.254427705424238],[99.6052737045621,8.254172392763978],[99.60579918387823,8.253755176974815],[99.60604756801939,8.253589678459008],[99.60670999059701,8.253179442431161],[99.6093924431411,8.251775379002604],[99.6100117166096,8.251437020435967],[99.61044372602122,8.251163540761079],[99.61083607314256,8.250879358531247],[99.61124994453408,8.250541293135429],[99.61178609943195,8.250048679682227],[99.6120451467682,8.24978263144222],[99.61232930826704,8.249451950218182],[99.61257749030561,8.249146443426357],[99.61286154584383,8.248747556829958],[99.61376030111461,8.247389258508107],[99.61409477655843,8.246961581727186],[99.61428183512939,8.24675308512638],[99.6147567341321,8.246274918210487],[99.61528939070146,8.245846937589244],[99.61575014456079,8.245530321325571],[99.61630818032413,8.245209979624738],[99.61794643989055,8.244374655017157],[99.61848643168065,8.244039983091145],[99.61889676158299,8.243741390943493],[99.61927099652958,8.243417735451477],[99.61955883945248,8.24314089400591],[99.62006608524877,8.242605247947667],[99.62527863710787,8.23701155601092],[99.6329894080402,8.22769853753434],[99.63614693901727,8.223856159249436],[99.63858882977416,8.22092666571932],[99.640196312488,8.21896412486625],[99.64223538105088,8.21652347250154],[99.64680960312093,8.210977240011974],[99.64820480611101,8.209244747343659],[99.64858966105193,8.20883132203696],[99.65964706952622,8.195466875209235],[99.66013241967626,8.194834284984104],[99.6603660402786,8.194478520861837],[99.6608798151213,8.193608981487046],[99.66128239122138,8.193033968878256],[99.6617354716034,8.192498366718558],[99.66319593725717,8.191092393109535],[99.6636419183262,8.190628580087221],[99.675827354663,8.175915772446794],[99.67621202877217,8.17543052517439],[99.67739086171238,8.173730634409546],[99.6777897331477,8.173123308892052],[99.67865590906221,8.171886999052186],[99.67921666144004,8.171132228173766],[99.68037022032809,8.169474662984767]]}},{"type":"Feature","properties":{"NAME":"SOUTHERN RAILWAY"},"geometry":{"type":"LineString","coordinates":[[99.68037022032809,8.169474662984767],[99.68074123964655,8.168957963544651],[99.68132861153067,8.168261495711699]]}},{"type":"Feature","properties":{"NAME":"NORTHERN RAILWAY"},"geometry":{"type":"LineString","coordinates":[[100.54587348298,13.819209257916874],[100.54485630150369,13.81717474028394]]}},{"type":"Feature","properties":{"NAME":"EASTERN RAILWAY"},"geometry":{"type":"LineString","coordinates":[[100.86478625514822,13.719887005779528],[100.88277125947705,13.71767945457057],[100.88752863260304,13.717076429154805],[100.89919137146383,13.715638383782304],[100.90424175843808,13.714989741452571],[100.90809755690569,13.714522399836913],[100.9161386743831,13.713513244328055],[100.92022923610145,13.713051079781382],[100.92322562614382,13.712681028635116],[100.92838191809402,13.711972576722557],[100.93389458720019,13.711316925840645],[100.98937127993756,13.704340350536532],[100.99338270873442,13.703862544383439],[101.00129110545576,13.702851996659602],[101.01983168840111,13.700522521846093],[101.02786804502242,13.69953098407232],[101.04810024313171,13.696967464880025],[101.05298480191655,13.696378198932246],[101.06018323543002,13.69546655452209]]}},{"type":"Feature","properties":{"NAME":"SOUTHERN RAILWAY"},"geometry":{"type":"LineString","coordinates":[[99.17526465572807,10.502797276700054],[99.17700688851471,10.50452034160893]]}},{"type":"Feature","properties":{"NAME":"EASTERN RAILWAY"},"geometry":{"type":"LineString","coordinates":[[100.51775930191428,13.743968576438032],[100.51801446858138,13.744914999051858],[100.51810479073492,13.745568695933157],[100.518103210015,13.745949454855028],[100.51787572076542,13.74778019462195],[100.51785698981605,13.748191603957528],[100.51788424569567,13.748592049293899],[100.51797115520964,13.749203724940637],[100.51803254339055,13.74959316706709],[100.51814810762573,13.750084334301098],[100.51830682984658,13.750624924007736],[100.51846496178777,13.751073954009406],[100.51980290529167,13.754346524882605],[100.52045584910321,13.755985524418652],[100.52087721355348,13.756978714478059],[100.52094045301835,13.757111059534308],[100.52119631689405,13.757518441228756],[100.52147374396947,13.757853952393056],[100.52168786116617,13.758046363836119],[100.52190923838063,13.758227956240358],[100.52227781954876,13.758469638207766],[100.52251354994348,13.758600916101097],[100.52278593151318,13.758721194166265],[100.52304708377598,13.758809272738384],[100.52335582458946,13.758879119167782],[100.52374525357122,13.758941282666116],[100.5241343808002,13.758956814452354],[100.52480563943,13.758898845715258],[100.52534811161279,13.758788096468521],[100.52624531064306,13.758572331426668],[100.5329462434067,13.757067452901975],[100.53319597749571,13.757042314836808]]}},{"type":"Feature","properties":{"NAME":"SOUTHERN RAILWAY"},"geometry":{"type":"LineString","coordinates":[[100.46688069059898,7.007723514324947],[100.46772805636273,7.0013771277321295]]}},{"type":"Feature","properties":{"NAME":"SOUTHERN RAILWAY"},"geometry":{"type":"LineString","coordinates":[[100.46688069059898,7.007723514324947],[100.46689907432645,7.0070876217941045]]}},{"type":"Feature","properties":{"NAME":"NORTH EASTERN RAILWAY"},"geometry":{"type":"LineString","coordinates":[[102.08021009530306,14.972232659908308],[102.08200219066661,14.972807422801912]]}},{"type":"Feature","properties":{"NAME":"NORTH EASTERN RAILWAY"},"geometry":{"type":"LineString","coordinates":[[102.08093986823766,14.972528300996624],[102.0787372898267,14.971880827586668],[102.07693786419547,14.97133059868947],[102.07575504012704,14.971068888182584],[102.07527494837225,14.97093036062011]]}},{"type":"Feature","properties":{"NAME":"SOUTHERN RAILWAY"},"geometry":{"type":"LineString","coordinates":[[100.47553927181454,7.032478919874779],[100.47432313789086,7.031684218138935],[100.47188996894877,7.030170144755078],[100.46641873922093,7.02668446922597],[100.4658092750262,7.0263131196302275],[100.46546838830031,7.026050995292366],[100.46518007833023,7.025755202633298],[100.46493945938653,7.025392273259898],[100.4648237774802,7.025158150722168],[100.46476572444509,7.024976501338755],[100.4646829169555,7.024531719012991],[100.46467247983374,7.024259004531801],[100.4647377639517,7.023689341377382],[100.46686968951012,7.0080050005247925]]}},{"type":"Feature","properties":{"NAME":"SOUTHERN RAILWAY"},"geometry":{"type":"LineString","coordinates":[[100.46716779506448,7.001655234527192],[100.46738053235312,7.000046591581162]]}},{"type":"Feature","properties":{"NAME":"SOUTHERN RAILWAY"},"geometry":{"type":"LineString","coordinates":[[100.51789125192437,13.815080334010108],[100.51870048721115,13.816036885231462],[100.5197210188258,13.816957100299849]]}},{"type":"Feature","properties":{"NAME":"SOUTHERN RAILWAY"},"geometry":{"type":"LineString","coordinates":[[100.4672991539577,7.00206799159418],[100.467377457803,7.001779480570208]]}},{"type":"Feature","properties":{"NAME":"SOUTHERN RAILWAY"},"geometry":{"type":"LineString","coordinates":[[100.0850393914576,7.623823937608121],[100.08517104723865,7.623446324939336],[100.0855702222883,7.62195692018127],[100.08574601077869,7.621286449788557],[100.08580610914788,7.6209126658247905]]}},{"type":"Feature","properties":{"NAME":"SOUTHERN RAILWAY"},"geometry":{"type":"LineString","coordinates":[[99.17416530452451,10.50153956402253],[99.17440905270554,10.501784744884269]]}},{"type":"Feature","properties":{"NAME":"NORTH EASTERN RAILWAY"},"geometry":{"type":"LineString","coordinates":[[101.00804298644069,14.588932465069808],[101.0119428215567,14.591149960059282],[101.01308389493762,14.591739770207868],[101.013521590066,14.592004810018091],[101.01377860401921,14.592189088407512],[101.01451600994629,14.592823494579704],[101.01477672789802,14.593090947199952],[101.01498726799323,14.593349264638823],[101.01535737950583,14.593873982037527],[101.01561280544566,14.594315537264785],[101.01585693822405,14.594810749712046],[101.01611103017206,14.595535398802157],[101.01617613779533,14.595783497180129],[101.01625033180932,14.59616541449875],[101.01629278167171,14.59651316383446],[101.01785350588065,14.612643054727585]]}},{"type":"Feature","properties":{"NAME":"SOUTHERN RAILWAY"},"geometry":{"type":"LineString","coordinates":[[99.17470526177118,10.50282916562825],[99.17490363661317,10.503096208378699],[99.17626031186614,10.504424476267113],[99.17658491870904,10.504670313200489]]}},{"type":"Feature","properties":{"NAME":"SOUTHERN RAILWAY"},"geometry":{"type":"LineString","coordinates":[[99.17485940688036,10.502292109770961],[99.17613041426242,10.503555373790165],[99.1787370405746,10.50609535157885]]}},{"type":"Feature","properties":{"NAME":"SOUTHERN RAILWAY"},"geometry":{"type":"LineString","coordinates":[[99.90814778373603,13.817519755965913],[99.90885465137413,13.81754624767671],[99.91018185479,13.817653723806044],[99.91115275882825,13.817748812794045],[99.91306384976528,13.817971960507023],[99.91367855809615,13.818076585148756],[99.91401264190837,13.818149350945975]]}},{"type":"Feature","properties":{"NAME":"SOUTHERN RAILWAY"},"geometry":{"type":"LineString","coordinates":[[99.91401264190837,13.818149350945975],[99.91427417443082,13.818192704575756],[99.91516822230663,13.818295618450309],[99.92348846812239,13.819192299932315],[99.92466755670743,13.81930627174719],[99.92589084573888,13.819452362202384],[99.9347474030909,13.820409124836281],[99.9353350587164,13.820449935791963],[99.94894457115497,13.82088568072857],[99.95695022377467,13.821159589169243],[99.95826853755072,13.821190328697833],[99.96400096828263,13.821372404758225],[99.98815734309152,13.822155419235287],[99.99163503279219,13.822270556178148],[99.99255685489919,13.822320655296139],[99.99299743913969,13.822315280843123],[99.99371720391316,13.822333900802597],[100.00676120449852,13.822757955204667],[100.04205207149835,13.823920265775191],[100.04312433976433,13.823944408534437],[100.05861781847412,13.824455732149255],[100.06056785723746,13.824533425393545],[100.06141242623312,13.82454771446362],[100.06360854104483,13.82463507719684],[100.078848587473,13.82513184662926],[100.09557970099317,13.82569995944735],[100.097044945961,13.825747235983005],[100.09737902164416,13.825738576222788],[100.09816448208763,13.825674053403453],[100.09859747111983,13.82561471757861],[100.09921375008426,13.825493552669744],[100.0998005090907,13.82534022723122],[100.10029179380842,13.825187310566541],[100.10071694364419,13.825020358466311],[100.10139100914402,13.824698001745576],[100.10175723404323,13.824495430182617],[100.10742716461063,13.821560036125481],[100.11696474382164,13.81664430787638],[100.11813302346972,13.816025452611083],[100.11911097797713,13.815533030137425],[100.12171130737507,13.814179241582096],[100.12232302335629,13.813882240863025],[100.1228359746437,13.813661028335424],[100.12338570931973,13.813453995720119],[100.12395036884656,13.813293533084922],[100.12487466938282,13.813102723384885],[100.12693293345532,13.812802653131643],[100.12779188994162,13.812762845330466],[100.13158588799865,13.812282531677406],[100.13330661057834,13.812041380054287],[100.13373212556118,13.811960486265045],[100.13483648932824,13.81180469050297],[100.14361281155199,13.81060863682524],[100.14980251835266,13.809786792877318],[100.15754397202039,13.80872427321104],[100.16224764810859,13.80810647152466],[100.17119611135338,13.806894288029874],[100.1718887761587,13.806739681506938],[100.17233112844059,13.80667108358961],[100.1743269660572,13.806396047444542],[100.17833714232398,13.805874535813427],[100.17915187534899,13.805816804063062],[100.17950799856642,13.805815094346423],[100.18106866500702,13.805886523986059],[100.1814065387644,13.805910024403211],[100.18280396260029,13.80606187860367],[100.18691702724875,13.806295598280927],[100.20257483327676,13.80723528619546],[100.2070441298209,13.80748604688584],[100.2096112627713,13.807656397908985],[100.21041178378229,13.807691927012328],[100.21363991314739,13.807891266500999],[100.21966634583266,13.808234556577009],[100.24182964036412,13.809547864458999],[100.24251636462634,13.809583863360947],[100.24326531961746,13.809583646496339],[100.24434432720547,13.809517195272655],[100.24905210640598,13.809044822606836],[100.25176019117707,13.808794236103264],[100.26493690333733,13.807521201945082],[100.26955286057365,13.807063263879831],[100.27490281332685,13.806565551496643],[100.27708966814717,13.80634251819823],[100.28121037540048,13.805965864680756],[100.28509238497445,13.80557604435828],[100.28576010654352,13.805497197321516],[100.28697479449184,13.805408319203213],[100.29171169634164,13.804934989138125],[100.31106299086512,13.803067294192012],[100.31218218836226,13.802978802707548],[100.31542676494149,13.802853829983906],[100.31901471509327,13.802749337333298]]}},{"type":"Feature","properties":{"NAME":"SOUTHERN RAILWAY"},"geometry":{"type":"LineString","coordinates":[[99.79402793414116,11.806773501252609],[99.79420791580843,11.806397053172349]]}},{"type":"Feature","properties":{"NAME":"EASTERN RAILWAY"},"geometry":{"type":"LineString","coordinates":[[101.11279883701641,13.902235439764706],[101.11162555622842,13.896628455186821],[101.10339979451685,13.856876994478831],[101.10241988769238,13.852126937239914],[101.102138940508,13.850535534575474],[101.1009784564251,13.844979009026437],[101.09896904081499,13.83400932260239],[101.09872532634425,13.832575380991528],[101.09565286867375,13.81578847678444],[101.09258931100315,13.799136519044218],[101.0913902079103,13.792519056336957],[101.08663699007369,13.766559726223825],[101.08646815379544,13.765755085483677],[101.07487179993004,13.725838343173924],[101.07081365524073,13.71192186343811],[101.06926591915325,13.706561239999402],[101.0666880311968,13.697795259398116],[101.06659515803838,13.697545293049894],[101.06625694936835,13.696901570531931],[101.06593255028008,13.696494945115884],[101.06579432500149,13.69634689005557],[101.06533298638985,13.695941407092407],[101.06515977079087,13.695820423852926],[101.06468401766448,13.695556606738675],[101.06424814149058,13.695376610877315],[101.06387947757904,13.695276394914377],[101.06356979049687,13.695210111009622],[101.0633230302484,13.69518155724326],[101.06279469010917,13.695166844385456],[101.06242220419723,13.695183867695627]]}},{"type":"Feature","properties":{"NAME":"SOUTHERN RAILWAY"},"geometry":{"type":"LineString","coordinates":[[99.17361378827056,10.501462978905135],[99.17476884512334,10.502669761817508]]}},{"type":"Feature","properties":{"NAME":"NORTHERN RAILWAY"},"geometry":{"type":"LineString","coordinates":[[100.6309704842625,14.40168443657406],[100.63614490897825,14.404370090806232]]}},{"type":"Feature","properties":{"NAME":"NORTHERN RAILWAY"},"geometry":{"type":"LineString","coordinates":[[100.5832878909478,14.355987551564281],[100.58342262720616,14.35351864292724],[100.58351173083742,14.352934518425702],[100.58366395692998,14.352254324831879],[100.58499152876347,14.347094168698092],[100.5850998215403,14.34644773677671],[100.58513509734739,14.345883112159179],[100.58512686884731,14.34540965053491],[100.58506900941332,14.34485521859681],[100.5850176622106,14.344530320183173],[100.58482431279059,14.343546315455743],[100.58475892571876,14.34331715716551],[100.58390314540176,14.339515612898662],[100.58348174304152,14.337490445470747],[100.58300546875128,14.335336508278239],[100.58290262172133,14.334662791870638],[100.58285458831324,14.334108274516376],[100.58284158516788,14.333653984073303],[100.58286131487995,14.332969880583393],[100.583175079444,14.330145820909923],[100.58361116234093,14.326574793114297],[100.58396144010482,14.323363067004376],[100.58437440548853,14.31999787093184],[100.58478152636556,14.316498785164143],[100.58512237557093,14.313344505745494],[100.58702924107918,14.297093512726171],[100.58821311076986,14.28686912869438],[100.58855899529178,14.283738728881819],[100.58909244757868,14.279382648814812],[100.58917889630055,14.278420688240821],[100.58917993332916,14.27787061869077],[100.58916274059206,14.277516797284632],[100.58812469772145,14.268660807658865],[100.58649460430316,14.255068782238743],[100.58611857667466,14.25179012945998],[100.58567200401114,14.248234531218841],[100.5852395439703,14.244587964075516],[100.5849876220452,14.24222205146669],[100.58457300379548,14.239020170749766],[100.58323590789803,14.227985031772084],[100.58276158827188,14.2239465046365],[100.58261451244326,14.222541259232402],[100.58119697215258,14.210473466550951],[100.58078646054456,14.207137621014258],[100.57912842298073,14.192866375517344],[100.57893997341077,14.191140940129067],[100.57886953782226,14.19017043975245],[100.57876978882143,14.189219273943232],[100.57863001485978,14.188148786379362],[100.57827451542256,14.1849512497],[100.57805594686096,14.18340005491885]]}},{"type":"Feature","properties":{"NAME":"EASTERN RAILWAY"},"geometry":{"type":"LineString","coordinates":[[100.68995671994095,13.732893345114933],[100.69413853665733,13.732418741830005],[100.69831162810415,13.7319691565539],[100.70093184789842,13.731664135409044],[100.71418974907714,13.730191126568151],[100.7328868172262,13.728085955933592],[100.7383115838529,13.727496846118607],[100.73923257532327,13.727431291755018],[100.74001032219319,13.727411447854031],[100.7452163293173,13.727529638013133]]}},{"type":"Feature","properties":{"NAME":"NORTH EASTERN RAILWAY"},"geometry":{"type":"LineString","coordinates":[[102.08041470708332,14.97231572145197],[102.08093986823766,14.972528300996624]]}},{"type":"Feature","properties":{"NAME":"NORTH EASTERN RAILWAY"},"geometry":{"type":"LineString","coordinates":[[102.07947454175869,14.9719195410693],[102.07973990020818,14.972043373167054],[102.08021009530306,14.972232659908308]]}},{"type":"Feature","properties":{"NAME":"NORTHERN RAILWAY"},"geometry":{"type":"LineString","coordinates":[[100.07318350155904,17.802785237305468],[100.07595232601156,17.800191708294474],[100.07617464594597,17.800018964143156],[100.07651329739895,17.799800917137457],[100.07679383750646,17.799664610251934],[100.07736891470127,17.79943865396426]]}},{"type":"Feature","properties":{"NAME":"NORTHERN RAILWAY"},"geometry":{"type":"LineString","coordinates":[[100.7260940781445,14.45426074067177],[100.72667900946793,14.454694063290251],[100.72693832301464,14.45490737628297],[100.72735721559432,14.45528810659338],[100.72776177731554,14.455719158258374],[100.72810763488742,14.456175757494465],[100.7283834382294,14.45661493525925],[100.72854022047514,14.456897151742758],[100.72880980163201,14.457487025704353],[100.72908165086301,14.458367413392573],[100.72911979301865,14.4585393121065],[100.72918225411159,14.459001582001706],[100.72922050480628,14.459661307094871],[100.7289561642638,14.465936853225966],[100.72869337835257,14.471462718022352],[100.72836141920483,14.478987024833362],[100.72801504926619,14.486077435366203],[100.72776701565682,14.491603186897896],[100.7276664617,14.493354364742808],[100.72737246899689,14.499791266260067]]}},{"type":"Feature","properties":{"NAME":"SOUTHERN RAILWAY"},"geometry":{"type":"LineString","coordinates":[[100.47770601609615,13.760734236120403],[100.48030015287925,13.760609529279519]]}},{"type":"Feature","properties":{"NAME":"SOUTHERN RAILWAY"},"geometry":{"type":"LineString","coordinates":[[100.43768603022605,13.7910567750413],[100.4380576449179,13.790674064048714],[100.43866276980984,13.79015708159509],[100.43916208507547,13.789779713793816],[100.44046289080403,13.788706630615419],[100.44218110736196,13.787426487324488],[100.44361985308538,13.786306261041355],[100.44412709661653,13.785936556898644],[100.45016746170091,13.781102454574311],[100.45273961017928,13.779062472886888],[100.45377980287441,13.778207933147147],[100.4691106783366,13.765937567813886],[100.4704103105694,13.764923431245121],[100.47334890205572,13.762552991661867]]}},{"type":"Feature","properties":{"NAME":"EASTERN RAILWAY"},"geometry":{"type":"LineString","coordinates":[[100.74439161351208,13.72743499029372],[100.76481076330919,13.727955871178244],[100.7753036194426,13.728207092916248],[100.77796793039505,13.728294447879062],[100.78129011733363,13.728367049659838],[100.78383196438638,13.728445247005276],[100.79167447194843,13.72863599416181],[100.79234016433008,13.728643600437543],[100.7933495050913,13.728617593739335],[100.79408815652826,13.728568635445642],[100.79495673646272,13.728487613499428],[100.85841125065274,13.7205914433896],[100.86451373285809,13.71984599096889],[100.8761590837894,13.718393122200778],[100.87918943049995,13.718025053273967],[100.88223618640762,13.717681643859848],[100.88887500205095,13.71683830657625],[100.89111594730866,13.716574802747283],[100.89673375463516,13.715854812825464],[100.92442258068755,13.712410917343071],[100.9269286271862,13.71208362014002],[100.93895988286565,13.71059956882036],[100.94238437195503,13.71015345238784],[100.94843842680781,13.709417159938981],[100.96752510560391,13.707013847413453],[100.98427855106726,13.704937306251928],[100.99079360347828,13.704107375007958],[101.0159847516609,13.70094645118492],[101.01825653782961,13.700673063765263],[101.04704375192605,13.697040228286971]]}},{"type":"Feature","properties":{"NAME":"EASTERN RAILWAY"},"geometry":{"type":"LineString","coordinates":[[100.77749938552897,13.728345504300824],[100.77657062300698,13.728404389434106]]}},{"type":"Feature","properties":{"NAME":"SOUTHERN RAILWAY"},"geometry":{"type":"LineString","coordinates":[[100.47694125031592,13.760823666643526],[100.47725721314498,13.760759420581675]]}},{"type":"Feature","properties":{"NAME":"SOUTHERN RAILWAY"},"geometry":{"type":"LineString","coordinates":[[100.31901471509327,13.802749337333298],[100.3263857650095,13.802471954204083],[100.32736219830961,13.802455906178158],[100.33169538321071,13.802295806987946],[100.33284226843188,13.802269389171283],[100.336618864994,13.802122294693612],[100.34509276827251,13.801837443703905],[100.35218101541027,13.801570744116594],[100.36127941718817,13.801271755685068],[100.36474817176662,13.801142486834802],[100.3672293892233,13.80107487422863],[100.36961495920598,13.800971908786112],[100.37776672162724,13.800707487069879],[100.38053033163312,13.800598685804458],[100.38988940555154,13.800269686178844],[100.39567739349972,13.800079015531457],[100.39780602116751,13.79998799375879],[100.40182484061611,13.799843115316365],[100.40468034849046,13.79975864300415],[100.41121317498653,13.799516714568844],[100.41318412791819,13.799462344430337],[100.41813872109935,13.799268774076653],[100.42433030501971,13.799064346462618],[100.42495414542384,13.799028442937978],[100.42604743527826,13.798921629821335],[100.42688333874533,13.79874815936898],[100.42727545308765,13.798638265363145],[100.4280886446813,13.798350123065912],[100.42840716226826,13.798211940608807],[100.42908062058775,13.797885136724465],[100.42980113574083,13.797450440541244],[100.43009720371455,13.79724063007268],[100.43075125131539,13.79674172548318],[100.43502157670702,13.793280199013134],[100.4374909815147,13.791310526532225],[100.43809677108585,13.790768548632093],[100.43989393984619,13.78932657856904],[100.44106662351142,13.788412048972177],[100.44132915050685,13.788191296487332],[100.44315767469524,13.786772374697973],[100.44367785798585,13.786421127479375],[100.44416728851523,13.786176361853963],[100.44503895743993,13.78579518613683],[100.44560395280877,13.785588981557481],[100.44608180999212,13.785443417604982],[100.44674924487666,13.785277892046192],[100.44719943346627,13.785194804947917],[100.44763604863752,13.785134789112615],[100.4480492998077,13.785097866984314],[100.44869773634625,13.785071073716411],[100.44932694219288,13.785101838560387],[100.45018001861546,13.785205982289003],[100.45077647016879,13.785325039738197],[100.46195659379985,13.787927021382735],[100.46279359241922,13.788124279108006],[100.46454119543974,13.788566426634008],[100.46850930413518,13.78949656539007],[100.47022818301895,13.78985594077521],[100.47140557455712,13.790118945647619],[100.47222789085485,13.790322793131281],[100.47314279804483,13.790587360762911],[100.4752610778682,13.791335427137163]]}},{"type":"Feature","properties":{"NAME":"NORTHERN RAILWAY"},"geometry":{"type":"LineString","coordinates":[[100.58254342445986,14.127082114746353],[100.58251000150817,14.127867206410055],[100.58238995038921,14.129017712003556],[100.58191912819629,14.132867343171938],[100.58173625125515,14.134185754452686],[100.58160455429322,14.134980063258402]]}},{"type":"Feature","properties":{"NAME":"NORTHERN RAILWAY"},"geometry":{"type":"LineString","coordinates":[[100.57805594686096,14.18340005491885],[100.57788672736964,14.182045701095646],[100.57778617605666,14.181042798780597],[100.57718545869581,14.176070893228285],[100.57711459968904,14.175393355802578],[100.57707044592316,14.17432464262263],[100.57708275688921,14.17344567167811],[100.57711879244432,14.172806898053626],[100.57930357036152,14.154321513617225],[100.57994356181618,14.14904395731076],[100.58048792174824,14.144297977937317],[100.58160455429322,14.134980063258402]]}},{"type":"Feature","properties":{"NAME":"NORTHERN RAILWAY"},"geometry":{"type":"LineString","coordinates":[[100.57789091364705,14.182755201277182],[100.57805594686096,14.18340005491885]]}},{"type":"Feature","properties":{"NAME":"NORTHERN RAILWAY"},"geometry":{"type":"LineString","coordinates":[[100.57789091364705,14.182755201277182],[100.57709224816931,14.175662105272188],[100.57703172388075,14.174961805076286],[100.57700609840127,14.174224085866431],[100.57701274384691,14.17348617241571],[100.57704949162415,14.172865313586437],[100.57710420154758,14.172298686201168],[100.57739569428017,14.169937269985356],[100.57942021864653,14.15283841569907],[100.57980329425773,14.14974139497437],[100.5817808565481,14.133086134342259]]}},{"type":"Feature","properties":{"NAME":"NORTHERN RAILWAY"},"geometry":{"type":"LineString","coordinates":[[100.5830851167361,14.357407828333764],[100.5832494264952,14.353935303737028],[100.58327742472201,14.353620684424458],[100.58335469051184,14.35310003996206],[100.58343967984638,14.352708515707723],[100.58480839803363,14.34737213555368],[100.58495608832118,14.346720146361836],[100.58500510613594,14.346225032247848],[100.58501306719234,14.345688616436847],[100.58498552835177,14.345107011279778],[100.58489334606233,14.34448840802919],[100.58461366034685,14.343168853932111],[100.58293593443216,14.33564921936902],[100.58278867634895,14.334861530156392],[100.58271610058124,14.334221413669635],[100.5826999039714,14.333606836839895],[100.58272033732432,14.33313660775599],[100.58275565183766,14.332695619034793],[100.58357296822764,14.325842113170523],[100.58506279158607,14.312918033231787],[100.58628812842379,14.302575665413421],[100.58821412392028,14.285712166921043],[100.58893232624409,14.279735098148898],[100.58906917023403,14.278307705283488],[100.58906617512059,14.277880781637728],[100.58902021058383,14.277189266059013],[100.5855925190683,14.24839446045091],[100.5851235658491,14.244636752760588],[100.58431623953126,14.237753216148153],[100.58388160355878,14.23429770995046],[100.58299465260224,14.22692472376228],[100.5823256660889,14.221035027974613],[100.58148214792755,14.21386139542652],[100.58100407182701,14.209930541314533],[100.5792701984595,14.195048832878907],[100.57889143687129,14.191570837860406],[100.57799241984898,14.184123458843994],[100.57763887383975,14.180859690166091],[100.57704602311888,14.175666611520892],[100.57698535396479,14.17496449815922],[100.57695965687373,14.174224705892852],[100.57696630760411,14.173484719789663],[100.57700317559602,14.172861933989148],[100.57705802770913,14.172293880243963],[100.57734957436548,14.169932019876194],[100.57937408382986,14.152833184720661],[100.57975717846728,14.149736144901581],[100.58173476257994,14.13308073593866],[100.58176118533004,14.132254169590967],[100.58223112793594,14.128232885705351],[100.58226009666022,14.128016609771766],[100.58247506848816,14.126926567676056]]}},{"type":"Feature","properties":{"NAME":"NORTHERN RAILWAY"},"geometry":{"type":"LineString","coordinates":[[100.58605101782129,14.369261939704261],[100.5850958463857,14.367403019569773],[100.58468241554218,14.366528152789295],[100.58363839973259,14.364236914946455],[100.58318676423167,14.363146995684682],[100.5830606951089,14.36265755062138],[100.58295637928175,14.362134546770218],[100.58287001588167,14.3613236846388],[100.58286325935288,14.360619155695383],[100.5830851167361,14.357407828333764]]}},{"type":"Feature","properties":{"NAME":"NORTHERN RAILWAY"},"geometry":{"type":"LineString","coordinates":[[100.67892205921433,14.424589257939234],[100.67849706161647,14.424369176161889],[100.67745919927265,14.42388170186475],[100.64706933322775,14.41010934790939],[100.6452956319717,14.409273351663925],[100.63841046591918,14.405672517691245],[100.63357238060674,14.403169405656948],[100.62335757707696,14.397817971616687],[100.61864910009206,14.395373344508677],[100.60809193475733,14.389854422636768],[100.59506923368498,14.383060430371037],[100.5942449409753,14.382643545330184],[100.5927909416434,14.381872300050151],[100.59244187524051,14.381669269697754],[100.59181051474548,14.381242394876361],[100.59159464580789,14.381082559132606],[100.59106454771111,14.380637526378917],[100.59041408799524,14.379984958011258],[100.5900669971532,14.379593429435786],[100.58986056271102,14.37931988921839],[100.58941392803708,14.378659543896195],[100.58911841363503,14.37814391993189],[100.58882609026506,14.377512801721931],[100.58867936177141,14.37715044953264],[100.58855715088401,14.376791043724962],[100.58845615816787,14.376421813193824],[100.58758800142908,14.372785012350244],[100.5873406956218,14.371828311378932],[100.58715993225027,14.371321428927407],[100.5869299816691,14.370770467223004],[100.5863165117241,14.369594676471237],[100.58613517670021,14.369275425626999],[100.58528220905878,14.36763579028232],[100.58490647166774,14.36688258613014],[100.58438041285493,14.365685581238898],[100.58393719151961,14.364753470995538],[100.58339383027919,14.363532662112044],[100.58319594216246,14.362948050011745],[100.58311486995771,14.362587493117887],[100.58301930096304,14.361904161524457],[100.58294329287426,14.360861988271946],[100.58294256466938,14.36041000494442],[100.5830851167361,14.357407828333764]]}},{"type":"Feature","properties":{"NAME":"NORTHERN RAILWAY"},"geometry":{"type":"LineString","coordinates":[[100.60214870136048,14.386653653508858],[100.6070339917095,14.389176819913166],[100.6309704842625,14.40168443657406]]}},{"type":"Feature","properties":{"NAME":"NORTHERN RAILWAY"},"geometry":{"type":"LineString","coordinates":[[100.60214870136048,14.386653653508858],[100.60158062693405,14.386301885042407],[100.59851775312286,14.384683804500497],[100.5977951620994,14.384320723264826],[100.59734696849486,14.384124312536372]]}},{"type":"Feature","properties":{"NAME":"NORTHERN RAILWAY"},"geometry":{"type":"LineString","coordinates":[[100.5832878909478,14.355987551564281],[100.58323776961818,14.356569138716218],[100.58305043275057,14.360766031780088],[100.58306819833017,14.361396886933777],[100.58311551816922,14.361955978991606],[100.58327432632802,14.362715987731118],[100.58338736651797,14.363134788474925],[100.58348618571232,14.363426845360793],[100.5837509901118,14.364078816866162],[100.58493704408144,14.36668582936515],[100.58561004880016,14.367972535195074],[100.58619204743556,14.36912976895694],[100.5870339428972,14.370708054394461],[100.587271033477,14.371210579670464],[100.58739665946241,14.37152198309522],[100.58755326220123,14.371963257557633],[100.5876797118771,14.372388480773658],[100.58843147766798,14.375847244716244],[100.58858586960872,14.37644791295999],[100.58870195341456,14.37682440950524],[100.58885164961335,14.377233204031338],[100.589210852139,14.378014627738438],[100.58938999690115,14.378341923166795],[100.58981183325653,14.379018837653147],[100.59032700484211,14.379682128043404],[100.59060617387148,14.379998994501488],[100.5909389246642,14.380341508030323],[100.5912916023413,14.380674132469004],[100.59197608984636,14.381215939192751],[100.59228791226248,14.381431753072285],[100.59274702381228,14.381714862656006],[100.59734696849486,14.384124312536372]]}},{"type":"Feature","properties":{"NAME":"NORTHERN RAILWAY"},"geometry":{"type":"LineString","coordinates":[[100.7116701089231,14.445132314980551],[100.7111264550098,14.44485907579271]]}},{"type":"Feature","properties":{"NAME":"NORTHERN RAILWAY"},"geometry":{"type":"LineString","coordinates":[[100.6832732281701,14.427254188245358],[100.68875864509593,14.430701424549138],[100.68929500660441,14.431022808689837],[100.7116701089231,14.445132314980551]]}},{"type":"Feature","properties":{"NAME":"NORTHERN RAILWAY"},"geometry":{"type":"LineString","coordinates":[[100.7116701089231,14.445132314980551],[100.7139248922942,14.446550098407648],[100.71499915519077,14.447243847409181]]}},{"type":"Feature","properties":{"NAME":"NORTHERN RAILWAY"},"geometry":{"type":"LineString","coordinates":[[100.7268350595197,14.510933189785682],[100.72674221749915,14.51285556234484]]}},{"type":"Feature","properties":{"NAME":"NORTHERN RAILWAY"},"geometry":{"type":"LineString","coordinates":[[100.72674221749915,14.51285556234484],[100.72655302109297,14.51691095513366],[100.72643874646457,14.51879137516067],[100.72637870951152,14.5205458427153],[100.7259659645008,14.529042789035678],[100.72585989529891,14.531507816834669],[100.72557378427794,14.536868841379613],[100.72542046287903,14.5403600652744],[100.7250873806699,14.54726024553942],[100.72498331218821,14.54903297110462],[100.72488963347219,14.551196584743272],[100.72472476522502,14.554149868169239],[100.72438474666646,14.561577363525183],[100.72423687321344,14.564347588284619],[100.72421350373763,14.565133296566682],[100.72421281963608,14.565517101659976],[100.72437204404976,14.568945063183074],[100.7243660373051,14.569120857953653],[100.72478860910775,14.578938805856028],[100.72492369794809,14.582571380055217],[100.72507724153533,14.58573392881391],[100.72537165452547,14.593267929360975],[100.72584523225225,14.604401861000149],[100.72592398812974,14.606470957830469],[100.72594359823991,14.607376269826183],[100.72617970760587,14.612111297576012]]}},{"type":"Feature","properties":{"NAME":"SOUTHERN RAILWAY"},"geometry":{"type":"LineString","coordinates":[[99.84454263714059,13.851417083240394],[99.84529940173331,13.850932174464562],[99.84547723626385,13.85083305373942],[99.84565847489145,13.850753121999084],[99.84594588404774,13.850644622963554],[99.84616673889563,13.850583070470238],[99.84668057492422,13.850502359447006],[99.85193824226755,13.850182718748917],[99.8522907667962,13.850174307304792],[99.86395527026126,13.849480388386398],[99.86469329162124,13.849449083871923],[99.86519619918481,13.849393481334872],[99.86565859887958,13.849309320585471],[99.86609888580571,13.849200109897312],[99.86655001583281,13.84905140162829],[99.86714762762551,13.848783762553063],[99.86771571191444,13.8484803422193],[99.86841559167127,13.848068798282458],[99.86875251236673,13.847820021733282],[99.8692320222929,13.847394907757822],[99.86958688990956,13.84703482015085],[99.86987938998094,13.846689322679257],[99.87011689469203,13.846369109496214],[99.87042361102174,13.845897964486195],[99.87058414122862,13.84561392688904],[99.87090113185229,13.844945397577025],[99.87100301755096,13.844693861473754],[99.87120975718095,13.844000596466614],[99.87151633622489,13.842506793770845],[99.8716531407396,13.84177072665819],[99.87180116718034,13.84109202111478],[99.87190183484367,13.840513971281826],[99.87574362319285,13.821055675831223],[99.87620734562027,13.818797099754113],[99.8764006434908,13.818227512779655],[99.87648790883183,13.818002338702696],[99.8765996734866,13.817777077110518],[99.87685251610077,13.817312079929922],[99.87722217228146,13.816801930234876],[99.87777081895227,13.81622944306694],[99.87812581748348,13.815919579732197],[99.8784370842664,13.815695992415982],[99.87874478333606,13.815501135924764],[99.87939347856964,13.815179462275],[99.87988851198308,13.815005449553464],[99.88035802720962,13.814878188012287],[99.88073597204742,13.814812229641015],[99.88111032197273,13.814767835966954],[99.88160595261809,13.81474811452222],[99.88192543787899,13.814761317258096],[99.89005931105198,13.815600822875885],[99.90520978063134,13.817243365921431],[99.90655899267617,13.817353946885607]]}},{"type":"Feature","properties":{"NAME":"NORTH EASTERN RAILWAY"},"geometry":{"type":"LineString","coordinates":[[100.72612758157047,14.454196321404925],[100.72772197907591,14.455199951506254],[100.73168633331008,14.457634473736857],[100.73981981005534,14.462766575761236],[100.74867092847057,14.468316172410747],[100.75016474198732,14.469234453966738],[100.75337001721863,14.471297772043092],[100.75456662374546,14.472023533844357],[100.7593353408445,14.47503042779657],[100.76027770360038,14.475607483404326],[100.7615336064534,14.4764132213624],[100.77229308229239,14.483163942252762],[100.78254321338133,14.489619961476517],[100.78636117483966,14.491953531860933],[100.79026391157994,14.494444195651386],[100.79468943959985,14.497232083167333],[100.81656177914306,14.510966440062926],[100.8253155523331,14.516484356183232],[100.82674612209516,14.517329256937279],[100.82729822616696,14.517607125060033],[100.82791394975027,14.517860581622235],[100.83096613350945,14.518898461696518],[100.83128603474253,14.518996393577739],[100.83213690966907,14.519190606137418],[100.83284466316712,14.519290279906736],[100.85985694159885,14.521923106774622],[100.86406732661521,14.522310519687492],[100.86841055033776,14.522735053674529],[100.87228234802811,14.52313935843294],[100.89881861952281,14.525742697137124],[100.9126541644797,14.527079235898887],[100.91725247069475,14.527472074073328],[100.91949306173112,14.527707184678341],[100.91986180239624,14.527771108009773],[100.92029471039774,14.527877554284677],[100.92074751012831,14.52801252505589],[100.92124005217329,14.528199786864567],[100.92197468171975,14.528566774517513],[100.92232003601512,14.528764791211135],[100.92292753529627,14.529190193015685],[100.92369953789422,14.529905966083739],[100.92405147090405,14.530295224229695],[100.92531324985599,14.532011212685001],[100.92645028865458,14.53349390554384],[100.92682694386237,14.53390205572782],[100.92699025179857,14.534053754888411],[100.92724754647965,14.534285967624676],[100.92779121281336,14.534707103709342],[100.92833921973369,14.535061241355447],[100.92929627291453,14.535598531854596],[100.94067209496951,14.541907834470763],[100.94503335548347,14.54434876876677],[100.95802343639174,14.551566637779237],[100.95868438203662,14.551914973361841],[100.95932122270868,14.552311332072167],[100.95969672547947,14.552580767782722],[100.96019651010855,14.553026095696483],[100.96153693410027,14.554364660039434],[100.96227982612655,14.554697823246032],[100.96251330492737,14.55487096608602],[100.96437922317594,14.556693183710228]]}},{"type":"Feature","properties":{"NAME":"EASTERN RAILWAY"},"geometry":{"type":"LineString","coordinates":[[100.63424065968275,13.739081982179984],[100.65680308834213,13.73656182161143],[100.66859185286587,13.735271258272252],[100.67235613903206,13.734838323416355],[100.68594908623128,13.733341440752323]]}},{"type":"Feature","properties":{"NAME":"EASTERN RAILWAY"},"geometry":{"type":"LineString","coordinates":[[100.78661639581496,13.72858093276432],[100.79183166600693,13.728723480524206],[100.79284440224951,13.728725697520884],[100.79349974604018,13.728697022176059],[100.79430649013607,13.728633759889727],[100.8091209669277,13.726808655454455],[100.85814527549338,13.72070156006395]]}},{"type":"Feature","properties":{"NAME":"SOUTHERN RAILWAY"},"geometry":{"type":"LineString","coordinates":[[99.17351159537787,10.501559129973593],[99.17437082912609,10.502377174601815],[99.17455963984295,10.502517586972502]]}},{"type":"Feature","properties":{"NAME":"NORTHERN RAILWAY"},"geometry":{"type":"LineString","coordinates":[[100.58160455429322,14.134980063258402],[100.58173480684222,14.133778991656056],[100.58187466112405,14.132737740390253],[100.58239307244907,14.128497738328333],[100.58254342445986,14.127082114746353]]}},{"type":"Feature","properties":{"NAME":"NORTHERN RAILWAY"},"geometry":{"type":"LineString","coordinates":[[100.58254342445986,14.127082114746353],[100.58274135971399,14.125215013997227],[100.58450680830055,14.110267327525978],[100.58488477348484,14.107133701466953],[100.5853066258175,14.103803045706895],[100.58631135788313,14.095306473240225],[100.58692368988171,14.090308909642639],[100.58722355894625,14.088317182183074],[100.58890294991417,14.077482019666922],[100.59048485493383,14.06744147456912],[100.59213795881392,14.056719506460842],[100.59315418258143,14.050290902310106],[100.59340466089161,14.048959564977778],[100.59420477418826,14.044926930117905],[100.59746346738676,14.028748196888863],[100.59760482493758,14.027938919178524],[100.60073063457216,14.002524916123585],[100.60161749582937,13.995487934861492],[100.60239912948745,13.988819934405994],[100.60271251419582,13.985976724644805],[100.60307875872324,13.982984869464127],[100.60429371190249,13.973118922362668],[100.60474439748243,13.969595596035232],[100.60511451003458,13.966460229907796],[100.60556048887736,13.96296562600836],[100.60855713158827,13.938606697943253],[100.60866449849682,13.937561101296161],[100.60868592934223,13.937169142670099],[100.60869300951606,13.936494681206915],[100.60862978668722,13.935433235543723],[100.60853689265987,13.93474795679157],[100.60845743993708,13.934309404667298],[100.60830299904448,13.933644617429703],[100.60807119338415,13.932842576540365],[100.6079720934219,13.932536160246382],[100.60772377552709,13.931892077310641],[100.60734204493706,13.931076697209537],[100.60463654774844,13.92623180066587],[100.6019497245654,13.921483110083559],[100.59935169889097,13.916812710716643],[100.59382256866785,13.907048289099855],[100.58907877473303,13.898570017618836],[100.57458281916327,13.872779776699058],[100.57215563397534,13.868347683686125],[100.55294638009757,13.832620163240106],[100.54852964216158,13.824389714177977],[100.54759852354687,13.822617987852645]]}},{"type":"Feature","properties":{"NAME":"EASTERN RAILWAY"},"geometry":{"type":"LineString","coordinates":[[100.7452163293173,13.727529638013133],[100.76962906135255,13.728161315330821],[100.771204590594,13.728188278144696],[100.77749938552897,13.728345504300824]]}},{"type":"Feature","properties":{"NAME":"EASTERN RAILWAY"},"geometry":{"type":"LineString","coordinates":[[100.77749938552897,13.728345504300824],[100.77838294703272,13.7283614648798],[100.78164698666839,13.728476629759184],[100.78661639581496,13.72858093276432]]}},{"type":"Feature","properties":{"NAME":"EASTERN RAILWAY"},"geometry":{"type":"LineString","coordinates":[[100.76476507892853,13.743054357530761],[100.76473898204428,13.732137477775582],[100.76472463923152,13.731278171992278],[100.76474996151849,13.730739925361148],[100.76483434546155,13.730247885390806],[100.76496366315074,13.729877489648132],[100.76512626057753,13.729539138239614],[100.76524235239361,13.729362550815809],[100.765460587457,13.729106302684562],[100.7656938102901,13.728889412315562],[100.76596745969775,13.728682987335771],[100.76624875824837,13.728519544432002],[100.76647916515635,13.728417458048748],[100.76672803407787,13.728333175071265],[100.76697708342148,13.72827041903252],[100.76717498775595,13.728240311152863],[100.76853969421337,13.72820542033162],[100.77657062300698,13.728404389434106]]}},{"type":"Feature","properties":{"NAME":"EASTERN RAILWAY"},"geometry":{"type":"LineString","coordinates":[[100.77657062300698,13.728404389434106],[100.77881916583242,13.728458001142597],[100.77995235609248,13.728513786764799],[100.78573273817213,13.728649465225384],[100.78608180364326,13.728638407008383],[100.78661639581496,13.72858093276432]]}},{"type":"Feature","properties":{"NAME":"NORTHERN RAILWAY"},"geometry":{"type":"LineString","coordinates":[[99.5975465795813,18.241665895118082],[99.5981715974427,18.242548141416922],[99.59854584203748,18.24296805245143],[99.5990178206195,18.2433602257892],[99.59952050102352,18.243683427634085],[99.59988742726742,18.243871448842434],[99.60054422622585,18.244119439773517],[99.60698889757899,18.246213964396823],[99.60755731553238,18.246415899223088],[99.60789583772747,18.246559738409005],[99.60860773319695,18.24689702129128],[99.61188358382606,18.248583247418534],[99.61221987045077,18.248761272964067],[99.61281049384229,18.249115494014816],[99.61467570277144,18.25040012905824],[99.61806458063606,18.252788198554413],[99.61876669758212,18.253261946355007],[99.61912284473104,18.253480265899412],[99.61965337197806,18.25377631547426],[99.62294803316458,18.255467836856184],[99.62449812986438,18.25628265711446],[99.62576156598223,18.256916209949885],[99.62861426231696,18.25839752666361],[99.62930024167441,18.25873896065336],[99.63014240830378,18.259117138711577],[99.63099291975259,18.2594124724821],[99.63180407655156,18.25960855460338],[99.63250226028516,18.259722174707683],[99.63336932217796,18.259797991661635],[99.63385473244465,18.25980051228651],[99.63423177791041,18.259795135553638],[99.63455674680155,18.25977334611399],[99.6349856690775,18.259734663680458],[99.63531919159621,18.2596838580696],[99.67055562419978,18.253615618519426],[99.67114606375932,18.25354511995243],[99.67150996289514,18.253510710939395],[99.67182197724259,18.253505470575984],[99.67218168355275,18.2535042079425],[99.67275351995735,18.25352824200605],[99.67687269898536,18.254013112043367],[99.68447715022793,18.25494018653719],[99.68511530418948,18.254993765915128],[99.68553534086577,18.25501258564513],[99.68605101655476,18.255010738248007],[99.68665157849433,18.254973028187056],[99.68734233157723,18.25488420229034],[99.6882187577101,18.254698197372253],[99.6892648882662,18.25440490715387],[99.69134085242464,18.253775315004383],[99.69224168178174,18.253522013584497],[99.69341186265876,18.2531658387853],[99.69375173436633,18.253078259704967],[99.69414486441084,18.253010793212585],[99.69435743286209,18.25299478904817],[99.6948838185351,18.25301827378062],[99.69511790091421,18.25306314294513],[99.69546382738912,18.253158395641208],[99.69612940572398,18.25342517932341],[99.69632635483862,18.253490486463864],[99.69649660445802,18.253525423903707],[99.69667218151318,18.25356034180312],[99.69687427611375,18.253579929699065],[99.69787371130126,18.253581361068154],[99.69805986401556,18.25360607696332],[99.69831521857304,18.253650864600157],[99.6992624110722,18.25388105299594],[99.70030524529466,18.254100724612286],[99.7007683707066,18.254256490990358],[99.7009920238615,18.254352180170613],[99.70118383115042,18.254458129815276],[99.7014823821887,18.254670377283126],[99.70161570500913,18.254776539869994],[99.70178121944683,18.254953717665863],[99.70198958346602,18.255211993884224],[99.70215011763447,18.25547044620051],[99.70230016070434,18.25576956470104],[99.70254218968336,18.2564645422147],[99.70271375052684,18.25682453349385],[99.70370870420442,18.258349744786063],[99.70386375272231,18.258567586855616],[99.70422696885277,18.25899289489693],[99.70513411462673,18.25983271877507],[99.70682007923968,18.261319808230922],[99.70729519740617,18.261718246457782],[99.70773214496045,18.2620529298036],[99.7081749535065,18.262437307530522],[99.70842049017439,18.26268020514931],[99.708596736871,18.26287764113537],[99.70874650915131,18.263105660517294],[99.70938888612696,18.264190230439766],[99.70962420324109,18.264534744931684],[99.70983773246259,18.264747293608192],[99.71003513370357,18.264919254235437],[99.71029637287198,18.265101120827985],[99.71080243138226,18.26534304871051],[99.71118036142103,18.26545847634661],[99.71198890568368,18.26556721030153],[99.71671174387279,18.26601686792928],[99.71762647006247,18.266089623501408],[99.71799861658741,18.266088227313404],[99.71863096824734,18.266014740104954],[99.7222323864635,18.26525454600474],[99.72284337573866,18.265160802326566],[99.72321014894564,18.265144183135224],[99.72365137782293,18.265137442868557],[99.72669826961614,18.265278264284426],[99.72851139291652,18.265332321245342],[99.73137216594651,18.265463615351713],[99.73616306488634,18.265653490941602],[99.7367875266627,18.265668912494974],[99.73713231132096,18.265657256097544],[99.73746016686346,18.26562819158163],[99.73808165508726,18.265503892614085],[99.74121485864221,18.264684178939337],[99.74337614054537,18.264096765741478],[99.7453410603507,18.26359644040603],[99.74586715692243,18.263548671976135],[99.7462286575576,18.263542191448465],[99.74676058074354,18.26361122912488],[99.74728747806465,18.26374630765743],[99.74760165138873,18.263866982785423],[99.747862771985,18.26400816989735],[99.74818258026859,18.264205006790604],[99.74864129061034,18.264553687317537],[99.74984821365999,18.26581875735574],[99.75030188557551,18.26622840492423],[99.75054182907363,18.266395065512963],[99.75078699163603,18.266536329978074],[99.7513037020102,18.26677301600941],[99.75200086215123,18.26693789767528],[99.75261251420191,18.266996444097202],[99.75425505680737,18.26698975330015],[99.7618914300948,18.267013468857733],[99.76504155584935,18.2670008981839],[99.76595698741616,18.26704506309877],[99.76637181304973,18.267078958129108],[99.76819126325002,18.26735609313521],[99.77362853603209,18.268233196567206],[99.77495854108136,18.268430989620306],[99.77638439597243,18.268669012501107],[99.7766983904166,18.268738850300394],[99.77719343702141,18.268879046393977],[99.77757689959614,18.26902987484445],[99.78280254670037,18.271299262977838],[99.78591337828247,18.272627406401735],[99.79168834107988,18.275147177004587],[99.79534238254938,18.276722878121042],[99.79680730436418,18.277341518900446],[99.79724387175102,18.27747176227453],[99.79762693131624,18.27753109683551],[99.79816942845748,18.277569480140134],[99.80014703115887,18.277525658480645],[99.80086491722604,18.27755312012118],[99.80150315122455,18.277601253099483],[99.80277925143034,18.277621295049382],[99.80646299094813,18.277458499026665],[99.80703740600997,18.27750686454995],[99.80728215731767,18.277546459318412],[99.80755898335983,18.277621473348496],[99.80791041439839,18.277736818620845],[99.80823547628947,18.277897973573037],[99.80855532386077,18.278079472963466],[99.80905659604952,18.27840240986838],[99.8102247189153,18.279210123663553],[99.81061950817225,18.279503041494355],[99.81100922576415,18.27984678689614],[99.81146319104238,18.280281657373198],[99.81195217718556,18.280814012508387],[99.81240818982273,18.281400646363622],[99.81286021978434,18.28207560269911],[99.81325529334572,18.282801218367528],[99.81423972351543,18.284878373869713],[99.81489976041037,18.286402040934878],[99.81533429358643,18.28752783476464],[99.81606124493987,18.289223012923443],[99.81641291141538,18.29008195989928],[99.81662841482253,18.29054145193658],[99.81707424068867,18.291256586885495],[99.81743210738628,18.291745675534074],[99.8177896031191,18.29215926742769],[99.81832105062264,18.292656958894543],[99.82015927155243,18.29408983933654],[99.8205341835734,18.294422225598602],[99.82153446900548,18.29541424998068],[99.82201637433799,18.29581410058908],[99.82256329630528,18.296174023794986],[99.82309221983604,18.296488768870752],[99.8234129704982,18.29664587925985],[99.82378110189458,18.296791476037434],[99.82430348434109,18.29697603379519],[99.82604806035982,18.297449677705128],[99.82638045933612,18.297561459615277],[99.82692082251592,18.297785542231814],[99.82743186278807,18.298077696742407],[99.8277589447762,18.298314046331893],[99.82813970276032,18.298623735909327],[99.82918747633147,18.29962115639885],[99.82956821281918,18.29992519810782],[99.83007960609586,18.300285271899078],[99.83041236347677,18.300470636209653],[99.83102420404649,18.300767988076036],[99.83201597971023,18.301199557131973],[99.83241376197267,18.301350670396463],[99.83275202037456,18.301445424565603],[99.83342232998433,18.301572711789078],[99.83379584834267,18.301605044884848],[99.83418839826864,18.301621839862637],[99.8357599486591,18.30155448320243],[99.83615429268563,18.301549444148],[99.83664639435828,18.30159258020237],[99.83706754552622,18.301669990949172],[99.83745333042695,18.301787163899718],[99.8377739323951,18.301904640943892],[99.83836201824278,18.302190763196574],[99.8394614425328,18.30281995885048],[99.8400198244889,18.30308921477732],[99.84029295957845,18.30319556940428],[99.84068457009144,18.30329007357901],[99.84098110451882,18.303334059868785],[99.84153243902699,18.303371258427944],[99.84179909892545,18.303364419455622],[99.84218407067806,18.303311785662338],[99.8425924930099,18.303208092949212],[99.84292386440669,18.30309907560764],[99.84340872670535,18.30287049623436],[99.84371014788574,18.30269932744942],[99.8446191302576,18.301936758409273],[99.84486124651991,18.301760204363042],[99.84538739654376,18.301491829515022],[99.8456714019636,18.30139432590011],[99.84603254012859,18.30131913469934],[99.8463346157662,18.30128383242624],[99.84717033378901,18.301302782998437],[99.84761479263447,18.301295147361518],[99.84779246523206,18.30127170439985],[99.84794635740909,18.301231411483496],[99.84819478517399,18.30113406211577],[99.84854932196045,18.300917377337825],[99.84870266219258,18.300763849318315],[99.8488440054968,18.30058207429342],[99.84906150854529,18.300218814602328],[99.84929690831086,18.299878129554777],[99.84963892107531,18.299525642403285],[99.84986924500237,18.29936044341225],[99.8501531148623,18.299240297567838],[99.85036029281011,18.299188438864515],[99.85060904781395,18.299159031172483],[99.85107115827519,18.299128654659544],[99.85139116285984,18.299127228703103],[99.85166366169368,18.29910337765559],[99.85195974724782,18.299056765696015],[99.8521727706369,18.298987888387018],[99.85285871820776,18.298679152835344],[99.85320177408161,18.298541746827357],[99.85345038800897,18.298484035932137],[99.85369911357046,18.29844896056842],[99.85391842529997,18.298453644207495],[99.8541259981233,18.29848668025757],[99.85518822951903,18.298776293509203],[99.85563318884584,18.29887619213099],[99.85613135387025,18.2989475519927],[99.85659371262243,18.29896811562829],[99.86083077115902,18.298915105318105],[99.8611565360636,18.298879673100448],[99.86153347993616,18.29879016751591],[99.8617566366426,18.29872204824654],[99.86197977163236,18.298641730862418],[99.8624386081,18.29843224948393],[99.86319674407221,18.297993052748772],[99.86353310313993,18.2977028124491],[99.86380976848532,18.297327961021274],[99.86434838385351,18.295995218552616],[99.86450080726401,18.295660555112544],[99.86464173659051,18.295399516307118],[99.86487142338532,18.29510977553304],[99.86503666659543,18.294973172604397],[99.86532014352035,18.294773751067243],[99.86572198244635,18.29454549365816],[99.86604685789221,18.294328911032302],[99.86622983064072,18.294180899122612],[99.86635802001888,18.294039502390497],[99.86668021190326,18.29358375995241],[99.86681693939114,18.29337086175947],[99.8669797141475,18.293034724337012],[99.86708870466971,18.292609673826476],[99.86708319074992,18.29239316327639],[99.86693223078382,18.291532002298432],[99.86690438825633,18.2912943638472],[99.86689460772256,18.291116093226773],[99.86690618489574,18.290759412528942],[99.8671506775852,18.288983635862664],[99.86722043367583,18.288711609573976],[99.86761889860078,18.28750827935152],[99.86765675404179,18.287075056072148],[99.86763803810577,18.286888348788647],[99.86751599996552,18.2864770623371],[99.86739022350314,18.286210161010537],[99.86696910236483,18.285537034569494],[99.86685247341208,18.28532102867693],[99.86677593926393,18.285121831461694],[99.86642794050269,18.283960108183457],[99.86622542411358,18.28345155009615],[99.86594267786131,18.282896658184946],[99.86538766601393,18.282109489105572],[99.8646812187077,18.28125081935551],[99.86392129291093,18.280362681897916],[99.8635456541204,18.27989312320538],[99.86306866914158,18.27915760507951],[99.86299324422436,18.278954162345766],[99.86294664166269,18.278561021476314],[99.86294607923169,18.278447286454234],[99.86298911945912,18.278120095588818],[99.8630575730265,18.277920760811256],[99.8631361750456,18.27776400580648],[99.8633875220486,18.27743113609656],[99.86352577847065,18.277297821601596],[99.86429186686338,18.2767304130435],[99.86453352517395,18.276444967776158],[99.86469594437142,18.276183591445232],[99.86478399889347,18.275936765540585],[99.86484252529802,18.275732717712646],[99.8649674578899,18.274917039913962],[99.86509939260705,18.274513615197947],[99.8651633243498,18.274399588443124],[99.86540991444048,18.27410938238017],[99.86601191886051,18.273466897499823],[99.86696441719609,18.272481592678776],[99.86713190665927,18.272243882489814],[99.86726978312146,18.272039474238188],[99.86736295202164,18.271821053477275],[99.86748042479606,18.271503000982616],[99.86772937489877,18.2706914966144],[99.86788158674895,18.2703780246862],[99.86826062929943,18.26978864710236],[99.8689743900504,18.268759902103145],[99.86914042490417,18.26857764948683],[99.869306705905,18.2684449069123],[99.86951333800987,18.268322974976922],[99.86977560321671,18.268203659318882],[99.87021171670571,18.2681211252835],[99.87041502799073,18.26811070551007],[99.87062341340717,18.268119252117383],[99.87098601208609,18.268217104961032],[99.87119479952216,18.26830620073031],[99.87180645354712,18.268611457096345],[99.87223364181457,18.26872798565303],[99.87239741958821,18.268746191464768],[99.87264045207453,18.268740344614084],[99.87295276966802,18.268701013533306],[99.8731608001866,18.268638447993215],[99.87338347243443,18.268528433379377],[99.87400132582023,18.268089616384053],[99.87429476795499,18.26785571168983],[99.87452470917444,18.26760384645496],[99.87501200000891,18.26684810376513],[99.87519923923296,18.266596081517495],[99.87543623982822,18.26637700007532],[99.87573296551923,18.26620028860455],[99.87675777059707,18.265802263509848],[99.87729193825223,18.265491771504937],[99.87909447486808,18.263905395030154],[99.87924737127818,18.263729340003174],[99.8793655570086,18.26355820083696],[99.87945394185228,18.263382441216823],[99.87954196558175,18.263130871886897],[99.87958554482269,18.262917412036273],[99.87958921562469,18.262661492030567],[99.87953273460263,18.262282615425168],[99.87942735248018,18.262041410833636],[99.87931722590015,18.261842872471806],[99.8777186582361,18.259594423904176],[99.87703832662653,18.258450695254655],[99.87692808624296,18.258228464767917],[99.8767970099873,18.25780728502846],[99.87674044194105,18.25740945489183],[99.87674838688326,18.257016085675783],[99.87680150645359,18.256726752149266],[99.87706401278379,18.255663990680418],[99.87709217375314,18.255346360098777],[99.87707582125311,18.255052606408075],[99.8769848493177,18.254716550019246],[99.87681457965817,18.25439033355974],[99.87609097328591,18.253512179391656],[99.8759258595931,18.253228582971122],[99.8758454932876,18.253025185593156],[99.8758048984307,18.252845280087932],[99.87575877164191,18.25254692393812],[99.875782046821,18.252243530887725],[99.87586008140886,18.251977774533316],[99.87618342087372,18.251175396506344],[99.87627111528518,18.250862212823563],[99.87630945202291,18.250591918572454],[99.87630826411363,18.25035497301929],[99.87624712140492,18.25003299460951],[99.87584929598515,18.248835826390902],[99.87576274318629,18.248390749575766],[99.87573635828903,18.248073350295613],[99.87573020998968,18.246845960277437],[99.8756991979125,18.24659493581438],[99.87560322720715,18.246249406216293],[99.8753166653593,18.245478265515874],[99.87524091059578,18.245208473767303],[99.87520987684977,18.244952711757474],[99.8752137920722,18.244744172125536],[99.87525206310845,18.24446438334952],[99.87534487665963,18.24417962496894],[99.87573262310913,18.2433674582936],[99.87585504639094,18.24305413485615],[99.8759423296164,18.242655645765783],[99.87597032540052,18.242304828870605],[99.87594372796356,18.24194478575273],[99.87587769709343,18.24163230504646],[99.87567071925042,18.240908164397496],[99.87557442024489,18.240496318350186],[99.87553845197216,18.240245298226533],[99.875541892578,18.239941995526873],[99.87560497918986,18.239666830670384],[99.87576682770514,18.239301187556272],[99.87622426434278,18.23854084086115],[99.87633149877252,18.23816597031459],[99.87635958842746,18.237834106402275],[99.87631788243044,18.23743146867182],[99.87609643108557,18.236783225730317],[99.87596516751059,18.236324138423676],[99.87594421741719,18.236101497133454],[99.87594820322924,18.235907172200097],[99.87598198393749,18.23571746841741],[99.87603557842651,18.23552765415335],[99.87618276494726,18.23520946079151],[99.87661518290875,18.23440658307365],[99.87674279504205,18.234140599404476],[99.87680585054288,18.233855976472253],[99.87683906383262,18.233557257722993],[99.87680781682758,18.233258833024983],[99.87675742808841,18.233102681184278],[99.87667709481806,18.23290400359452],[99.87638189846906,18.23238880639973],[99.8761816172522,18.232005847094324],[99.87607077930798,18.231660403904332],[99.87605505422688,18.231494598473684],[99.87606406601083,18.231309745348057],[99.87611687635794,18.23096355306245],[99.876444380187,18.230009493214176],[99.87662491746157,18.229421027665204],[99.87673667655055,18.22896082777326],[99.87677961263135,18.228619419768783],[99.87679761752625,18.22825441483591],[99.8767697874461,18.227647948630654],[99.87669046542898,18.22702807658902],[99.87660728117964,18.226108599521034],[99.876605769236,18.225806688286937],[99.87670736469885,18.22409866206154],[99.876864519854,18.22180895994676],[99.87690228658485,18.221429668179685],[99.87706319143732,18.220879198188353],[99.87717594291303,18.220618020641865],[99.87760332237058,18.219810425688546],[99.87790285631831,18.21921667580026],[99.87795181987148,18.219093236934278],[99.87805923063598,18.218756270764548],[99.87810714355528,18.2184195770084],[99.87810018931245,18.218021519012265],[99.87805383691143,18.217680518484347],[99.87794772625553,18.21728765193736],[99.87775237125734,18.216895211878725],[99.8774777923697,18.216531564502283],[99.87733311163255,18.216356873025795],[99.87681040100207,18.21595169588906],[99.87583001311774,18.21525953539851],[99.87558103195597,18.21505214992428],[99.87539157135008,18.214849230839054],[99.87522179676331,18.214613053774997],[99.87445677316451,18.213351214399903],[99.87426716912411,18.213115126756424],[99.87404293491035,18.21289815034175],[99.87381891395894,18.212723816531394],[99.8735303463126,18.212530823679167],[99.87210311245764,18.211722200592455],[99.87095878299944,18.210959666135167],[99.87002313349977,18.210276746464768],[99.86983344456765,18.210021682669236],[99.86972839272045,18.20983734640092],[99.86963318638519,18.20963873211508],[99.86959248874709,18.209430394765878],[99.86956166374189,18.209217273331923],[99.86956548915651,18.208985042074058],[99.86961358496238,18.208686255170694],[99.86973120469119,18.208406124810445],[99.86994280623891,18.208078166930107],[99.87059410715896,18.2074259540155],[99.87080100714695,18.207150156317407],[99.87090393866299,18.206907979396938],[99.87113848821474,18.20621027286566],[99.87178813853622,18.203231167120023],[99.87181632959722,18.20291827294998],[99.87180492910713,18.202619756713858],[99.87173394697535,18.202307294984436],[99.87158376090228,18.20201888502952],[99.87135425816807,18.20173559157689],[99.87067191048942,18.201127336143095],[99.87048733013702,18.20090069782044],[99.87025764239621,18.20057947832648],[99.86977759143267,18.19976653637828],[99.86964251902917,18.19952545748975],[99.86954212625477,18.199279482952424],[99.86948115906402,18.198985928383483],[99.86939331333576,18.19827071204641],[99.86924567219555,18.196494217483203],[99.86924947867244,18.196261986011642],[99.8692733458669,18.196072326648533],[99.86939048860694,18.195697395840515],[99.86963165649625,18.195336136486507],[99.87033741827351,18.194674200875635],[99.87050016186527,18.19449812697127],[99.87073171664989,18.19419850758158],[99.87141091715831,18.193181261172473],[99.8715633438094,18.192924644878087],[99.87172044026529,18.192606408716703],[99.87178859465921,18.192354932276377],[99.87184624133951,18.191980288343657],[99.8718695200356,18.191676874951703],[99.8718380096235,18.191321589531025],[99.87175697772686,18.190980743294887],[99.87154085434493,18.19039408072385],[99.87073792939933,18.188459420558136],[99.8706368790654,18.188076019486395],[99.87061599595842,18.187867591013756],[99.87061141012755,18.186943473736843],[99.87057527548073,18.186654563878058],[99.87052485678511,18.186484175732197],[99.87028471034233,18.186049264950164],[99.87003051577577,18.1857802957521],[99.86929925685077,18.185295467938854],[99.86906026532424,18.185092783661194],[99.86881098426007,18.18481429463402],[99.86852552648182,18.184237419024317],[99.86830907131943,18.183579660511636],[99.86807185311453,18.182630902536683],[99.8679811708512,18.182192314970887],[99.86797508815954,18.181929402595767],[99.86800981496705,18.18169603147178],[99.86806371877329,18.181471717047877],[99.86817255148155,18.1812265720659],[99.86841861032839,18.180847301046736],[99.86870892269685,18.18032103503268],[99.86880207674483,18.18012062277974],[99.86884835717785,18.17996042122883],[99.86888361228043,18.179685272936883],[99.86888777655064,18.179470271500804],[99.8688229212918,18.179050593412477],[99.86873281778124,18.17881101294562],[99.86856940333682,18.17855177354329],[99.86820626732633,18.17810344032159],[99.86798010404412,18.177849481708403],[99.86783795029474,18.17766012844078],[99.8676689440411,18.177330911516325],[99.86759482386046,18.1771512644725],[99.86739309244656,18.17654720601183],[99.86725572330698,18.176267839275788],[99.86706606080352,18.17599372429538],[99.86692410710863,18.175844367186325],[99.86676644978367,18.17569509978071],[99.86619943078384,18.175262674377635],[99.86606277985557,18.17512830418394],[99.86591540116704,18.17493897192667],[99.86573071917232,18.174609824516015],[99.86565112742313,18.174380207692664],[99.86562911159544,18.174160308114473],[99.86564809558345,18.17376525691832],[99.86569943230448,18.173570032224912],[99.86579766706865,18.173339614227768],[99.86592723982812,18.17309904126796],[99.86609374682247,18.17292330680861],[99.866276035945,18.17276748962034],[99.86682844474045,18.172360020200514],[99.86709897844047,18.17206881712436],[99.86718707020086,18.171898432482315],[99.86724871303615,18.171673157761614],[99.86726648927834,18.171038123700857],[99.86722131358148,18.170363374880008],[99.86723516543822,18.16998833704019],[99.86729673267148,18.169748070086168],[99.86740003855974,18.16948262838286],[99.86751424875398,18.169312106752756],[99.86767554720565,18.169141390566523],[99.86782134150909,18.169010743048165],[99.86803513460646,18.168879788341236],[99.86826993108562,18.168763731068513],[99.86902194572676,18.168535354887442],[99.86914194508434,18.168474805994983],[99.86927220275776,18.168374230835155],[99.86949639977243,18.16823323188382],[99.86964726473013,18.16806756004831],[99.86980304146013,18.16784185867041],[99.86992212393211,18.167596332897197],[99.86999401336143,18.167326034303215],[99.87001878994766,18.167050933038816],[99.86999128942907,18.166776067472433],[99.86983594489026,18.16603683274905],[99.86971901600698,18.165657370621634],[99.86954964870816,18.165253176397584],[99.86930673408135,18.164784292352515],[99.86890084174263,18.1641411776503],[99.86877391121006,18.16385676728051],[99.86869935024653,18.163587111821254],[99.86868216029033,18.163282215091456],[99.86873777971527,18.162896993558455],[99.86881460063624,18.162566665747356],[99.8692568292322,18.161197752025746],[99.86931450949758,18.160955410692456],[99.86934859032884,18.16070190429175],[99.86933567662308,18.160471134882407],[99.86929933986546,18.160268624531966],[99.86924540138283,18.1600774663949],[99.86916185660822,18.159858270813164],[99.86900757952114,18.159622514337467],[99.86878244017986,18.1593476719376],[99.86848689314795,18.159129451796808],[99.86822708885954,18.158989862729097],[99.86801469643513,18.15891201056522],[99.86683535265568,18.158602064622062],[99.86661105080411,18.15849611135545],[99.86640440663837,18.158390078260307],[99.8660909569133,18.158121257159387],[99.86588334268217,18.157818179853987],[99.86579426916508,18.157666565733656],[99.86572243722559,18.157430435132444],[99.86569193573204,18.157216643899503],[99.86570168302799,18.156805623462954],[99.86572927283336,18.15642830183724],[99.86572536303362,18.1556345004681],[99.8656953333195,18.155516417660554],[99.8655939441674,18.15525789450206],[99.86548672513071,18.15501066927386],[99.86334564692554,18.151923862049568],[99.8630726491802,18.151491602708376],[99.86298314812538,18.151255549977726],[99.86291712556111,18.15100249324363],[99.86288888640206,18.150045549022146],[99.86282861197748,18.149764332161038],[99.86262018519032,18.149292358181388],[99.86244838922839,18.14908482640203],[99.86210553503379,18.148816129514156],[99.86188116571333,18.148693271713928],[99.86161578121722,18.14861564831399],[99.86128569280466,18.148549567922842],[99.8606617938758,18.148614273445105],[99.86015573510167,18.148689740005356],[99.8599673598214,18.14870183583637],[99.85927818629631,18.14866550909395],[99.85895970446839,18.148565593622116],[99.85845807364989,18.148342631733453],[99.85820409614387,18.148186122402077],[99.85774871882616,18.14778844731283],[99.85750582737619,18.147491143776623],[99.85551913822262,18.144617497698494],[99.85522223529486,18.144112128564952],[99.8550615868195,18.143769423867266],[99.8548471661974,18.143269313460117],[99.85470926532415,18.142763236944777],[99.85461706513608,18.141964216584427],[99.85462046148656,18.141451866533256],[99.85477238109772,18.139998701917303],[99.8547651282479,18.139717228075988],[99.85471646979589,18.139396550025054],[99.85465673138363,18.13922229201307],[99.8544727206542,18.13891909543],[99.8543069381711,18.138734036203417],[99.85365034052259,18.138117668323265],[99.85334792444065,18.137685505272433],[99.85298546722854,18.137011525751458],[99.85256923817805,18.13617453196193],[99.85225366850356,18.135455291941845],[99.85173995914916,18.13394314105285],[99.85166783007631,18.133639446236035],[99.85165495146016,18.133414301687072],[99.8516652420693,18.133104615367152],[99.85173257605388,18.13241747723036],[99.85167758495548,18.132006723595666],[99.85158812896277,18.131770663958225],[99.8514335555582,18.1314673516334],[99.85081807197876,18.130822619915506],[99.85047468142126,18.13043568352456],[99.85027918882518,18.130188837699237],[99.85010696441525,18.129885583989587],[99.84999395331113,18.129649627429547],[99.84983289349734,18.129216833612304],[99.84974854658537,18.12882310735407],[99.84966337682764,18.128254879075197],[99.84951273060862,18.127540532195404],[99.84946406619227,18.127219851966988],[99.8494258323975,18.12661761896193],[99.8494651351951,18.1262177201262],[99.84970931997648,18.124353150943534],[99.84992358060269,18.123609078471063],[99.85046965545355,18.122080969668666],[99.85071112251782,18.120875099816587],[99.85091436763886,18.120288699064034],[99.85121236488206,18.11981447137806],[99.8513880432293,18.119616645730776],[99.8515931700805,18.11942431664915],[99.85188656016545,18.1192147164571],[99.85215658964306,18.1190502523022],[99.85250914115973,18.118902321372463],[99.8535788808459,18.118520385055923],[99.85390792769981,18.118383809535388],[99.85421907491984,18.11819665283158],[99.8553455641362,18.11738095066229],[99.8556972890004,18.11706410293351],[99.85597838903765,18.11675321331479],[99.85627675736706,18.116363434117016],[99.85659876393274,18.115990430045034],[99.85682100630416,18.11568542780481],[99.85702548519872,18.115357978742768],[99.85715942265827,18.115053368868733],[99.85729872360449,18.11464177012445],[99.8573793344225,18.114269838647548],[99.85759742125417,18.11189868671818],[99.85764823411131,18.111453702093566],[99.85770547046991,18.11111565381299],[99.85779836068181,18.110845005548832],[99.85826386085256,18.10971696068374],[99.85984197118799,18.106151841326408],[99.8600869547481,18.105683464344484],[99.86043765922275,18.105163955258433],[99.86111025553072,18.10425453648549],[99.86212768356151,18.10283125674912],[99.86768902649504,18.095228505469674],[99.86954248652225,18.092652929382506],[99.87407992353954,18.086439573644142],[99.87467134351209,18.085806340344767],[99.87707319935072,18.083459039156203],[99.87760003998605,18.082865515215055],[99.8796423057904,18.080429734865742],[99.87999946087301,18.080045280782247],[99.88026317583592,18.079807623179683],[99.88055061921987,18.079609263162595],[99.88096737934451,18.079376533277298],[99.88146677467141,18.07918284942583],[99.88307695802503,18.078646274883727],[99.88341203404487,18.078554657575072],[99.88410015373283,18.07843891558776],[99.88448847763331,18.078403357374484],[99.8849829514402,18.078406717894097],[99.88544818837484,18.078449617391275],[99.88582519760216,18.07850419246112],[99.88752804896573,18.078839789908127],[99.88811708784344,18.078921537811762],[99.88838800415341,18.078948443522407],[99.8890001698348,18.07894562512467],[99.89024825090442,18.078979279060903],[99.89166754868883,18.079113471719303],[99.89511297359944,18.07948597677063],[99.89561957812425,18.079556812026983],[99.89586114725134,18.07960074195995],[99.89616173709864,18.07967815867936],[99.89661567096644,18.079811167323538],[99.89693418814775,18.07993917733573],[99.89727638046513,18.080095229068903],[99.89757153858065,18.08025710767016],[99.89806753397684,18.08055881301757],[99.89935507197704,18.08140292364311],[99.90068382447795,18.08224685085866],[99.9014339760846,18.08275001659239],[99.90163486681428,18.082895467348834],[99.90206658308759,18.083287526786666],[99.90265830890407,18.083887158251116],[99.90323787879683,18.084413658632297],[99.903385612566,18.084525558115303],[99.90359818695858,18.08465405246556],[99.90378703664014,18.084748878575212],[99.90409965532518,18.084871257946354],[99.90460054795648,18.08497589367282],[99.90497751755781,18.085019158940053],[99.90626646591255,18.084979330754397],[99.90669631759337,18.085005463779073],[99.90711110120934,18.08511608636126],[99.90801122069101,18.085432763236035],[99.90838268522685,18.085549251632543],[99.90873619149964,18.085609518490035],[99.90900707189935,18.085630749059987],[99.90946021639081,18.085606107465065],[99.91000737603767,18.0855472225258],[99.91060770726213,18.085527510906086],[99.9116500940596,18.08561828039284],[99.91209747084903,18.085616166274953],[99.91342730029096,18.08551418463507],[99.91385703693666,18.08551777677406],[99.91419272061863,18.08554433893788],[99.91797065808078,18.08643843653166],[99.91836563432476,18.086549147690132],[99.91904371890854,18.086765472655756],[99.91989319132782,18.087110487133334],[99.92015838629007,18.087165507974426],[99.92040567772304,18.087175601124585],[99.92067629686919,18.08714615788198],[99.92117592964755,18.087003030521288],[99.92157511659768,18.086792823736854],[99.92229690780586,18.086361502150996],[99.92247864934511,18.086219890725108],[99.92263076799271,18.086038996027266],[99.9228059486216,18.08576792665947],[99.92296807740064,18.085254840043465],[99.92319223951907,18.08421789258812],[99.92322011402139,18.083919375391403],[99.92319503111116,18.083626737442042],[99.92308175074521,18.083351421688047],[99.92289771676921,18.08305391706811],[99.92274956068422,18.08286322430761],[99.92225278426064,18.0824208454356],[99.92195666167882,18.08207884367789],[99.92182000905898,18.081837398671116],[99.92173634309933,18.08159571857591],[99.9216879364052,18.08134261641645],[99.92168614357992,18.080999208321316],[99.92175410430136,18.080486572179908],[99.92186408827845,18.08013135852122],[99.92247428227186,18.078625287452084],[99.9226249828097,18.078174168673907],[99.92276342713639,18.077633061201997],[99.92299803532575,18.076348338040148],[99.92304307712784,18.075954028436733],[99.92303551701491,18.075633173199485],[99.92298088493634,18.075318151742703],[99.9228787884007,18.074930190411962],[99.92271160833081,18.07447496398201],[99.92254967570086,18.073901494809405],[99.9225129775026,18.07363708303416],[99.92253382500016,18.071993065784554],[99.92247812648634,18.0714697662736],[99.92241717334163,18.07107033613672],[99.92230863962351,18.070575422995116],[99.92192455943322,18.06916418401672],[99.92083347073059,18.06535798437458],[99.9205772479628,18.064756809703393],[99.91991665327481,18.063363762895648],[99.91957172172482,18.06267857032538],[99.91930348936694,18.062032417908007],[99.91917193884358,18.061633321881505],[99.9190278733283,18.061093542138714],[99.91888287230191,18.060373617626695],[99.91846716208515,18.058528998501803],[99.91826981985628,18.057927557811997],[99.91653436072335,18.05354451340502],[99.91636777403203,18.053196258491866],[99.9160472813326,18.052679837321964],[99.91579843483132,18.05236010589417],[99.91553811730407,18.05209673301318],[99.91528377851824,18.05185585687741],[99.91490552953765,18.05154800868235],[99.91329813083914,18.05027762987509],[99.91291381233547,18.049936026978735],[99.91267108996547,18.0496613130602],[99.91242790272572,18.04929651719959],[99.91229707628757,18.049032547199786],[99.9122016868516,18.048796543204777],[99.91211770325131,18.048487281164146],[99.9120566097704,18.048054086044818],[99.9120545198659,18.047648745851323],[99.91208832156362,18.04735582661961],[99.91218034259754,18.046938789569456],[99.91235466190633,18.046504464577566],[99.91258216955957,18.04611493933175],[99.91292715884127,18.045679808179216],[99.9181804307038,18.039574685117483],[99.92059109157788,18.036889063997926],[99.92097714613406,18.03643682552325],[99.92120478784605,18.03607544267636],[99.92138522050884,18.035691740945243],[99.9215127576773,18.035319562832413],[99.92161005727955,18.03479553161167],[99.92187228988223,18.033167256329044],[99.92198230756834,18.032823313713983],[99.92217448816574,18.032433928488672],[99.92236714772939,18.032140269474596],[99.9226832468871,18.031817851224265],[99.92308768260894,18.031506282792357],[99.92346325891593,18.031307442425316],[99.92376279693866,18.031193421321113],[99.92428004337683,18.031078359803566],[99.92483905577635,18.031070062415985],[99.92517478242584,18.031124742836614],[99.92558134127925,18.031224135590342],[99.92597057998802,18.031385541768138],[99.92679698469671,18.031871372731693],[99.92704502383168,18.03203907985989],[99.92761124750464,18.032284091204517],[99.92797667971156,18.03239492961801],[99.92831840920459,18.032472101965087],[99.92872475531027,18.03252645615223],[99.92916018417732,18.032518738446115],[99.92958370213992,18.032482924742727],[99.93025402038595,18.032378365339248],[99.93072428302555,18.03228039305219],[99.93106539161195,18.032239345760257],[99.93172442957353,18.03223054600438],[99.93207183410914,18.03226827843212],[99.93244294168898,18.03233967505091],[99.93708399590824,18.033066015340072],[99.93769044091054,18.033125007941365],[99.93862641016369,18.033176773201934],[99.9401154357335,18.033208948421883],[99.9404799793711,18.03315087211421],[99.94079148057462,18.03307617263349],[99.94113790039549,18.03292811797212],[99.9414605351852,18.03273512775743],[99.94192350204939,18.032372558848405],[99.9421924339376,18.032039104238784],[99.94239082038104,18.03172285532225],[99.94255064340913,18.03134417789198],[99.94266786670596,18.03098047808837],[99.94294844189358,18.029796864198218],[99.94310488294907,18.029335856603986],[99.94327089111204,18.029018375627746],[99.9435291336892,18.028611768595052],[99.94416839477671,18.027654398360802],[99.94521883376856,18.026006760493893],[99.94538539498197,18.025790612143012],[99.94555216133395,18.025616682776295],[99.94575873256346,18.025455218637422],[99.94761057075641,18.024293453939933],[99.94788718860788,18.024030307740667],[99.94814152200696,18.023720831491183],[99.94838728517429,18.02346207442543],[99.94878202999507,18.023004113649648],[99.94906691925078,18.02263536877383],[99.94930820126287,18.022363953740868],[99.94954970797109,18.022134774592367],[99.94975625160315,18.021973306584634],[99.95060538888345,18.021479334064633],[99.9511771268896,18.021109195383048],[99.95133528912415,18.02097752192359],[99.95144500346755,18.02086296693256],[99.9517693934095,18.020451805034803],[99.95193981114183,18.020138516208977],[99.95206616672475,18.019833884189477],[99.95214378262138,18.01949571288663],[99.95217770376333,18.019237993253725],[99.95218450591034,18.01886215264515],[99.95202099065573,18.016354873476573],[99.95204177067873,18.016114098868304],[99.9521369572484,18.015758960660417],[99.95229413866598,18.015445736683617],[99.952430015421,18.015271953825952],[99.95274639196903,18.015017045063544],[99.95290031823774,18.01491917123273],[99.95305876522147,18.014838173552167],[99.9532658394452,18.014773815880126],[99.95358766902636,18.014713113409684],[99.95389208687205,18.01469895400961],[99.95457180053279,18.01471672227709],[99.95512304830957,18.014642207220337],[99.95548450108825,18.01456442573251],[99.95583690455241,18.014444470000868],[99.95634334205876,18.014243515267253],[99.95695519172,18.01395336227144],[99.95751443514305,18.013726823850725],[99.9579552453075,18.01363596656996],[99.95833474398768,18.013629869017336],[99.95875811654263,18.0135771137931],[99.95907098422916,18.013491108034323],[99.95959946756166,18.013290035834828],[99.96007493884379,18.013080785785125],[99.96031285505114,18.01300782762389],[99.96057291506824,18.01295163974652],[99.96076704925105,18.01294223729473],[99.96168511021177,18.01297145883396],[99.96193655158164,18.012949090847183],[99.9621569429765,18.01290155711151],[99.96232431932204,18.012841606871064],[99.96281287964743,18.012606964610846],[99.9645029507766,18.011770962210363],[99.96488170917603,18.011629740171198],[99.96612410169328,18.011247757619675],[99.96645430322995,18.01110677484123],[99.96670953045877,18.010970385450673],[99.96695123306719,18.01078760558178],[99.96728496447672,18.01048192915072],[99.967469057204,18.010253015789278],[99.96761791539375,18.01003692098977],[99.96774910822212,18.009816711887254],[99.96783181596389,18.009609404855123],[99.96790957917872,18.009300786821022],[99.96796097961865,18.009017620206457],[99.9679733315637,18.008852902782365],[99.96797502156431,18.008354651572482],[99.96793540870863,18.007565275773526],[99.96795589411651,18.007278043076006],[99.96805908166624,18.006779284534733],[99.96827678487843,18.006237734447218],[99.96860967970048,18.005784284918835],[99.96883786591758,18.005550911308706],[99.9690838735627,18.005347007511343],[99.97099687183882,18.0041382882352],[99.9715467635879,18.003827300934407],[99.97172721971954,18.003741939658426],[99.97189019725704,18.003686243190486],[99.97229994289717,18.00357017172111],[99.9735259410044,18.003428899137926],[99.9738213533102,18.003385195336683],[99.97437236970515,18.003276868532577],[99.97740764802967,18.002341110279495],[99.97791853167521,18.0021611979244],[99.97823547577762,18.002020262064892],[99.97864453371413,18.001777505948713],[99.97905753878965,18.00145453062863],[99.98076984110907,17.999883605696194],[99.98100723968855,17.999721950104977],[99.9812271647925,17.99959416151474],[99.9814648429137,17.99948318119172],[99.9817643296645,17.999380327596864],[99.9822094478032,17.999276735375805],[99.98255792890464,17.999253867658716],[99.98287129971274,17.999269158659576],[99.98311415816461,17.999297485721396],[99.98335272481471,17.999346934238787],[99.98364007924175,17.99944259143637],[99.98394091820401,17.999580399556837],[99.98420209844653,17.99973108652187],[99.98452116509164,17.999974357014093],[99.98500423736951,18.000351908239626],[99.98643696835606,18.001526633679713],[99.98683480628203,18.00180775669508],[99.98720658769159,18.0020085349794],[99.9874542606701,18.002108608947577],[99.98772822651425,18.002174769812626],[99.98820527841998,18.00226099532916],[99.9883730349796,18.00227281741801],[99.98917678002469,18.00238271208509],[99.98967545631474,18.002388605406708],[99.9899577253953,18.002361823783282],[99.99028826683664,18.0022883574257],[99.99121762801367,18.001975376772013],[99.99282942901861,18.00139288592541],[99.99302743786717,18.00129053507548],[99.9931944654611,18.00117568217599],[99.99408600599911,18.000415319133594],[99.9943673242493,18.00021964365054],[99.99457400832996,18.000091908256348],[99.99500105771105,17.999916601772302],[99.99519925692115,17.999852247031956],[99.99561368997169,17.999786780194132],[99.99610787650198,17.999780020565215],[99.99637724566784,17.999816633819197],[99.9969337826088,17.999910887402276],[99.99760125034855,18.000114343415376],[99.99843206858654,18.000333854612897],[99.99877222584973,18.000399658697592],[99.9992311602561,18.000401511985448],[99.99956634199883,18.00037022494421],[99.99990573900843,18.00030091642408],[100.00018321084384,18.000206588511457],[100.00038569501068,18.00011688509724],[100.00061881281351,17.99998478734542],[100.00095515042256,17.999726683750776],[100.00127654226193,17.999439135797314],[100.0015169597971,17.999113359681072],[100.0016923783969,17.99871838106461],[100.00210642205552,17.997680856324934],[100.00222632353795,17.997463886226935],[100.00238643713477,17.997215798849496],[100.00260304971755,17.996967419042573],[100.00279590037303,17.9967964173695],[100.00310142066138,17.99656303109533],[100.00356833642931,17.996305636431853],[100.00401554193073,17.996085896392604],[100.00627267735533,17.995042822358556],[100.0086281402191,17.99389369310939],[100.01007541549797,17.993148635097583],[100.01051464068905,17.992967366006543],[100.01072918982591,17.992858766101758],[100.01109094689306,17.992714954375792],[100.01161177599857,17.99253351564541],[100.01415133278982,17.991666248227297],[100.02857969014116,17.986649168444714],[100.02992488338609,17.986193690311516],[100.04299247768316,17.981636961727116],[100.04374078317828,17.981458251024215],[100.04466260449276,17.98118552272407],[100.04600991065058,17.980702939330012],[100.04710616599799,17.98035561281574],[100.04758079716082,17.980172293799367],[100.04814555587993,17.979854595312098],[100.04902150303916,17.979545595408364],[100.04944397974437,17.97937099414742],[100.04962670521661,17.979255122501364],[100.04981578156664,17.979088150358606],[100.04999795943176,17.9788797381417],[100.0501003713421,17.978716436870155],[100.05019900241642,17.97847977034552],[100.05047626520074,17.977441728926053],[100.05081566477297,17.97601118964691],[100.05094086837315,17.97557840864788],[100.05125688794932,17.974322661616803],[100.05140371967627,17.973874845071787],[100.05161228382522,17.973400708501746],[100.05195102271738,17.972857420100652],[100.05231215089161,17.97242111946497],[100.05615397848642,17.96847769116074],[100.05631606871222,17.96827339829452],[100.05648302793692,17.968019457955624],[100.05659313668137,17.967793127272145],[100.05675369204644,17.96733087027592],[100.05696030807749,17.965898435039378],[100.05785983343304,17.961496364765445],[100.05793564763873,17.961191892117064],[100.05795574877025,17.96075771800007],[100.05793123145199,17.96044966384254],[100.05773039016714,17.959469782373233],[100.0576735784301,17.95907074901639],[100.05766773694644,17.95884939924121],[100.05770892654779,17.95848498026156],[100.05774875924537,17.95830870882459],[100.0579747027399,17.957637483831558],[100.0581650142004,17.956990901754935],[100.05861468225389,17.955702877121006],[100.05887038835655,17.954883549047118],[100.05894044393028,17.954421024813424],[100.05895046436238,17.954171548124307],[100.05892957570632,17.953881908678046],[100.05887436206781,17.95361812810082],[100.0588000741576,17.95337277577903],[100.05869900700932,17.95313125216421],[100.05857503602697,17.952904531016333],[100.0582043278377,17.952433396099696],[100.0572341510653,17.951442526061637],[100.05654576096207,17.95078775268122],[100.05470578098934,17.94895958336229],[100.05439681227021,17.94859540005524],[100.05425955437003,17.94835062770634],[100.05408613476936,17.947942378916082],[100.05400899029813,17.94765395099343],[100.05392577407359,17.947192259405657],[100.05380308822852,17.94600866579019],[100.05379046829489,17.945575464758136],[100.05382892076688,17.945276784647604],[100.05390731887688,17.94492493472656],[100.05430417012876,17.9439936644106],[100.05460594140159,17.94314475442711],[100.05524527183952,17.940794881593078],[100.0554112367984,17.940125945857286],[100.05554842813149,17.939724395404223],[100.05589038650766,17.93905450320929],[100.05751420026644,17.93620103695379],[100.05792882093596,17.935523231580213],[100.05814040792089,17.935085793577393],[100.05825023444906,17.934818541357334],[100.0583334680637,17.934527631071784],[100.05839253955386,17.934254287363153],[100.05840271404759,17.933923130778744],[100.0583765646612,17.933609588033757],[100.05794614695321,17.93164342112024],[100.0579034362783,17.931347384381812],[100.05790611720563,17.931033684536853],[100.05792316631552,17.93083754784197],[100.05795394349526,17.930654384699295],[100.05802069476434,17.93040134072309],[100.05890734216227,17.927189956663618],[100.05905927960167,17.92671860163885],[100.0591715096298,17.926456592070974],[100.05930216549987,17.926233682898232],[100.05960452554824,17.925800727763626],[100.0597446236969,17.925634403650893],[100.06024257984622,17.925182946462833],[100.06160096398219,17.924012282321566],[100.06177279286669,17.923824017864845],[100.0619890497052,17.92345686478643],[100.0621371344932,17.92310315108478],[100.06223046926091,17.922727969660283],[100.06228288071219,17.922357361456218],[100.06226159793069,17.921839031150895],[100.06208543619324,17.92053733314095],[100.06207033259618,17.92029343438842],[100.0620823987944,17.920027602499005],[100.06215212079637,17.91950877416506],[100.06246898708598,17.918457082924903],[100.0629158985708,17.917082258906667],[100.06323163170235,17.9160332930491],[100.06337857891113,17.91549333200758],[100.06342792200556,17.915182652166486],[100.06343328491974,17.91493429185643],[100.06340858212728,17.91422863469798],[100.06314031183163,17.911596461236567],[100.06306834657003,17.910976017614143],[100.06296572070798,17.91036227366435],[100.0625971488333,17.90865210199011],[100.06249240851736,17.908257290590996],[100.06241949731057,17.908051835268207],[100.06231228982651,17.90781388044401],[100.06208840662644,17.907475282241055],[100.06194400675864,17.907296350427888],[100.0615527637587,17.90693578812886],[100.0602709252082,17.90603766196061],[100.05956443311977,17.90546316672613],[100.05625857768987,17.902381438573627],[100.05594090500514,17.902048245768572],[100.05557542632103,17.901568260079223],[100.05543303371797,17.901295379968357],[100.05433899954781,17.898809788034796],[100.05407651469226,17.898431353848284],[100.05388764368853,17.898232241149206],[100.0536131828209,17.89799274197746],[100.0532406647905,17.89776193548674],[100.0527788062557,17.897572460759406],[100.05254379535504,17.897508394772437],[100.04993812378859,17.89694247156486],[100.04948503091605,17.896789699690437],[100.04897581033568,17.896526953538018],[100.04500647982519,17.894024100075825],[100.04429846294944,17.893321286593586],[100.04152947513963,17.890338108169168],[100.04106571834943,17.889817786609573],[100.04070863474891,17.889300966200086],[100.04058339561814,17.889040215831436],[100.04039255554363,17.888502090761015],[100.04033077325792,17.888147069702832],[100.04030318065098,17.88780411819625],[100.04042910398232,17.885985856999678],[100.04064611743863,17.88369739153554],[100.04077350477411,17.88140124249309],[100.04086773299326,17.87999976626886],[100.04083582219405,17.87964867491422],[100.0407825201576,17.879285445594718],[100.04025665010401,17.876882488393136],[100.04006043619194,17.87615241680901],[100.03993921855732,17.875846722671895],[100.03980995319617,17.875622769812846],[100.03962072289418,17.875358287910448],[100.0393635232916,17.875139108304037],[100.03871298393933,17.874766789604315],[100.03833189465317,17.874519672071866],[100.0381217041041,17.8743165647861],[100.03795856300857,17.874133639711903],[100.03779507130685,17.873893524954404],[100.0374802877452,17.873307043367603],[100.03738825652864,17.872886825387102],[100.03738749794228,17.87275611937736],[100.03742773839214,17.872339288757907],[100.0379433915381,17.870788534180097],[100.03798495854342,17.87060042858832],[100.03799963053584,17.870187806289053],[100.0379379848402,17.869857305976343],[100.0375809579446,17.868605265204582],[100.03743781544968,17.868193500616698],[100.03739810634954,17.8679690510086],[100.03737970842892,17.867736343363976],[100.03739533374213,17.86749118351616],[100.0374493408238,17.867241748044833],[100.0375080467365,17.867065804430933],[100.03767260766753,17.86675858832125],[100.03809981325888,17.866139560395418],[100.03823915708125,17.86589374276109],[100.03837288238641,17.86556262781746],[100.03886671019289,17.864518020535197],[100.03898502710534,17.8643295067769],[100.03914587655451,17.864116260111786],[100.03940020676283,17.863841231512918],[100.04064887831824,17.862923750561293],[100.04346932328326,17.860915440335127],[100.04364728232368,17.860714351846354],[100.04379967171306,17.86051339913565],[100.04477209644362,17.859045954992386],[100.04486070555755,17.858882102423728],[100.04497812479589,17.85853837402453],[100.04501378359049,17.85806846396981],[100.04498671981649,17.85781946105871],[100.0449257068705,17.85759514527422],[100.0447702163228,17.857261041256404],[100.0440086738098,17.856129634440293],[100.04393107251481,17.855987087434528],[100.04382641073569,17.8555955543261],[100.04381712476366,17.855464894857437],[100.04383646026588,17.8551216917519],[100.04393457390461,17.854394136743355],[100.04393897515759,17.85368749888912],[100.04383798541097,17.853189724053745],[100.04348896108205,17.851851879619133],[100.0432834544514,17.85098298565095],[100.04302627898444,17.85003266976629],[100.04299895309016,17.849734655129833],[100.04300602452442,17.849485469120292],[100.04302634132291,17.849313801537164],[100.04309754441371,17.84908877810093],[100.04316913306033,17.84893317998381],[100.04393326659232,17.847589381694444],[100.04461403090234,17.846499933414325],[100.04556880687703,17.845700159372136],[100.04564408007928,17.845553943391376],[100.04569563431163,17.84535738062253],[100.04574094112313,17.845093570346734],[100.04575654262858,17.844756995184476],[100.0457142426455,17.84453289345356],[100.04558845698338,17.844051280891712],[100.04536157358064,17.843301015160414],[100.04508481688521,17.84203508087897],[100.04505916883278,17.84165387935559],[100.04508730116835,17.841457441159214],[100.04516152594445,17.841131786663983],[100.04524242382162,17.840946283394878],[100.04533503279127,17.84076071649289],[100.04614164615799,17.839511412384653],[100.04626912502033,17.839280812103468],[100.04633827708754,17.83908976266812],[100.04639535748582,17.83883708754154],[100.046428557881,17.838506044673796],[100.04649279501031,17.83747382830073],[100.04652821335551,17.836520261988515],[100.0465141773006,17.836122173104812],[100.0464659575771,17.83588688740585],[100.04640625732598,17.835690920547986],[100.04631727957945,17.8354951285961],[100.04619313743393,17.835293898181263],[100.04606323789827,17.835109522831164],[100.04589246920351,17.834942210454933],[100.04540395235169,17.834512994072725],[100.04527436850334,17.834379090316162],[100.04506720679596,17.833998859824277],[100.0449601095352,17.8337078060114],[100.04461273760161,17.832374966640348],[100.04442160902515,17.831731062488466],[100.04436757135805,17.831501414904075],[100.04434303876474,17.831310866938377],[100.04438821352394,17.83102462524081],[100.04449226796129,17.830794132361167],[100.0465606240368,17.827031283024976],[100.0468103111365,17.826676647033864],[100.04709577034993,17.826428355687153],[100.04735239245345,17.826258734195083],[100.05172599537005,17.823854919994908],[100.05191369770638,17.823777153673277],[100.05223374506005,17.823691992201873],[100.0530866708299,17.82356725587067],[100.05340685534121,17.82350545024114],[100.05369557809385,17.823423805509268],[100.05397369023208,17.823315508913318],[100.05440784622442,17.823079547861656],[100.05573040882734,17.82223808141086],[100.05609175597074,17.82206592119779],[100.05737878037561,17.82170186931123],[100.05780333989455,17.82161280225329],[100.05797052251712,17.821601883662154],[100.05839577095735,17.82162962095775],[100.05923332270206,17.821855352473516],[100.05958219290656,17.82193021796857],[100.05987507906744,17.821965351065224],[100.06007372190604,17.821970937010082],[100.06025479810171,17.821953277711742],[100.06182459906589,17.821684446481207],[100.0620229252481,17.82163663390194],[100.0622454200107,17.821552004599983],[100.06253375988099,17.821410251415763],[100.06314422881968,17.8209430429778],[100.06331745637341,17.820778575444805],[100.06351817121315,17.820547214210915],[100.06377360295005,17.820141997308777],[100.0638524686606,17.81992799488644],[100.06399873356875,17.819326474830337],[100.06416139887689,17.818554657921485],[100.06420141157044,17.81825409665497],[100.06421018205032,17.81797036346177],[100.06417397622236,17.817740291472486],[100.0634524880482,17.816519412511248],[100.06333227998088,17.816226385374996],[100.0632994159026,17.815972937422153],[100.06330854407996,17.815749281935993],[100.06332818443794,17.815535582856715],[100.06337910691242,17.815308368784812],[100.06542412938975,17.810588261847645],[100.06569935962168,17.809999401648632],[100.06588573239277,17.809704687577508],[100.06615562986586,17.809389508863],[100.06632874579094,17.80920836277978],[100.0669039300019,17.808677925926347],[100.06763469658047,17.80794305959831],[100.06835879934985,17.80726495666998],[100.07076359987597,17.80507253487288],[100.07318350155904,17.802785237305468]]}},{"type":"Feature","properties":{"NAME":"NORTHERN RAILWAY"},"geometry":{"type":"LineString","coordinates":[[100.07318350155904,17.802785237305468],[100.07377563288121,17.802139100751653],[100.07600256742992,17.800073363991384],[100.07629216330407,17.79986182485485],[100.07670922943375,17.799641976928545],[100.07708293589012,17.7995025106868],[100.07736891470127,17.79943865396426]]}},{"type":"Feature","properties":{"NAME":"NORTHERN RAILWAY"},"geometry":{"type":"LineString","coordinates":[[100.07736891470127,17.79943865396426],[100.07842826091085,17.799026732838307],[100.07886092905542,17.798844682494252],[100.07909752626398,17.79871422344357],[100.07938362939802,17.798530166057358],[100.07962862806252,17.798335101476674],[100.08007731832703,17.79789746335622],[100.08019649263642,17.797733964824996],[100.08042883503235,17.79738175444534],[100.08108724673632,17.796243897282302],[100.08125572213319,17.795993097257043],[100.08143609128237,17.795773122485986],[100.0818205369166,17.795375148995955],[100.0830071742589,17.794357893295334],[100.08335066180209,17.793974173555604],[100.08385679671927,17.7933453102607],[100.08434291955959,17.79280077177438],[100.0848238811969,17.792371366995624],[100.08520610383509,17.792094114616834],[100.08729958840951,17.790813531371928],[100.08770529203063,17.79054175173754],[100.08788315514302,17.790391970705123],[100.08820359838,17.790075744003286],[100.08837226057872,17.7898614552448],[100.08861046447204,17.78951481132183],[100.09241971420386,17.783656862081074],[100.09288653187689,17.782837279145784],[100.09580684571075,17.777553136094955],[100.09615021070168,17.7771114267562],[100.09658551984556,17.77669626306415],[100.09677519828156,17.776532823469605],[100.0972535901543,17.776232430047695],[100.09754937335056,17.776095455345384],[100.09798616427241,17.775923855237075],[100.0990293403417,17.775593231584722],[100.10028416562776,17.77522757919854],[100.10523426961186,17.77372726503035],[100.10618574572761,17.77341742541491],[100.10642873617459,17.773314550537545],[100.10685630620642,17.773078703528885],[100.10712523772304,17.772884359440003],[100.10757823894247,17.772480918308215],[100.10778327022544,17.772231093964006],[100.10795130490622,17.77199673030296],[100.10816090841982,17.771630163578195],[100.10918664170465,17.76908020375313],[100.10941730019772,17.768538942657443],[100.11040362953989,17.766019852002636],[100.11297463990765,17.759593381960183],[100.1133565054112,17.758655245646022],[100.11355164583759,17.75824990679044],[100.11370595791922,17.758005010478744],[100.115089924579,17.75623814827195],[100.11529386846576,17.756029394044827],[100.11546029202397,17.75589734979844],[100.11581237405642,17.755673186491936],[100.11602449398605,17.755559075935878],[100.11624821121977,17.755474050365876],[100.11646444872912,17.755407261359],[100.11671494386637,17.755351196959467],[100.11693899842912,17.755320787493577],[100.11731905031422,17.75531499433257],[100.1176917630863,17.755352923015625],[100.11811411469209,17.755430639072223],[100.11966334980882,17.755804187564276],[100.12002849892292,17.755849447240127],[100.12029086160545,17.75586616047835],[100.12072404060244,17.75584911814371],[100.12110744864928,17.75577407606732],[100.12125155363601,17.755722278952813],[100.12184281465778,17.75545668410415],[100.12213041232883,17.755254736813548],[100.12238361597963,17.755020208117458],[100.1227042162985,17.754625043941463],[100.12314515332712,17.754025261879512],[100.12335124099286,17.753713098273263],[100.12353041424737,17.75337215984279],[100.12361051113535,17.753182227239698],[100.12369080662855,17.752968380394194],[100.12375484768133,17.752703653685494],[100.12379185027791,17.752315684659607],[100.12379197819207,17.751915359482545],[100.12368298291699,17.751142414044217],[100.12340541853533,17.749660107094073],[100.12337353733943,17.749383010882152],[100.12337469464161,17.74908549507997],[100.12344414642874,17.748622953773932],[100.12351895182503,17.748393313872608],[100.12364204287657,17.74810726030132],[100.12376548619612,17.74788104249452],[100.12392721400899,17.747627009387227],[100.1240797048784,17.747437439896707],[100.12439970685979,17.747150275351576],[100.12485881521502,17.746834679700523],[100.12543302780733,17.74649543407707],[100.12623191255159,17.74598920809148],[100.12662862810076,17.745683184091206],[100.12694850758959,17.745377599903133],[100.1271774138666,17.74511855125716],[100.12738231137698,17.74485965933749],[100.1276345520632,17.744490034951102],[100.12781974099762,17.744153000717752],[100.12797604490795,17.743802343099212],[100.12813183837041,17.74337343401199],[100.12821621443798,17.743041588281862],[100.12826739527358,17.74277897045155],[100.12831745281667,17.74233688000068],[100.12832273826587,17.74175915644108],[100.12791391777306,17.73030351600123],[100.12783086945329,17.729649173623454],[100.12773653055493,17.729131675165636],[100.12697410524389,17.725218739272687],[100.12688532711685,17.724619733505484],[100.12683832869317,17.72390114277346],[100.12684226553826,17.723560614831534],[100.12689131964771,17.72266103173101],[100.12697925058758,17.722154128259657],[100.12767814951764,17.71867412273625],[100.12838629124329,17.71528295884756],[100.1284997271899,17.714575459045886],[100.12854719781318,17.71408783287265],[100.12856049634209,17.713626592657896],[100.12853681306038,17.712871924008343],[100.12835175419669,17.711343813891297],[100.12421304020123,17.68127243938853],[100.12409972860672,17.68036704327098],[100.12395088238087,17.678376067354378],[100.12389816508725,17.67797420829457],[100.12380046867843,17.67746497832902],[100.12358888195516,17.6766958488447],[100.12168894760438,17.67020695571772],[100.12146143315817,17.669325768436256],[100.12133581969175,17.668602676725317],[100.12128724203092,17.66792949058646],[100.12128811101174,17.667418567219215],[100.12131879177086,17.666867346543395],[100.12250958853966,17.656650281450133],[100.12262728171964,17.6555799095451],[100.12265871849715,17.6551357580046],[100.12265883496323,17.654653045526914],[100.12262047116342,17.653979874772222],[100.12256127551073,17.65345578199185],[100.12245505484103,17.652863436246168],[100.12146704563904,17.648897149096946],[100.12142274061561,17.648769264226406],[100.12119601609226,17.648290840518673],[100.12100763975225,17.647982018318043],[100.12085724004423,17.647786216741085],[100.12070689732273,17.647596374061823],[100.12050677271462,17.647397875230546],[100.12013071711944,17.647079568483402],[100.11999178978014,17.64698120523033],[100.11974771314175,17.646836334654317],[100.11948593032045,17.646712738391905],[100.11632567488874,17.64530984441569],[100.11557801278538,17.645000165683907],[100.11528679710943,17.644908177204194],[100.11503532177946,17.644849408791995],[100.11447683281261,17.64477899413551],[100.11402809516922,17.644781530654516],[100.11366558115932,17.64481702435868],[100.11339619053386,17.644874276270226],[100.11291343335607,17.64501746698069],[100.11199496656774,17.64534881530206],[100.10876994854026,17.64656541801591],[100.10831961336903,17.64669890161448],[100.10814599774056,17.64673559970387],[100.10769526802642,17.646801619519877],[100.10733523707123,17.64681158292863],[100.10680933273757,17.64676691324339],[100.10635341019524,17.6466623242178],[100.10599260322618,17.646545299736704],[100.10546954894474,17.64629029229225],[100.10507469312547,17.646018703734097],[100.10463770074035,17.645624320887386],[100.10419755941793,17.64505178668278],[100.10006365078657,17.637622636234116],[100.09967658707474,17.63689994475111],[100.09957229295294,17.636677863172444],[100.09942073658688,17.636432241763288],[100.09931309062415,17.6362143983539],[100.09924748178415,17.636040002030654],[100.09913787208576,17.635498150365986],[100.0991202526928,17.635097750512614],[100.09933947046471,17.632424213930765],[100.09936678640338,17.630039358388334],[100.09939297825196,17.629351102062643],[100.0995063876032,17.62801430300398],[100.09950287901749,17.627435452455963],[100.09948556961312,17.627086023651362],[100.09941404343131,17.626562153733204],[100.09931622337876,17.626082111758205],[100.09919213719886,17.625656835760843],[100.09789336750565,17.621938268873695],[100.09755768137761,17.62107631895183],[100.0971460358653,17.61984882802857],[100.09689306224989,17.618922245855337],[100.09668659974051,17.618007083157288],[100.09647269361821,17.61730355677332],[100.09608790268656,17.61628517783849],[100.09392108651254,17.610118807811613],[100.09364893336804,17.609130244857084],[100.09351023104449,17.60819959760755],[100.09348290550469,17.607844430187374],[100.09347223823886,17.60726839341945],[100.09351793190469,17.605298364029785],[100.093743714829,17.597444641692604],[100.0937408314641,17.596965548891983],[100.09380921407062,17.594747111408562],[100.09386183243711,17.59230789028071],[100.0939992181327,17.58772082630366],[100.0940415595034,17.587153138724123],[100.09418600622936,17.586167912553865],[100.09516495585541,17.580459715294424],[100.1004593270534,17.548943177641423],[100.1005106029697,17.54825781291845],[100.10051956047838,17.54770261715337],[100.10034197413916,17.545819628878533],[100.09982849733353,17.541322194218633],[100.09966505312033,17.539740343154826],[100.09964249516425,17.539061292073345],[100.09965306671118,17.538769861802194],[100.09966877971051,17.53842244882556],[100.09975388173852,17.537772896639197],[100.09988615385618,17.537071829852962],[100.100019729938,17.536587128084214],[100.10009557609526,17.53637033474489],[100.1013177083345,17.533345863381808],[100.10711314729136,17.519181745111755],[100.10837401749308,17.51605011205529],[100.10856505997529,17.515443868165654],[100.10867217628366,17.514959939290076],[100.10878232834156,17.514277000600032],[100.10883331994141,17.5136106250811],[100.10887486412138,17.512087308509738],[100.10922748972445,17.49256659661841],[100.1093593145565,17.486235479953873],[100.10938976588265,17.484011239263264],[100.10942920935607,17.48273560284631],[100.10948983831064,17.47975270236187],[100.10947734113059,17.479103708353808],[100.10945792452466,17.47872589540516],[100.10936334995444,17.477954105709173],[100.1091524682473,17.477059731039287],[100.10875132551244,17.475850112281588],[100.10794960402255,17.473521229887847],[100.1031836736428,17.459728333708377],[100.10210800296463,17.456657397485362],[100.09930272887927,17.448506127465524],[100.09910170539729,17.44781298830519],[100.09900929150217,17.447390374344632],[100.09894283347302,17.447012798662037],[100.09885976838963,17.44600679241148],[100.09835677861923,17.416112416030472],[100.09831725211014,17.41459282484846],[100.09823277458142,17.41382972031529],[100.09809144974041,17.41310346675534],[100.09658664301998,17.407730276029096],[100.09642736992582,17.4071831427408],[100.09605252872491,17.40622435900637],[100.09572154854528,17.40560144625775],[100.08549855230241,17.387890732084518],[100.08365719939258,17.38470765290254],[100.08299236329675,17.38358965460659],[100.08236116451339,17.38243380413109],[100.08206600816465,17.381934220001387]]}},{"type":"Feature","properties":{"NAME":"EASTERN RAILWAY"},"geometry":{"type":"LineString","coordinates":[[101.11279883701641,13.902235439764706],[101.11467537971367,13.911366304197934],[101.1148756371112,13.912275125738557],[101.11712043339288,13.92309708857445],[101.11731101577351,13.92386652126524],[101.11750338110264,13.924427902997607],[101.1177885841304,13.925103256171587],[101.11811002826359,13.925728085676672],[101.11850482797877,13.926341505025187],[101.11944621437871,13.927706894238815],[101.12811852854061,13.940104680580967],[101.12892606754113,13.941277533370446],[101.12991185001188,13.942663999890444],[101.13059300581713,13.943665801334353],[101.13293692163975,13.946994920526963],[101.14111976199375,13.958714914476342],[101.1430254072911,13.961473938505458],[101.14397099061439,13.962870856156474],[101.14425146717308,13.963235643219686],[101.14451610988536,13.96362168670269],[101.1449741742001,13.964243200632719],[101.14834602521071,13.969066610232709],[101.1504592017612,13.972039278136938],[101.15144109305383,13.973489204533344],[101.15247498039588,13.974980155518256],[101.15562845759095,13.979464429077217],[101.15987183728565,13.985560600849258],[101.16038855981375,13.986276415927268],[101.16114882672736,13.987387316355681],[101.16582887370677,13.994042742847054],[101.16642292158781,13.994906065241626],[101.16692078177634,13.995547910779248],[101.16714169133397,13.995794974873036],[101.16743905491391,13.996100650315793],[101.16799332773044,13.996605616287512],[101.16833589779459,13.99687529777767],[101.16885544807351,13.997238259070386],[101.16985661814336,13.997807416691948],[101.17736565346272,14.001754209592047],[101.17957185596792,14.0029291172564],[101.1808471948717,14.003587658049353],[101.19252489708047,14.009734647975586],[101.19524363629299,14.011150825292292],[101.20057770280806,14.013957328304842],[101.20165504337416,14.014537485362338],[101.20533804616606,14.016445772300026],[101.21026057607816,14.01905715172346],[101.21761205508962,14.022909077038955],[101.21988891052432,14.024127381144172],[101.22100865753605,14.024689265613357],[101.22174231404028,14.025087526518927],[101.23627723205088,14.032701112064512],[101.26839837149787,14.049573824202376],[101.27181362254058,14.051340721559576],[101.27363230931168,14.052309781103878],[101.27704780919233,14.054094520453148],[101.27836500602065,14.05480527356562],[101.27901406963554,14.055124892240325],[101.28615926235386,14.058870477002964],[101.28719342092332,14.05943444488362],[101.30205989968648,14.067218141553395],[101.30501435891331,14.06877971101174],[101.30736235283922,14.069997412840284],[101.31898013051394,14.076086696196729],[101.32058043178746,14.076916994402099],[101.32147575309347,14.077359608776378],[101.32210902614635,14.077619457269607],[101.32289872899459,14.077910680536029],[101.32407196015336,14.078284860587852],[101.32501421731841,14.078523811215574],[101.32534864437262,14.078595289226344],[101.32595294037567,14.078714976099327],[101.32670704839886,14.078815268293756],[101.32756524181629,14.078914570650161],[101.32817794527963,14.078956472222272],[101.32901086030336,14.078978295175597],[101.32975470439635,14.078971110414054],[101.33110388566318,14.078883371746304],[101.33223499552618,14.078726010715107],[101.34746940203985,14.075838024414946],[101.35433159357659,14.074522066198536],[101.35617100514564,14.074184376395598],[101.36695380080145,14.072117686275954],[101.37406267322532,14.070767709748022],[101.37568327024754,14.070472055630736],[101.37948863978637,14.069735340357953],[101.38783653582836,14.0681576175388],[101.39334648742475,14.067095424271768],[101.40058340941448,14.065736279070999],[101.40318610697746,14.065226310185198],[101.40355645905647,14.065165243762975],[101.4047184071109,14.064927761348894],[101.4077099810395,14.064374441018657],[101.42302590218655,14.061453029550023],[101.42357966161855,14.061368592280596],[101.42403459989357,14.06131739652204],[101.42442735453996,14.061291952779762],[101.42487167790169,14.061280310569636],[101.42546329908883,14.061303047666062],[101.42637515896374,14.061390712429434],[101.49293084032692,14.068830243630948],[101.49361821230754,14.068876927292541],[101.49425741596181,14.068884660209775],[101.49488866329465,14.068835116484525],[101.49553790477836,14.068753099054472],[101.4959337749657,14.068677308228743],[101.49666269827289,14.068490480399975],[101.50349318758192,14.066673584215494],[101.5052366757286,14.066225241694005],[101.50587379658354,14.06604293055086],[101.51316188640268,14.064102710797702],[101.51392752027118,14.063919042125548],[101.51434173677796,14.063843032156862],[101.51646485029708,14.06351971213295],[101.51904607085692,14.06310555966606],[101.53062175727013,14.0613100996948],[101.53517688482582,14.060577296080513],[101.5358451165643,14.060486521338126],[101.53924753074112,14.059944032846364],[101.55831528724302,14.056965882211033],[101.55916186166843,14.056802738553019],[101.56020501271267,14.056479764655725],[101.58256219580998,14.047248442305174],[101.59788736485636,14.040908051114718],[101.59922874182465,14.040341505046994],[101.62140200598914,14.031180241314447],[101.6228131724542,14.030583669219425],[101.63969777962726,14.023623557930344],[101.6404928986745,14.023282189668263],[101.64893231655319,14.019804905200543],[101.65779063106032,14.016126277263321],[101.6689876918759,14.011507403631741],[101.67123489942205,14.010564856308552],[101.67294886507065,14.009868362126118],[101.67815956967677,14.007702781369138],[101.68006355643494,14.006932455331937],[101.68293564007948,14.00574267835042],[101.68326799352239,14.005592015155923],[101.69812140090023,13.999465175947176],[101.70001760415383,13.998669697621844],[101.70323674439874,13.997353971476846],[101.71276908928267,13.993404400006614],[101.71945888856757,13.990651494809674],[101.72143153082784,13.989815574142417],[101.72188876518797,13.989674213628176],[101.72219607042115,13.989598800942803],[101.72299484913769,13.98945029321421],[101.72346048600095,13.989398464874021],[101.72424208870598,13.989368171190891],[101.724940045582,13.989403341459834],[101.7258813511759,13.989528993424992],[101.7637737201051,13.99742134472007],[101.76440938937209,13.997528807064315],[101.7650248520387,13.997582963473574],[101.76557721507069,13.997599618405566],[101.76644216422316,13.997559151135471],[101.76699354669073,13.997495493170772],[101.76739606564134,13.997425892897681],[101.76794671363486,13.997301065100162],[101.78821189864738,13.991467011262223],[101.80694652007169,13.986094014137498],[101.90361961500979,13.958224986553828],[101.91912140028505,13.953734580259697],[101.92050351845968,13.95332370243649],[101.92533255613779,13.951941074342233],[101.92591867602297,13.951756952590099],[101.92643472986472,13.951567458430178],[101.9268332921093,13.9513918070646],[101.92729471318731,13.951156357314844],[101.92791034725386,13.950791700545604],[101.92841500971508,13.95045634626957],[101.92908580274444,13.949926367250638],[101.93007414634934,13.949103679999187],[101.93634533714966,13.943992458391767],[101.94223181803639,13.93916534810922],[101.94679969456888,13.935460022428973],[101.94699778873652,13.935280539516711],[101.94794213956297,13.934511142100812],[101.949311767619,13.933419729174384],[101.95029022380922,13.932581549961984],[101.95265751080427,13.930664139063587],[101.95413350384806,13.929437837778485],[101.95986199995419,13.92475216151784],[101.96371157009405,13.921623785454516],[101.96784384478806,13.918231018373962],[101.99097456516013,13.898641723484756],[101.99280642820415,13.897065138599148],[101.994026142377,13.896049447178667],[101.99908678544632,13.891749346745902],[102.00120537728554,13.889969554383654],[102.00713880381997,13.884921670605507],[102.00845987511353,13.883808653444333],[102.00878670864657,13.883550147892496],[102.00929818151255,13.883099399195272],[102.02230098231662,13.872088022037444],[102.0309058139039,13.864768754818348],[102.0315362502609,13.864248051041121],[102.04136527171575,13.855916634116156],[102.06127555030753,13.839017597133617],[102.06357746661668,13.837082475116658],[102.06712591659475,13.83404791305291],[102.08434964467114,13.819433206186867],[102.08709138960204,13.817090633116974],[102.08771824752047,13.816569524774033],[102.08807566883821,13.816306973251299],[102.08864864997494,13.815927025167458],[102.08909424508909,13.81567771424679],[102.08989314914547,13.81529778385103],[102.09062309788969,13.81503053735421],[102.09897339216272,13.812396366889706],[102.10095993116843,13.811754837949692],[102.10852114119925,13.80937405329819],[102.13871349222107,13.799812133848853],[102.14894034580598,13.796558987671718],[102.16899921775189,13.790217971967708],[102.17120395637022,13.789505763059442],[102.17608380236852,13.787971985084262],[102.18518885701448,13.785073919062823],[102.18775526442978,13.784273009284421],[102.20209743939779,13.779722813859632],[102.202620045697,13.779570877200005],[102.2220834381956,13.773391878723618],[102.22385444581553,13.77284295649127],[102.27180376017921,13.757609974077365],[102.28178631237219,13.75444879881781],[102.28603660446991,13.753092445977769],[102.28648310901248,13.752934897122072],[102.29700717892405,13.74960795259589],[102.31986326722378,13.742341596692063],[102.32138721098549,13.741859907107331],[102.32246799170137,13.74153573281513],[102.32497685624523,13.740718249905186],[102.3356437412969,13.7373266720729],[102.33724006944921,13.736837464693181],[102.357427516782,13.731187598694289],[102.36250352620897,13.729751130992911],[102.38746274878534,13.722753764378137],[102.40017943426336,13.719163926110033],[102.4011060521422,13.718918970420976],[102.4017267667078,13.718733067308008],[102.40367168650562,13.718196746690037],[102.41167382049237,13.71593543268063],[102.42083567497461,13.713370803914444],[102.43608342221602,13.709063870961431],[102.43754207580004,13.708669528543796],[102.43828866570756,13.708526924300253],[102.43938778039822,13.708356833749752],[102.46431479059989,13.70453245543234],[102.47473243799169,13.702915796787286],[102.47999752600533,13.702125860029028],[102.4939191422991,13.699975409187328],[102.4943729708909,13.699888386622058],[102.49476074431955,13.699795843910316],[102.49506938297623,13.699704420778854],[102.49574856324884,13.6994690984901],[102.49628929390657,13.699238967828688],[102.49709767835394,13.698821245759515],[102.49738525055113,13.698643059387829],[102.49810322392028,13.698133121773077],[102.50287046493094,13.694480089295759],[102.50319371177524,13.694262698914107],[102.50353574643937,13.69397732144576],[102.50527074076994,13.692669435960408],[102.50757259788332,13.690895621833617],[102.5079609774944,13.690622506209607],[102.508365026125,13.690294333778759],[102.5087987811938,13.689968956664297],[102.51048722850334,13.688861611977291],[102.52094151902598,13.682169284418933],[102.52282645157264,13.680864967409194],[102.5312068406618,13.674975716080603],[102.53189133572565,13.674510669534929],[102.53547396929078,13.671958605334575],[102.53652382279645,13.671238240846876],[102.53716058221087,13.670698938969261],[102.54134732974902,13.667777820129444],[102.542290006939,13.66721161752927],[102.54275052432858,13.666893342356898],[102.54321797943676,13.666549898157623],[102.5436242447638,13.666278984371171],[102.54588288611069,13.664691861139984],[102.54750270990388,13.663504351212884],[102.54888819874772,13.662570964924889],[102.55027370329144,13.661607882367736],[102.55277576784823,13.659755420066926],[102.5531907867542,13.659231545689108],[102.55372469483292,13.658594288616454],[102.5544452871332,13.65798141720958],[102.55811300599309,13.655616847569684],[102.55883160707661,13.655137211882378],[102.56010702363531,13.654232279583033],[102.56145316492017,13.653226462420276],[102.56234873268639,13.652593685044868],[102.56290536928547,13.652224903111847],[102.56425028240926,13.651175576297573],[102.56533538008532,13.650546574029224],[102.56600403963267,13.650057899054485],[102.57104964315968,13.646198418760521],[102.57360325064047,13.64437363805182],[102.57566842574053,13.643146998143264],[102.57687731537963,13.642393648346188],[102.5856682736919,13.637354104596378],[102.5889170804528,13.63566102903734],[102.58962581000331,13.63531122682715],[102.59041401602724,13.634868786391364],[102.59108569841491,13.634528094730745],[102.59253895638318,13.634076930929254],[102.59417329540024,13.633847428193794],[102.59508919588151,13.63364910102296],[102.59612627110731,13.633505619385057],[102.59800235644106,13.633151969959151],[102.59972876808412,13.63293402054748],[102.60056815711498,13.632751628230158],[102.60318764053096,13.632325045651369],[102.61098104256807,13.631016182023034],[102.61179424059748,13.630900388347216],[102.61368479806056,13.63056100472812],[102.6155227158888,13.630256979908712],[102.61732600603578,13.63000548278314],[102.61916524691,13.62978807354063],[102.62066978177515,13.62969683389443],[102.62373277129281,13.629565523058051],[102.62585696941863,13.629447850164269],[102.62808822745238,13.629380612152435],[102.63332745541913,13.62906143161507],[102.63739972921007,13.628897824981511],[102.64090492712899,13.628725185153987],[102.64984348707439,13.628195447104734],[102.65313605860023,13.62802572653633],[102.65623960876061,13.627891188071544],[102.65731395400063,13.627825641512475],[102.66021810473208,13.62775576711516],[102.66140867270707,13.627651834430509],[102.66469082408697,13.62717157434062],[102.66704721785761,13.62679130763218],[102.6702841866097,13.626246857776296],[102.68974494522053,13.62320010990349],[102.69270095902239,13.62275534815978]]}},{"type":"Feature","properties":{"NAME":"NORTHERN RAILWAY"},"geometry":{"type":"LineString","coordinates":[[100.72558922413263,14.453905403604823],[100.7260940781445,14.45426074067177]]}},{"type":"Feature","properties":{"NAME":"SOUTHERN RAILWAY"},"geometry":{"type":"LineString","coordinates":[[99.9077920035632,13.817480318211208],[99.90556388461852,13.817457367034203],[99.90408872084879,13.817310655983215],[99.90380084350333,13.817308846424167],[99.90356295438465,13.817318332052746],[99.9030843879157,13.817380382112546],[99.9028847998914,13.817421296903037],[99.90243291814043,13.817549275851539],[99.90221877816752,13.817624683997439],[99.90176134934917,13.817833042442533],[99.901386163279,13.81804398762576],[99.90093798898218,13.818372870546503],[99.90059255220108,13.818678415813269],[99.90034977235804,13.81894914369446],[99.90004577009933,13.819337785243782],[99.8995284722651,13.82002287515892],[99.89916622785947,13.820546639243688],[99.89891815151076,13.820963792934121],[99.89881319809452,13.821170855932465],[99.89860636846979,13.821622280609771],[99.8984115392732,13.82213970762115],[99.89829269268205,13.822553499891834],[99.89819152089576,13.82298157660831],[99.898108444012,13.823533035650636],[99.89738386607559,13.829928440054264],[99.89733598264677,13.83046254935974],[99.89732421575926,13.831229016537312],[99.89737386718967,13.831917787276723],[99.89743740102423,13.832396940033062],[99.89755415492446,13.83298784704849],[99.89770611884624,13.833529816501093],[99.8978963398253,13.834106105068505],[99.89901597101698,13.836936448124522],[99.90437603178916,13.850406111017918],[99.90936132308828,13.862989132679465],[99.91019890832894,13.865064770555836],[99.91955689017023,13.888704858356846],[99.92129111077578,13.8930147102414],[99.93153640409825,13.918823834462032],[99.9332071306477,13.922993347061853],[99.9351067834584,13.927803985670414],[99.93775463536508,13.934419431256288],[99.93892778877459,13.937398822396146],[99.94003806643266,13.940146869429022],[99.94156511758588,13.94401687827958],[99.94274621569815,13.94693831309928],[99.94319821605087,13.948115373662588],[99.94764325841346,13.95925837236154],[99.94914260230486,13.96305570911433],[99.94949079610242,13.964108527968408],[99.94964272569206,13.964661464774474],[99.94973014467845,13.965012515721165],[99.95009437386838,13.966867597638268],[99.95171812536444,13.975897167949979],[99.95179127072254,13.976385476294853],[99.95310117027967,13.983758408370948],[99.95660169585149,14.003028028061074],[99.95671749767618,14.003815599992873],[99.9567724894592,14.004672493967746],[99.95677402289944,14.00504296842755],[99.95670978494988,14.005837527691387],[99.9565940378049,14.006616606975832],[99.95617552782618,14.008825385442655],[99.95565056059466,14.011728441002274],[99.95556287518131,14.012297052505305],[99.95553829105991,14.012570293126954],[99.95551313193158,14.013484012033176],[99.95559903668926,14.019483426099276],[99.9556782663715,14.023862851296068],[99.95567138275015,14.02453160929828],[99.95569904038814,14.024996151577254],[99.95572428095043,14.02643397909429],[99.95576969662581,14.030411652701202],[99.9558333540538,14.033353189975188],[99.95592731903938,14.039729317303262],[99.95596456102862,14.040953611210535],[99.95597068022035,14.042429191779853],[99.95603609912854,14.046573181064645],[99.95619683499083,14.055080797799588],[99.95624130554526,14.058819872934903],[99.9568228987572,14.095016828049966],[99.95696395145195,14.105470712200884],[99.95700145281229,14.10719337963223],[99.95719933392935,14.12077559602686],[99.95722254430459,14.121404143102971],[99.95723928977245,14.123387201041833],[99.9572690447823,14.124001724069455],[99.95733989297653,14.124584107169985],[99.9574511842572,14.12516936603085],[99.95769110427736,14.12603025346368],[99.95787344729128,14.126505987478158],[99.95813088599998,14.127090662819173],[99.96072038275615,14.132081519225826],[99.9611967967482,14.132971821645034],[99.96265166367915,14.135815589526285],[99.96387420464447,14.138129199024775],[99.9642224027562,14.138843980535487],[99.96502488953017,14.140355084441698],[99.97005241245174,14.150071314654546],[99.97264141233796,14.155026806005063],[99.97494320404994,14.1594924740935],[99.9754413766677,14.160420477521411],[99.97603473197243,14.161592069729993],[99.97624522317604,14.161972982969482],[99.98162623209069,14.17236493250658],[99.9923716680532,14.193030759416967],[99.9928346751914,14.193958861157407],[99.99744557390409,14.202817860628512],[100.00423523497135,14.215951144279222],[100.00648207479233,14.220255912856938],[100.00665240126465,14.220594263312359],[100.00690988339248,14.22118088731776],[100.00716124804526,14.221877330207024],[100.00726877695912,14.2222385524291],[100.00746491153377,14.223170961884923],[100.00749555454473,14.223361354173013],[100.00757894898717,14.224255486941757],[100.01238884818376,14.279898058127026],[100.01250451886494,14.281081602062182],[100.01305208548234,14.287441569063501],[100.01455209633008,14.30442836738874],[100.01464236627807,14.305351842387827],[100.01475625788069,14.306055239929472],[100.0148452213199,14.306450358274837],[100.01499756226586,14.306946279828223],[100.01520435501956,14.307513066003832],[100.01536684924156,14.307897649712793],[100.0156015904396,14.308387496992195],[100.01577365155539,14.308682409121086],[100.02212928710382,14.31923659360472],[100.02274996063177,14.320293030348967],[100.02363369700205,14.321745032293897],[100.02828252758052,14.329495293064456],[100.03117858603811,14.334275948643022],[100.0320852088706,14.335807868907212],[100.03244998063047,14.336392258698883],[100.04179411373056,14.351910219459745],[100.0479754924657,14.362204526828792],[100.05180560830857,14.368545702007593],[100.05379236729826,14.37186334540899],[100.05399169551968,14.372175449204446],[100.055632341617,14.374919565597867],[100.0571525939901,14.377417165796363],[100.05754848830841,14.378116231568676],[100.05842874902235,14.379545069984143],[100.06100835171961,14.383853349761555],[100.06348619288195,14.38794509676135],[100.06373255909395,14.388357308233244],[100.0637624204046,14.388446155179334],[100.06385157547457,14.388617958880289],[100.06784647583117,14.39522750463076],[100.07140248628099,14.401147195152118],[100.07194935782864,14.402198117889231],[100.07207748386821,14.402513265416943],[100.07334542523675,14.406019676822586],[100.07366978193741,14.406879294233441],[100.07396843613509,14.407749784871795],[100.07527397997204,14.411328142013115],[100.07584863973939,14.412947228277693],[100.07687810811056,14.415751849642568],[100.07905703246149,14.421794614349231],[100.07928445569947,14.422389166043157],[100.08128072087659,14.42793402847088],[100.08173197897162,14.42913749111699],[100.08445978683766,14.436709675387725],[100.08910923970035,14.449500452459873],[100.08929896019733,14.450069336865901],[100.09022935548084,14.452577765106016],[100.0920346101841,14.457561369413474],[100.09305432691096,14.46033236227171],[100.0937974665285,14.462393072684888],[100.09386256880404,14.462596464781935],[100.09393371605701,14.462897602991335],[100.09423047744504,14.463735477385379],[100.09529828481155,14.466633888395483],[100.09547647442949,14.467165400463466],[100.09652974808131,14.469975650161514],[100.09816021366115,14.474445299717093]]}},{"type":"Feature","properties":{"NAME":"SOUTHERN RAILWAY"},"geometry":{"type":"LineString","coordinates":[[100.4812220926704,13.760661137501431],[100.48248738107289,13.760706011142055],[100.48273052789928,13.760700308405353],[100.48300841335713,13.760677179749274],[100.48359368020098,13.76052973688138]]}},{"type":"Feature","properties":{"NAME":"SOUTHERN RAILWAY"},"geometry":{"type":"LineString","coordinates":[[100.48123207666666,13.793469486784465],[100.49038722163493,13.796750775615372],[100.49720706033497,13.799236990584378],[100.50000476596087,13.800241419460342],[100.50045273054647,13.800426958388258],[100.5008803804072,13.800640666088965],[100.50159211451769,13.801052907947357],[100.50233332342049,13.801589168221627],[100.50272073022411,13.801919285144843],[100.50406486970913,13.803152850073038],[100.50460927552076,13.803674274858173],[100.50551618402295,13.80447788570404],[100.5063037995323,13.805214135192994],[100.50675317335634,13.805619970452037],[100.50787124844643,13.8065817992155],[100.51445708805024,13.812565588287612],[100.51583763870093,13.81385653656314],[100.51677110195735,13.814679834647803],[100.5188625716758,13.816569283249517],[100.52032906765726,13.817916871774353],[100.52092312173117,13.818482357249438],[100.52208323848735,13.819537649759273],[100.52311104780757,13.82041017007592],[100.52384574996336,13.820925400579085],[100.52445708939021,13.821280244634512],[100.524950708437,13.821526688400574],[100.52556947011031,13.821793123445554],[100.52621186892678,13.822017830026581],[100.52657636103868,13.822129506966263],[100.5269253593612,13.822215454571884],[100.52756971225853,13.822335625095082],[100.52832444498458,13.822411027265252],[100.52880419020093,13.822432086447527],[100.52957472617325,13.822415268983699],[100.53892309250419,13.821515593265977],[100.54192943567796,13.821201280746426],[100.5425143495638,13.821060577244955],[100.54281906843443,13.820943662875832],[100.54338314213142,13.820673390328313],[100.54393501286236,13.82037138895189]]}},{"type":"Feature","properties":{"NAME":"SOUTHERN RAILWAY"},"geometry":{"type":"LineString","coordinates":[[100.47334890205572,13.762552991661867],[100.4739601504293,13.762024938173186],[100.47424790346817,13.761798710354984],[100.474682957292,13.761525189044237],[100.47521349958028,13.761251224547552],[100.47546809032376,13.761146250103476],[100.47589360197117,13.761000707358274],[100.47626962866359,13.760907186246781],[100.47662664743063,13.760826996061772],[100.47700636341244,13.76077519794499],[100.47725721314498,13.760759420581675]]}},{"type":"Feature","properties":{"NAME":"EASTERN RAILWAY"},"geometry":{"type":"LineString","coordinates":[[100.5480656008063,13.75367610888917],[100.54819027849972,13.753622306178324],[100.54851041939988,13.753533935195112],[100.55196370444993,13.752755784290825],[100.55232423734819,13.75271911802815]]}},{"type":"Feature","properties":{"NAME":"SOUTHERN RAILWAY"},"geometry":{"type":"LineString","coordinates":[[100.48123207666666,13.793469486784465],[100.48074443653697,13.793350183996905],[100.47977893648049,13.793157799438054],[100.47930614412216,13.79299886116335],[100.47645231729304,13.791964377803238],[100.4763278197144,13.791908494037184],[100.47555795312803,13.791476601311482],[100.4752610778682,13.791335427137163]]}},{"type":"Feature","properties":{"NAME":"EASTERN RAILWAY"},"geometry":{"type":"LineString","coordinates":[[100.58607003145018,13.745119313475337],[100.5863261298491,13.745092323397797],[100.58663755542855,13.745033210138835],[100.59104314214686,13.74403674158882],[100.59159845383512,13.743884488527774]]}},{"type":"Feature","properties":{"NAME":"SOUTHERN RAILWAY"},"geometry":{"type":"LineString","coordinates":[[100.48067410899597,13.760638958238482],[100.4812220926704,13.760661137501431]]}},{"type":"Feature","properties":{"NAME":"SOUTHERN RAILWAY"},"geometry":{"type":"LineString","coordinates":[[100.48067410899597,13.760638958238482],[100.48030015287925,13.760609529279519]]}},{"type":"Feature","properties":{"NAME":"SOUTHERN RAILWAY"},"geometry":{"type":"LineString","coordinates":[[100.48030015287925,13.760609529279519],[100.47988391257023,13.760590314341936],[100.47878853987963,13.760640470898945],[100.47813051253124,13.76067763169583],[100.47770601609615,13.760734236120403]]}},{"type":"Feature","properties":{"NAME":"SOUTHERN RAILWAY"},"geometry":{"type":"LineString","coordinates":[[100.47334890205572,13.762552991661867],[100.47340128443047,13.76252809271582],[100.47429282654306,13.761822582405948],[100.47486414901492,13.761470194599395],[100.47552786458564,13.761164534259429],[100.47587948857614,13.76104535300403],[100.47618759363094,13.760960217153134],[100.47652803549673,13.760888383100262],[100.47694125031592,13.760823666643526]]}},{"type":"Feature","properties":{"NAME":"SOUTHERN RAILWAY"},"geometry":{"type":"LineString","coordinates":[[100.47694125031592,13.760823666643526],[100.47747717620148,13.760780502310698]]}},{"type":"Feature","properties":{"NAME":"SOUTHERN RAILWAY"},"geometry":{"type":"LineString","coordinates":[[100.47747717620148,13.760780502310698],[100.48007532608716,13.760655292813318],[100.48067410899597,13.760638958238482]]}},{"type":"Feature","properties":{"NAME":"SOUTHERN RAILWAY"},"geometry":{"type":"LineString","coordinates":[[100.47747717620148,13.760780502310698],[100.47794824358519,13.760793079226449]]}},{"type":"Feature","properties":{"NAME":"SOUTHERN RAILWAY"},"geometry":{"type":"LineString","coordinates":[[100.47794824358519,13.760793079226449],[100.4812220926704,13.760661137501431]]}},{"type":"Feature","properties":{"NAME":"SOUTHERN RAILWAY"},"geometry":{"type":"LineString","coordinates":[[100.31901471509327,13.802749337333298],[100.32006151109324,13.80264581380793],[100.32817914251181,13.802342870518364],[100.32894444431689,13.802303388660636],[100.330439165008,13.80227761892092],[100.3535358376319,13.801463126043954],[100.35456726200054,13.801439501469083],[100.35865592806748,13.801287776033954],[100.36116283929222,13.801216489939405],[100.36797118497985,13.800977770694605],[100.36935845904102,13.800912632244415],[100.37782587941199,13.80063928444942],[100.38217874778518,13.80048209666327],[100.38305111340549,13.800437439188688],[100.41013832940624,13.799505241178705],[100.41913744903081,13.799173607923713],[100.42293250409905,13.799061965443594],[100.42359305511836,13.799025852788803],[100.42491431263294,13.79898231676955],[100.42541329782675,13.79893997120637],[100.425846168411,13.79889080727812],[100.42648053370557,13.798775916435202],[100.42712931668818,13.798617879035183],[100.42761661914649,13.798464370477314],[100.42804881145436,13.798303997451777],[100.42841493534745,13.798147617265233],[100.42894927403394,13.797882605512914],[100.429388835077,13.797641729270605],[100.42985638077279,13.797342779799779],[100.43032059869464,13.797017191027853],[100.43693277028598,13.791678757626144],[100.43768603022605,13.7910567750413]]}},{"type":"Feature","properties":{"NAME":"SOUTHERN RAILWAY"},"geometry":{"type":"LineString","coordinates":[[100.43768603022605,13.7910567750413],[100.43855027192434,13.790323951079086],[100.44115113054991,13.788249452903136],[100.44321976765582,13.786676926451603],[100.44367733994105,13.786383030440986],[100.44390006192745,13.786260370078038],[100.4442053818819,13.786108917058549],[100.44497304763121,13.785768692330969],[100.44559573771798,13.785540543301588],[100.44646544946684,13.78528531935553],[100.44699581983654,13.785174935214513],[100.4476145443691,13.785090854950697],[100.44795138525873,13.785060139990163],[100.44869315725812,13.785034927011855],[100.44944853929653,13.785066650529677],[100.44976621529607,13.785101175259365],[100.4507019251253,13.785262275650886],[100.45629676349708,13.786575590448592],[100.47189438501049,13.7901907196912],[100.4726717707784,13.79039746326717],[100.47344331526239,13.790639173245484],[100.47931549756055,13.792748660389718],[100.48375130136021,13.794323376408416],[100.49910089329238,13.799848284300605],[100.50052130751416,13.800392086925623],[100.50100009545925,13.800640305413681],[100.5016412964502,13.801027411924847],[100.50215753062015,13.80139019544787],[100.50309857141609,13.802166505589721],[100.50345313120047,13.802505153691795],[100.50553188843638,13.804386614882638],[100.50688341631248,13.805630372129386],[100.50730071466809,13.805984956426732],[100.51513332476053,13.813130583720922],[100.51574867303115,13.813708948719205],[100.51801078452291,13.815735288730856],[100.52209579322736,13.819455154397247]]}},{"type":"Feature","properties":{"NAME":"EASTERN RAILWAY"},"geometry":{"type":"LineString","coordinates":[[100.59159845383512,13.743884488527774],[100.5919463616875,13.74381336003228],[100.59272314370403,13.743706029104473],[100.59718142682785,13.743204125537867],[100.60361808935467,13.742497967039474],[100.61160987786992,13.741593057474018],[100.63424065968275,13.739081982179984]]}},{"type":"Feature","properties":{"NAME":"EASTERN RAILWAY"},"geometry":{"type":"LineString","coordinates":[[100.68995671994095,13.732893345114933],[100.69074465382899,13.732735823268278]]}},{"type":"Feature","properties":{"NAME":"EASTERN RAILWAY"},"geometry":{"type":"LineString","coordinates":[[100.68511188243866,13.733354303477059],[100.69074465382899,13.732735823268278]]}},{"type":"Feature","properties":{"NAME":"EASTERN RAILWAY (CHACHOENGSAO-SATTAHIP)"},"geometry":{"type":"LineString","coordinates":[[100.94451698256137,13.126805394398568],[100.94441302042065,13.126056797553844],[100.94435838485053,13.125811864986376],[100.94412360327185,13.124995825553563],[100.94395797458766,13.124596767829393],[100.9436053322331,13.123872000690758],[100.9432363472224,13.123302318780585],[100.94297889727017,13.122955614126836],[100.94266859136042,13.122587781496485],[100.9423807903876,13.1222886521522],[100.94208875904211,13.122011081779167],[100.94181026264476,13.121780737872921],[100.94125436024216,13.121367481797572],[100.94091118929225,13.12116442647267],[100.92855844854938,13.114748044474842],[100.9175971622533,13.109071670336734],[100.91391143665108,13.107179609280237],[100.90834347806178,13.104274160917077],[100.90746575119799,13.103834547981153],[100.90516854399668,13.10259535227282],[100.89913226287578,13.099505296372204],[100.89377515741396,13.096721211523137],[100.8931437087817,13.096373654293714],[100.8926617392094,13.095995641272479],[100.8923839473524,13.095692427577516],[100.89216011076192,13.095394704192856],[100.8919660245644,13.095073272912172],[100.89181993391381,13.094763224542108],[100.89167924689748,13.094376837731744],[100.89157994140773,13.09391969722482],[100.89153635244293,13.093327652360939],[100.89155933813528,13.093014030865314],[100.89160269847983,13.092710219142702],[100.8916714755797,13.092411200166683],[100.89176089197866,13.092156805968829],[100.89191544767162,13.091792465144074],[100.90490569492586,13.069952746472545],[100.90507574126832,13.069644890510494],[100.90519788992833,13.069364912476267],[100.90525269557072,13.069191549758228],[100.90531004364561,13.068825551742373],[100.90530741979411,13.068483596390266],[100.90526075177077,13.06814981362921],[100.90519508731602,13.067953757782716],[100.9050481537697,13.067616790734268],[100.90493035042495,13.067417193892894],[100.90480471565624,13.067245161417391],[100.90461066992502,13.067038260470767],[100.90435243888184,13.06682788900837],[100.90347768521457,13.066296243528592],[100.89421476893152,13.060959388971154],[100.89186327362157,13.059621878478058],[100.89033628378094,13.058779482800297],[100.89001561851806,13.05863161615251]]}},{"type":"Feature","properties":{"NAME":"EASTERN RAILWAY"},"geometry":{"type":"LineString","coordinates":[[100.68511188243866,13.733354303477059],[100.68594908623128,13.733341440752323]]}},{"type":"Feature","properties":{"NAME":"EASTERN RAILWAY"},"geometry":{"type":"LineString","coordinates":[[100.64575596649495,13.737728025086508],[100.65488399350399,13.736697708200834],[100.67016933759085,13.73501847639304],[100.68511188243866,13.733354303477059]]}},{"type":"Feature","properties":{"NAME":"EASTERN RAILWAY"},"geometry":{"type":"LineString","coordinates":[[100.74439161351208,13.72743499029372],[100.7452163293173,13.727529638013133]]}},{"type":"Feature","properties":{"NAME":"EASTERN RAILWAY"},"geometry":{"type":"LineString","coordinates":[[100.69074465382899,13.732735823268278],[100.73825537001501,13.727422847061796],[100.73878189942415,13.727375694265666],[100.7394097386368,13.727340266312662],[100.74008555814534,13.72733550421132],[100.74439161351208,13.72743499029372]]}},{"type":"Feature","properties":{"NAME":"EASTERN RAILWAY"},"geometry":{"type":"LineString","coordinates":[[100.85814527549338,13.72070156006395],[100.85867629642057,13.720687865130223],[100.8641974153262,13.720005877874085],[100.86478625514822,13.719887005779528]]}},{"type":"Feature","properties":{"NAME":"EASTERN RAILWAY"},"geometry":{"type":"LineString","coordinates":[[100.85814527549338,13.72070156006395],[100.86478625514822,13.719887005779528]]}},{"type":"Feature","properties":{"NAME":"SOUTHERN RAILWAY"},"geometry":{"type":"LineString","coordinates":[[100.47725721314498,13.760759420581675],[100.47770601609615,13.760734236120403]]}},{"type":"Feature","properties":{"NAME":"SOUTHERN RAILWAY"},"geometry":{"type":"LineString","coordinates":[[100.4752610778682,13.791335427137163],[100.47736889450867,13.792122505953916],[100.47854377768992,13.792544070943508],[100.48123207666666,13.793469486784465]]}},{"type":"Feature","properties":{"NAME":"SOUTHERN RAILWAY"},"geometry":{"type":"LineString","coordinates":[[100.5433755503019,13.820587799753199],[100.54393501286236,13.82037138895189]]}},{"type":"Feature","properties":{"NAME":"SOUTHERN RAILWAY"},"geometry":{"type":"LineString","coordinates":[[100.54072525528767,13.821242926426091],[100.54131625528656,13.821226589639966],[100.5418628409802,13.821165767462109],[100.54229539908332,13.821069765245452],[100.54271691134119,13.820941860977312],[100.54291665445098,13.82085250535547],[100.5433755503019,13.820587799753199]]}},{"type":"Feature","properties":{"NAME":"SOUTHERN RAILWAY"},"geometry":{"type":"LineString","coordinates":[[100.5433755503019,13.820587799753199],[100.54380685580172,13.820313474802731],[100.54403086385456,13.820108967163723],[100.54418997722468,13.81993424604064],[100.54431170354118,13.819786659881892],[100.54454480903365,13.819445066651305],[100.54478763155035,13.81905446482152],[100.54485192172147,13.818924381946884],[100.54495559664096,13.818656634495477],[100.54501249433696,13.818376444371603],[100.54502845054424,13.818184815932357],[100.54502201312873,13.81785766996351],[100.54500168179561,13.817704682943322],[100.54495954823672,13.817497315031437],[100.54485630150369,13.81717474028394]]}},{"type":"Feature","properties":{"NAME":"SOUTHERN RAILWAY"},"geometry":{"type":"LineString","coordinates":[[100.46616746169457,7.012644631825896],[100.46682280253619,7.007842372598484],[100.46684893836988,7.0075161682150755],[100.46687699589383,7.006358012924],[100.46691942764318,7.005635000383118],[100.46733995944292,7.0026336373776745],[100.46759250548807,7.001627925142145],[100.46764540822387,7.001360995071927],[100.46772843350033,7.000768386310572]]}},{"type":"Feature","properties":{"NAME":"SOUTHERN RAILWAY"},"geometry":{"type":"LineString","coordinates":[[100.46666197085514,7.003077163520411],[100.4666651207341,7.002821704194492],[100.4666937448249,7.002567795883424],[100.46679463355758,7.002085955927088],[100.46694286955551,7.001006524465001],[100.46701662932608,7.0007169162582175]]}},{"type":"Feature","properties":{"NAME":"SOUTHERN RAILWAY"},"geometry":{"type":"LineString","coordinates":[[100.46666197085514,7.003077163520411],[100.46684714702265,7.002056400364741],[100.46699142046042,7.000990020469278]]}},{"type":"Feature","properties":{"NAME":"SOUTHERN RAILWAY"},"geometry":{"type":"LineString","coordinates":[[100.467840512387,6.998802303059634],[100.46805976748192,6.998004676347588]]}},{"type":"Feature","properties":{"NAME":"NORTHERN RAILWAY"},"geometry":{"type":"LineString","coordinates":[[100.72454832532365,14.45312237768926],[100.72088808966376,14.450768847011075],[100.71485293166815,14.447097073051834]]}},{"type":"Feature","properties":{"NAME":"NORTHERN RAILWAY"},"geometry":{"type":"LineString","coordinates":[[100.41933711501879,15.163388649919332],[100.41931971540532,15.16357600761523],[100.41925028816829,15.16393384067688],[100.41889972508166,15.166167205631721],[100.41879753830533,15.166500255524953],[100.41866019355683,15.166782842197536],[100.41852807769195,15.166980873327164],[100.41760052276888,15.16794451637234],[100.41754862734453,15.168005171460615],[100.4174985459222,15.168120718850897]]}},{"type":"Feature","properties":{"NAME":"NORTH EASTERN RAILWAY"},"geometry":{"type":"LineString","coordinates":[[102.43039723921,15.589593644721086],[102.43193613906739,15.591415912201706],[102.4336712591974,15.593509644701873],[102.43634493750221,15.596692093281376],[102.43911668583668,15.599987574869612],[102.43968205051294,15.600641486666953],[102.4403235430946,15.601426752581741],[102.44160916681798,15.60293273424252],[102.444490897704,15.606384027035228],[102.44736819043818,15.609785178038903],[102.47286696153277,15.640119893236156],[102.47924227460926,15.64767825932769],[102.48557738841474,15.655219794420711],[102.48612046419753,15.655849277894834],[102.48708685925166,15.657022264345411],[102.49368761695268,15.664841975074783],[102.49433999572976,15.665634001425785],[102.4971655730433,15.66897815648198],[102.50142902482501,15.6740684008107],[102.50195191183185,15.674663765521798],[102.5050637701373,15.678358548097288],[102.5062477035542,15.679783925102697],[102.50638023395818,15.67992317605119],[102.50867100568077,15.682645220450782],[102.50905389779611,15.683124334544052],[102.50947766011735,15.683686881068088],[102.50977296782807,15.684117728371177],[102.51038490965995,15.68507463134347],[102.51074295463191,15.685714630245998],[102.51122092446244,15.68667750808528],[102.51468962856346,15.694829306087458],[102.51509962716227,15.695735937934217],[102.51550382577852,15.696535668707526],[102.5157436982957,15.696952126719589],[102.516331882187,15.697897902110538],[102.5166676922864,15.698389231246962],[102.51705543900609,15.698917930936007],[102.52173927286434,15.704757345702674],[102.52221813563781,15.705307483198377],[102.5226199145869,15.70573277589244],[102.5236023000549,15.706660696096733],[102.52393059802603,15.706941970136233],[102.52468249877437,15.707541186350664],[102.52578044052937,15.708306756691831],[102.52713998586513,15.709144509105355],[102.52832056411779,15.70989726604357],[102.53797094122453,15.715938561046759],[102.53861384011223,15.716390457190037],[102.53943726673744,15.71701519469379],[102.53993359987398,15.71743127519972],[102.54067928822937,15.718122223571894],[102.54106074093944,15.718509572742862],[102.54184494592533,15.719375663351078],[102.54269597425102,15.720454625381942],[102.54328257197052,15.72129715275284],[102.54532185496888,15.724473574325723],[102.56504723763918,15.754957482941581],[102.56795743741411,15.759499549696214],[102.56936082791616,15.761630529014033],[102.57211305670532,15.765869438348046],[102.57491656303968,15.77021252983487],[102.57523164400686,15.770742264555482],[102.57565971437894,15.771528032233386],[102.57793689513468,15.77622359113013],[102.57872633108646,15.777925167992365],[102.57990853285213,15.780365327432113],[102.58093305961944,15.7825310706297],[102.5828680701209,15.786544413516795],[102.58733893629535,15.7959031240124],[102.59389872172207,15.809554035018474],[102.59489782397581,15.811657985302869],[102.59527560152523,15.812377659012819],[102.59555544678459,15.81286016147701],[102.59591062360589,15.813417845180503],[102.59770642636673,15.815938385370085],[102.5988838237637,15.817518767792182],[102.60283198507614,15.822902476881012],[102.61588489391802,15.840618295959596],[102.63147434385947,15.861805229262899],[102.63276601764883,15.863577641106934],[102.63403025194133,15.865279747015824],[102.63564743663767,15.867498820339945],[102.64278762111809,15.877188077181195],[102.64831840236016,15.884723118548802],[102.65148267856024,15.888994453730756],[102.65537187447549,15.894308932503796],[102.65747959761693,15.897150315473038],[102.67131161871086,15.915933017253318],[102.67352133647094,15.918958718223402],[102.67396771222067,15.919668213647759],[102.67456523508984,15.920744892707546],[102.67481856770762,15.921305201655938],[102.67967417881555,15.932771031587562],[102.68517551678062,15.945825344507755],[102.68563911977927,15.94698913799753],[102.68703539026808,15.95025063854339],[102.69368310877138,15.966010850359824],[102.69453386428312,15.967991884356213],[102.69812621955352,15.976566245536501],[102.70406708414087,15.990607324388476],[102.70697402971663,15.997562465043309],[102.70725469262786,15.998364871217364],[102.71842086315783,16.036156046307042],[102.72529863097198,16.059558699698144],[102.72612398891219,16.062213550337095],[102.72774220941379,16.06765997489264],[102.74314036337309,16.119629529149332],[102.74409386213338,16.122917171392892],[102.74500324496569,16.125944850336456],[102.74768595576887,16.13499214477158],[102.74780811654693,16.135457338302366],[102.75460130212561,16.158335442837856],[102.75586442540295,16.16268712853274],[102.7592839139785,16.174191920074794],[102.76339742069746,16.18812907956698],[102.7645523790844,16.191962065320105],[102.7695539831073,16.20888669223027],[102.76995938564316,16.21019260914649],[102.77016623775077,16.210933838764948],[102.77739718065204,16.23531029336331],[102.77806901963494,16.237618942377132],[102.7806626957351,16.246339466612753],[102.78449521270642,16.25933041318848],[102.7871987469391,16.26832569408855],[102.78791409333525,16.270824493073366],[102.78919912631447,16.275184814777198],[102.79213200165421,16.28502100496545],[102.79357071765139,16.289903735871665],[102.79420937310614,16.292002752166667],[102.79497739975439,16.294658101967382],[102.79625048000783,16.29888961592896],[102.80091072296902,16.31465342510403],[102.80212122883205,16.318699756728517],[102.80235570200782,16.319574107506313],[102.8025610799,16.320477606877805],[102.8026668070292,16.321086877613443],[102.80285938540635,16.322606571296788],[102.80573044615733,16.347780061383435],[102.80671780903741,16.356103787966248],[102.80675886040268,16.35669034305071],[102.80744813650068,16.362771701621945],[102.80756933940914,16.36366476679742],[102.8077131013763,16.364381959794997],[102.80791155981616,16.36524141632816],[102.80925263460072,16.369926259601044],[102.80967303301466,16.371326003452534],[102.8106455506333,16.37479277362705],[102.82042288971068,16.408957483359625],[102.8219032849924,16.41408363684849],[102.82231442584468,16.41556584735843],[102.8256233115636,16.427090112400712],[102.82879545182266,16.43823716418267],[102.8325150491685,16.45115738457569],[102.83265277361694,16.45155594998724],[102.83301647759808,16.45250182596696],[102.83357445944921,16.453701979930866],[102.83400974657535,16.454514047684647],[102.8343515168021,16.45509865115009],[102.83494368853806,16.455961559196776],[102.83548111410133,16.456682238151384],[102.83575882997084,16.457028081601376],[102.83625634339651,16.45760624037933],[102.83666600319036,16.4580570808214],[102.83736239512848,16.458746195435086],[102.83794032488365,16.459261985300383],[102.83853619229494,16.459745234888054],[102.83986628143964,16.460766474288807],[102.84741682131789,16.466482520395825],[102.84792298958313,16.46693157260315],[102.84842286345965,16.467438023749516],[102.84895644631315,16.468147967245997],[102.8492629216859,16.468632917277993],[102.84957208901525,16.469253893191425],[102.84966942061462,16.469484858608716],[102.84991779602339,16.470221539163195],[102.85005076707651,16.47075264311792],[102.85014182990106,16.471417029670324],[102.85018440582388,16.472067968957127],[102.85016618298847,16.47264840491978],[102.85013810595365,16.472917490260592],[102.84650446385577,16.49560871030466],[102.84426610390202,16.509479495508238],[102.84400372388131,16.51103846332413],[102.8437712827364,16.512555875759194],[102.84153885775196,16.526411487806275],[102.84113029871409,16.529025942921727],[102.84029513574127,16.534092834328984],[102.83966914793474,16.538147431633117],[102.83884950146283,16.543150771807873],[102.8369140070827,16.555264591200796],[102.83557404409048,16.563541707011556],[102.83546946402595,16.56425983718858],[102.83539289035531,16.56464320639292],[102.83485896774259,16.567928439140587],[102.83464923534571,16.569336031786015],[102.83394119074396,16.573579389794048],[102.83377546295176,16.574709266591487],[102.83361583291229,16.57564803312834],[102.83307586688962,16.579129129156005],[102.8320119600286,16.58565177053],[102.8308892291165,16.59270549446946],[102.82936232638401,16.60212087108369],[102.82868127872464,16.606472314220998],[102.8284565438445,16.607775101150484],[102.82806770198096,16.61027890342219],[102.82732386866499,16.614888218476683],[102.82714362863922,16.615802608850696],[102.82702324119077,16.6163132027771],[102.82666191799233,16.617573219314615],[102.8262487019754,16.618849290233843],[102.82350452361318,16.62764127297702],[102.82054434593223,16.637050822417688],[102.81851627144171,16.643572681557913],[102.81742141779917,16.647030610878126],[102.81734759491995,16.647354265036995],[102.81730815434928,16.64761282993253],[102.81726884848325,16.64810343464698],[102.81726360102212,16.648288304026536],[102.817359487062,16.649077219239896],[102.81746561383191,16.649483502776672],[102.8177048702035,16.65008500330703],[102.81784393246065,16.65035315827999],[102.8182662445222,16.65096846839999],[102.81849432787435,16.65123069463177],[102.81875343777939,16.651483736884863],[102.81903885326808,16.65171482074436],[102.8192650818749,16.65188254092865],[102.8198237655017,16.652181630952967],[102.82023311600851,16.652367463929398],[102.82090569620777,16.652565623724968],[102.8266852543689,16.653580468182675],[102.8273783322627,16.653687976287703],[102.83031357231167,16.65423960670224],[102.83070374389725,16.654356992265516],[102.83104941022779,16.654479524150272],[102.83140428282093,16.654614764253097],[102.83174155232408,16.654763209511337],[102.83250267349112,16.655153070338514],[102.83308471143445,16.655503242860185],[102.83370906541208,16.65596437133839],[102.83397187418738,16.65617866256048],[102.8344986247287,16.656663066761606],[102.83488588494156,16.65708131243342],[102.8351004494192,16.65733517158551],[102.83545737242754,16.657796940677454],[102.83571008362618,16.6581747135215],[102.83597230560373,16.658582373651775],[102.83621335650638,16.659046287571183],[102.8464968350777,16.679734982743863],[102.85012433179027,16.686998262373326],[102.85027357128997,16.687326339573058],[102.85120693297526,16.689182478637395],[102.8530379171812,16.692886770347222],[102.85387335641602,16.694525558966188],[102.85577424713183,16.698374610388356],[102.85585851451191,16.698575005288347],[102.85637327811274,16.699562301631993],[102.86315347102241,16.713216089540293],[102.86418865225941,16.71524207955236],[102.8732130525312,16.733371488432073],[102.87553384807914,16.738054517159927],[102.87575151728169,16.73852667530999],[102.87588505571101,16.738882248229494],[102.87603107568263,16.739302037015264],[102.87612311268103,16.73962614561368],[102.8763033016464,16.740449921535358],[102.8763598757844,16.740857071370662],[102.8763996159762,16.741167842710947],[102.87643129541591,16.741997994702203],[102.87640400606149,16.742485493638878],[102.8763425375492,16.743120441843708],[102.87622891674187,16.74374921983238],[102.87602518944952,16.744515745253114],[102.87544595815781,16.746009085680736],[102.8739607810826,16.749564081286138],[102.8733661610515,16.751032654559275],[102.8728263256163,16.752271015114193],[102.8703880808409,16.7581356370802],[102.8696226181424,16.759979807055817],[102.8689716822831,16.761606980755133],[102.86868150528224,16.76251120420217],[102.86853232225609,16.763036806504623],[102.86828604257501,16.764090616240374],[102.86814366963962,16.764952686826106],[102.86806326177408,16.76557008823559],[102.86799462124816,16.766402132565794],[102.8679563748573,16.7670831938839],[102.86795710190843,16.767670430722497],[102.86798775602873,16.768633096100547],[102.86842638562305,16.77450810645418],[102.86853849836879,16.77545491869787],[102.86867859134236,16.776315244736914],[102.86885920208549,16.777156921407],[102.86910333623808,16.77801530793886],[102.87361608134984,16.79176293212039],[102.87395212983849,16.792934676684872],[102.87423215900392,16.794275772531957],[102.87430134591429,16.79475428369413],[102.87441359307329,16.795704647073524],[102.87447169978753,16.796734821673095],[102.87447252691845,16.79787348683211],[102.8744237637591,16.79858340301378],[102.87435494508878,16.799222076605602],[102.87358668566237,16.805137679571626],[102.872732554683,16.811950105588753],[102.87233912722999,16.814908095924533],[102.87183752072733,16.818945925951503],[102.87110298430626,16.8246926098535],[102.87078943882501,16.82700813583166],[102.87063026027514,16.828321703537366],[102.87057499760702,16.829260907721277],[102.87057744937981,16.8299304643133],[102.87061322913077,16.83095747583646],[102.8707083733325,16.831979782487092],[102.87081250354984,16.83271187190348],[102.87096596864554,16.833493178479014],[102.87112126111819,16.834181321690366],[102.87141291565375,16.835174861837057],[102.87568318508514,16.847669849040205],[102.87635069752533,16.849587251482927],[102.87738888347224,16.85264408916372],[102.87749512014013,16.852990606967285],[102.877894864587,16.854114565610555],[102.8781222879801,16.85481208338039],[102.88053035579648,16.861775198602526],[102.88079321131171,16.862748944880952],[102.88101272189317,16.863785597841517],[102.88115020411739,16.864690099437553],[102.88213491682451,16.872835518696583],[102.88234090141138,16.87442144934334],[102.88249294816698,16.875793561492166],[102.88256159630686,16.876241045356547],[102.88365526051892,16.885247710306324],[102.88371219763494,16.88612078729699],[102.88372220490619,16.88660936760043],[102.8836021948803,16.887899389076576],[102.883433885963,16.888739141535865],[102.88321456450116,16.889341870186264],[102.8829485933457,16.889967435763513],[102.88261885354947,16.89067028519237],[102.88222994313676,16.89129354711057],[102.88203116885762,16.891576628157473],[102.8816614159015,16.892045551484323],[102.88099549743171,16.892763594914168],[102.88027204379956,16.893396806758552],[102.87890656098682,16.89464373980925],[102.87828886367625,16.89517466306832],[102.87543278616019,16.89773893069757],[102.87449849655003,16.89861243924446],[102.8740184825209,16.899147894700572],[102.87355969119737,16.899811885964997],[102.87332622126611,16.90021735151959],[102.87310864416544,16.900672647728047],[102.872857176559,16.901289711130442],[102.87272102235508,16.90172557765176],[102.87261251242676,16.902239672175202],[102.8725317219836,16.90283561577918],[102.87250231613767,16.903580958961438],[102.87250795124821,16.903856577680198],[102.87255260955061,16.904403598729925],[102.87263692924732,16.90488898425646],[102.87275113584023,16.905380953489075],[102.8728471790392,16.90571213990974],[102.87301270845282,16.906167345247198],[102.87338423654927,16.907055496635177],[102.8742033509817,16.909095326117423],[102.87732474428223,16.916935228893884],[102.87880983744088,16.92060949554943],[102.88065737778653,16.925265145730297],[102.8839977283298,16.933591236727477],[102.88451594545857,16.934913400926174],[102.88593084834555,16.938413452231128],[102.89212869849072,16.95394646516198],[102.89464265589153,16.96020759685829],[102.89522977088315,16.961614325828673],[102.89545959698135,16.962293833648786],[102.89746349204815,16.967264855485084],[102.90068468718476,16.97531693828406],[102.90124648219013,16.97675275714106],[102.90212041630825,16.978887974334864],[102.90295046826849,16.980999414851656],[102.90394885074421,16.98345046199054],[102.9075757591697,16.992550819045185],[102.90942773701921,16.997155711081867],[102.90975565195205,16.997894179390833],[102.91358321770021,17.00605234460387],[102.91365657613683,17.00617984611436],[102.91503128652215,17.00911452614983],[102.91589667651112,17.01099914810051],[102.91804909288327,17.015533628763563],[102.92155500648295,17.02303889565784],[102.92231763532071,17.02462825033668],[102.92372896835157,17.02769817335699],[102.92407490090167,17.028579462312162],[102.92421347147247,17.028977821686425],[102.92430576357211,17.02929827308941],[102.9260596673982,17.035576878321407],[102.9265166466149,17.037139888576963],[102.9274943616842,17.04064423222947],[102.93114302316603,17.05349210609035],[102.93549041898773,17.068914967272576],[102.93686882817984,17.073750514930914],[102.93738096946136,17.07562390339052],[102.93866632442462,17.080099587888572],[102.93959690416135,17.083457884770585],[102.94598875507661,17.10604787835766],[102.94626840696318,17.107302742940696],[102.94645875877612,17.108559349231825],[102.94655565838701,17.1094454091797],[102.94914965241998,17.130884615120802],[102.94946340782552,17.133570958924885],[102.95117565450481,17.147608582478753],[102.95304078844386,17.163211368080475],[102.9536523467349,17.16816184840381],[102.95377732004359,17.169312285081475],[102.95401407050907,17.171165890253018],[102.95496417710542,17.17907428387004],[102.95508448134667,17.180529145479078],[102.95501825352235,17.18232066231832],[102.95495001785712,17.18296648267446],[102.95474641826526,17.18425225498725],[102.95459718933564,17.184942623403273],[102.95442160239836,17.18561918956111],[102.95423028809991,17.186256692905626],[102.95389991740856,17.187186925421184],[102.95367037635458,17.18777861930984],[102.95301765517249,17.189141256903213],[102.95270916820864,17.18969869394748],[102.95220833514334,17.190496214097045],[102.95173882118905,17.191189284941924],[102.95126451183718,17.191832341133576],[102.94989111135727,17.193638760237423],[102.94542823373838,17.199594622114276],[102.93933378577813,17.20767695112038],[102.92465132488655,17.227209180987867],[102.92348367204221,17.228725050741236],[102.92080962385353,17.232304053567887],[102.91132433012473,17.24489198645862],[102.90854727226811,17.248613744353342],[102.90704357892093,17.250581289149572],[102.90462236576458,17.25380795475848],[102.9025629198937,17.256521524625917],[102.90215242890973,17.257083297312132],[102.90088574959496,17.258750227615664],[102.90070243391561,17.259011581549963],[102.89671435582535,17.264292878319043],[102.89454401426053,17.267200962833417],[102.89388660847075,17.268051586968106],[102.88697329514936,17.277234660739353],[102.88635071755489,17.278041637604602],[102.88183903100929,17.284054322369936],[102.88042006806596,17.285916522593947],[102.86852704142551,17.301713905482025],[102.86772583314365,17.302756325389257],[102.85680569046825,17.31725410740064],[102.8560487062708,17.31827846702469],[102.85380649972778,17.321230657153265],[102.85280589086055,17.32258627899351],[102.85126876863828,17.3246010404937],[102.85097328994507,17.32501922836726],[102.84885775471349,17.327831475754387],[102.84362435448915,17.33474277573546],[102.82494619665961,17.359559586410988],[102.82270735888603,17.362502957627893],[102.81878392071366,17.367721581245437],[102.81829971860606,17.368323851669633],[102.81791238676492,17.368851186843496],[102.81690154320059,17.370168238508892],[102.81652307919849,17.370691115138932],[102.81511601601447,17.372539971085544],[102.81419799440845,17.373803667445575],[102.81370524466061,17.37442756746568],[102.8091360055718,17.3804662930735],[102.80764264067801,17.382475758710488],[102.80717195372947,17.383086331018852],[102.80672013230237,17.383743809925974],[102.80638758809133,17.384325967384402],[102.80613844999506,17.38482918094173],[102.80596812993771,17.385249251615576],[102.80571948717751,17.38599310152574],[102.80553390604489,17.386757220185153],[102.805416155943,17.387554432644254],[102.80537205077907,17.388883068459915],[102.80540098913114,17.3900642186179],[102.80545182320515,17.39424859929211],[102.80545312366094,17.39625530593088],[102.80554712248066,17.40446523723828],[102.80556877794129,17.408748994694076],[102.80562020054641,17.410797722286752],[102.80562325481073,17.41245633224922],[102.8056712146523,17.41541609763494],[102.8056744180769,17.417513013804157],[102.8057218189989,17.419798157363118],[102.80572699484934,17.421989553432965],[102.80576786801048,17.424390846559177],[102.805760609704,17.425551194829804],[102.80573872553128,17.426221938759657],[102.80565505714371,17.427151714172826],[102.80559319399134,17.4276212711889],[102.80534402373378,17.428988216609323],[102.80513670082773,17.42978283941346],[102.80496079757323,17.430366317441976],[102.80126532433788,17.441042154590424],[102.80043565575735,17.4433440708439],[102.80018345676429,17.44413524652604],[102.79949081314675,17.44613805466501],[102.79844255675017,17.449127375966533],[102.79650011915327,17.454767907835755],[102.79456442400021,17.460305163425087],[102.7912691319761,17.46980886802492],[102.79089267448204,17.47108800050503],[102.79071292632437,17.471920775395404],[102.79063661914142,17.472343343882965],[102.79051927095846,17.473162047496142],[102.79045643542943,17.473803515678362],[102.7904109720736,17.474633726996274],[102.79002661271392,17.485465508872036],[102.79002479031185,17.485809321673443],[102.78990246054056,17.488978632276005],[102.78981749447009,17.491790571089442],[102.78975865554924,17.493055047878737],[102.78974336219301,17.49382882194261],[102.7895205371166,17.499922090520798],[102.78945498607358,17.502157862581566],[102.78914185941474,17.51058619985677],[102.78907489331246,17.51296807272603],[102.78883976610473,17.51950776372835],[102.78879531702098,17.52042175745363],[102.78873833975561,17.521092478097476],[102.78860873478779,17.52204032757763],[102.78654330496195,17.534724117072408],[102.78516823286529,17.54327305299083],[102.78433965522102,17.548305809249772],[102.77577418568522,17.60120635815369],[102.77306133016715,17.617802325943956],[102.77050525047315,17.633686288781988],[102.77006335965758,17.63631960243262],[102.76905873423188,17.64259837928786],[102.76871608954166,17.644617440631063],[102.76811411630922,17.648353169271147],[102.76800381617254,17.649153847421317],[102.76792425486119,17.649996900645018],[102.76789557473143,17.650591898147166],[102.76777655077262,17.655278085147817],[102.76769718950922,17.657027119861894],[102.76762057815976,17.65998288641406],[102.7674934064335,17.663738186710972],[102.76724624822567,17.671950517219862],[102.76714667362712,17.674699038739277],[102.76712381037184,17.67611037878791],[102.76694059332846,17.68239317197956],[102.7668052744332,17.68623154337176],[102.7662227139148,17.70580913813785],[102.76608567720673,17.70962193092013],[102.76607650055591,17.710434994261085],[102.76598717881441,17.71349126948124],[102.7657823299798,17.719779798310675],[102.7652638945099,17.737157447915664],[102.76522979420947,17.73784923120045],[102.76484671168275,17.750791048859327],[102.76468608654172,17.755614109322124],[102.76448911471755,17.76226773936859],[102.76445129897697,17.76420935740667],[102.76436469968735,17.76614115849649],[102.76426446332181,17.76920481318357],[102.76426739990866,17.769523461102107],[102.764214922263,17.770942539234042],[102.76416802000566,17.772984578801452],[102.76401817506597,17.77778237494717],[102.76392890748784,17.781368640019814],[102.76386203895473,17.78299209353711],[102.76376060866689,17.78653204446169],[102.76363446726153,17.78800267283722],[102.76347762782598,17.78890091890771],[102.76333795647335,17.789548187983076],[102.7629314299893,17.791017045405383],[102.7619995138222,17.793762189665014],[102.75989065264393,17.800203497407555],[102.75886077218276,17.80329009475588],[102.75820814377047,17.80509832392405],[102.75776993417799,17.806466323759672],[102.7562826637215,17.811977584888215],[102.75606449793344,17.812714657397336],[102.755606620425,17.814425709786526],[102.75459261958447,17.818092834324496],[102.7517869119231,17.828470177475307],[102.75144388346776,17.82980425113076],[102.75115521502957,17.830825076195104],[102.75060612858054,17.83287828761387],[102.74992540042524,17.835309394890945],[102.74828533597673,17.841403662048272],[102.74774008598698,17.84331240556626],[102.74595928786331,17.850080227041055],[102.7458969986613,17.850297426604175],[102.74572219169532,17.85077869199563],[102.7454585150211,17.851386511154733],[102.74509690643472,17.852073362525505],[102.74452223073244,17.852951962951302],[102.74425318870571,17.853296612327156],[102.74396008569545,17.853633075231325],[102.74329736835949,17.854270180659306],[102.73478329854115,17.86129967514585],[102.73348817743835,17.862383254847007],[102.72429911602612,17.869948601436125]]}},{"type":"Feature","properties":{"NAME":"EASTERN RAILWAY"},"geometry":{"type":"LineString","coordinates":[[100.5480656008063,13.75367610888917],[100.55232423734819,13.75271911802815]]}},{"type":"Feature","properties":{"NAME":"SOUTHERN RAILWAY"},"geometry":{"type":"LineString","coordinates":[[99.17451224851928,10.502642693264983],[99.17574775724437,10.50355215890981]]}},{"type":"Feature","properties":{"NAME":"NORTHERN RAILWAY"},"geometry":{"type":"LineString","coordinates":[[100.72622823982589,14.611203722844088],[100.72607863621548,14.607610713126467],[100.72608331572451,14.606792865002408],[100.72617595721097,14.60592055856473],[100.72630359419254,14.60528471373255],[100.7264900020193,14.604626925440899],[100.72660900160332,14.60429964431525],[100.72679705975814,14.603853465034339],[100.72704346912288,14.60333153701397],[100.7272141446218,14.603018200077631],[100.72748691240798,14.602571412266496],[100.72778550792646,14.602131594620694],[100.72836208638272,14.60143863500418],[100.72880779160128,14.600969018522568],[100.72932001392543,14.6005276173535],[100.72962751950712,14.600285027014117],[100.72997188712321,14.600045735733213],[100.73031265095757,14.599817224958098],[100.73059128377962,14.59965016332242],[100.73390648348038,14.597792636895349],[100.73744146860265,14.595786355535571],[100.73887538575364,14.594990148285964],[100.7396416694853,14.594543244174101],[100.74182725492356,14.593318159191044],[100.74626412158669,14.590799291756632],[100.74868436839336,14.589450435168716],[100.74969626633515,14.588861767312098],[100.75086607484481,14.588214532189134],[100.75684640685887,14.584826642516422],[100.7598384767054,14.583150559128695],[100.7604321393105,14.582773046725885],[100.76080209844602,14.582519178175772],[100.76117554471904,14.582240164975625],[100.76182287916505,14.581664971402995],[100.76242203468156,14.58105426882086],[100.76285576509717,14.580484275953673],[100.76300123106368,14.58025003299117],[100.76320526717267,14.579972296413208],[100.76356610776776,14.579380788714733],[100.76370435835508,14.57906390049684],[100.7640706845685,14.578111344426157],[100.76421457767997,14.577679840453694],[100.7643282818402,14.577158885996974],[100.76443352628874,14.576501674781536],[100.76449524341997,14.575927324415195],[100.76455321547051,14.575546185104066],[100.76457210545034,14.57478682462286],[100.76456311616118,14.574440692654182],[100.76450863908195,14.573864091536757],[100.76410604751486,14.570981847960555]]}},{"type":"Feature","properties":{"NAME":"NORTHERN RAILWAY"},"geometry":{"type":"LineString","coordinates":[[100.72617970760587,14.612111297576012],[100.72620857048952,14.611985810086031],[100.72622823982589,14.611203722844088]]}},{"type":"Feature","properties":{"NAME":"NORTHERN RAILWAY"},"geometry":{"type":"LineString","coordinates":[[100.72697547547763,14.50988070670939],[100.72664555138809,14.516915697711518],[100.72653131077354,14.518795616747548],[100.72647129060255,14.520549641265166],[100.72600790612667,14.52999353209977],[100.72594617579419,14.53152682003036],[100.72567101449826,14.536873400640612],[100.72517992341835,14.547264949338205],[100.7250805293812,14.549035161303474],[100.7249821955766,14.551201178044947],[100.72481732698571,14.554154257153458],[100.7244773124233,14.561581864365932],[100.72432947213954,14.56435131155495],[100.72430618086507,14.56513474166781],[100.72430550613022,14.56551495589111],[100.72437604642856,14.567022740522395],[100.72448516782524,14.56893876896719],[100.72501630324372,14.582567550106228],[100.72516984806842,14.585730208923726],[100.7254642654739,14.593264375299706],[100.72593784724164,14.604398233040907],[100.72601665040627,14.606468403108513],[100.72603623944043,14.607373344658637],[100.72622823982589,14.611203722844088]]}},{"type":"Feature","properties":{"NAME":"SOUTHERN RAILWAY"},"geometry":{"type":"LineString","coordinates":[[99.90655899267617,13.817353946885607],[99.89154900653458,13.815726068565692],[99.8793425756398,13.814454470192148],[99.87910007931023,13.814412288074],[99.87870316147075,13.814314665451006],[99.87823541891042,13.814131193576957],[99.87803235321338,13.814028579977021],[99.87782920799566,13.813904432180495],[99.87740060803989,13.813583020104964],[99.8771220333766,13.81331704714888],[99.87693613846805,13.813093811473353],[99.87664814062782,13.812668555818865],[99.8765061893098,13.812410704170631],[99.8672442462053,13.794440671489026],[99.8636677953007,13.787533682547217],[99.85766435204476,13.77585986055696],[99.85753555873528,13.77557180360237],[99.85725541784397,13.7748623198685],[99.85707237142603,13.774195530459934],[99.85696491849757,13.773722251831751],[99.85608537370895,13.769303143278833],[99.85599157341616,13.76888414442116],[99.85592993257198,13.768702582179682],[99.85588350636708,13.76850607968891],[99.85556060658452,13.766901079013957],[99.8551848254219,13.765151072712568],[99.85489212726492,13.763403887196413],[99.85256313558386,13.75188142712309],[99.85233616336406,13.750833471377508],[99.84994004465847,13.738938250470486],[99.84982804031421,13.738280316448183],[99.84976305746117,13.737629866631277],[99.84974586229801,13.737205063272448],[99.84974843951828,13.736837611325967],[99.84977430327265,13.736408844253662],[99.8502073540737,13.730547462775318],[99.85032239539439,13.728790249337319],[99.8503602212639,13.728422675814567],[99.85246247976283,13.699077672197754],[99.8524951389857,13.698365632216817],[99.85247761509707,13.697848985386036],[99.85244928733695,13.697592646577126],[99.85238540474906,13.697244549565832],[99.85224662364179,13.696755114261917],[99.85206479744014,13.696265827944204],[99.85169022753587,13.69552074844419],[99.83925129222656,13.67170633016775],[99.83753290197514,13.66837070444783],[99.82789048098343,13.649908440055023],[99.82248489542353,13.639588217081727],[99.82204289886717,13.638529442213445],[99.82067977488178,13.63479061776552],[99.8200044193657,13.633016857491823],[99.81796192478143,13.62744684142219],[99.80926840170613,13.603954913203683],[99.80899166677644,13.603129048467883],[99.80894007316503,13.602914882311197],[99.80886009818182,13.602409888676153],[99.80882729283698,13.601969828719202],[99.80882590276629,13.601560293838668],[99.80886741813032,13.601108493532514],[99.80891332601253,13.600802147374662],[99.808990551218,13.600491867713437],[99.80915694635368,13.599943983850645],[99.809448253793,13.599303832553286],[99.82420377485417,13.573078749880109],[99.8245495118633,13.572358039485794],[99.8246308730209,13.572124290911734],[99.82478537414796,13.571545811479401],[99.82485449770257,13.571166652217718],[99.82490384972425,13.570730155784277],[99.82491017399975,13.570297616144337],[99.82458286034822,13.557085929937523],[99.82420764530164,13.541102653240086],[99.82410493690351,13.537424764485364],[99.82408154774753,13.53516429058228],[99.82405821134839,13.534431215744734],[99.82403573152307,13.534141529595193],[99.823883644029,13.52787299602206],[99.82389048364689,13.527016544052477],[99.82394206300665,13.526375260110603],[99.82668017981146,13.5050418244056],[99.82700906401628,13.502581512601862],[99.82840405050425,13.49167787761087],[99.83187386030329,13.46482330079165],[99.83215703698747,13.462738232348666],[99.83396085189882,13.44874192882037],[99.83538380019702,13.437868760377741],[99.83570855587084,13.435103211653656],[99.83747400411727,13.421546209775508],[99.83801346529317,13.41728144856723],[99.84295714161516,13.37921994579225],[99.84335311223576,13.376373134942481],[99.84371522048211,13.37335170791422],[99.84386392935538,13.372280569481168],[99.8478445924388,13.341486949496423],[99.85195973877848,13.309412706704265],[99.85416447717851,13.292385573837402],[99.85643967792018,13.274622546438628],[99.86346804358361,13.220055157640823],[99.86483041698726,13.209611866101818],[99.86639177321366,13.197459820843301],[99.86648508761671,13.196921244193225],[99.86671269741706,13.196034144073154],[99.86688676459094,13.195549105397461],[99.86707195134495,13.195092768764209],[99.86725369133633,13.194704605046502],[99.86754477565142,13.194165339461833],[99.867912679282,13.1936043159366],[99.86810585963094,13.19334169779436],[99.8685763227466,13.192780306900849],[99.8768073923136,13.184071933343553],[99.87720130125076,13.18362202403084],[99.8792005632896,13.18149802268048],[99.90015835979779,13.159331585777622],[99.9056843576156,13.153459506999692],[99.90779263171241,13.151238023743442],[99.908212146447,13.1508131092961],[99.91498879373103,13.143619488560267],[99.91609015047179,13.142431395032707],[99.92030260664646,13.137984702496519],[99.9370995474685,13.120165221418688],[99.93856915262297,13.118627637686314],[99.93918200772536,13.11804050459302],[99.94230225466558,13.115413184311452],[99.94345920433513,13.114468801285607],[99.944021695347,13.114125842452761],[99.94512905637946,13.11361582201179],[99.94544689551084,13.113442429186764],[99.94732449010695,13.112348248258892],[99.94968777835636,13.110943678875154],[99.95021026395648,13.110676218698316],[99.9505977558388,13.110524079190828],[99.9510621994713,13.110393172124382],[99.95130729493259,13.110342030947642],[99.95154147758214,13.11031246491856],[99.95196595009166,13.11028102941078],[99.95241627603366,13.110286531688349],[99.95480379718026,13.110431997710702],[99.95546641760684,13.110429541627138],[99.95591645252927,13.110359693282911],[99.95624559335893,13.110268775854609],[99.95678666647889,13.110076579444174],[99.95706430348585,13.109921246193466],[99.95736010800644,13.109729959456855],[99.95757545584644,13.109564098618085],[99.95777243284223,13.109376770850059],[99.95811943259535,13.10898543884316],[99.95827381865668,13.10876667989236],[99.95850359272953,13.108355322395875],[99.95862834092904,13.108044828146063],[99.95876422665185,13.10759074868676],[99.95882365540142,13.107248093516946],[99.95884689568884,13.106951364536329],[99.95884571009029,13.106645172265054],[99.95881010970375,13.10627211320935],[99.95870332581418,13.10539617479885],[99.95857305677438,13.104529008831225],[99.95610158256015,13.086469595013975],[99.95604884790923,13.085956665131834],[99.95602804042849,13.085493371543784],[99.95605028025415,13.08468159575101],[99.9570136352789,13.072879006285072],[99.95730977770893,13.06905271411061],[99.9577553643426,13.063674026260855],[99.96003233013687,13.035414375622228],[99.9603457738203,13.031282996349718],[99.96260678598755,13.002642992973087],[99.9638711636335,12.987007316338433],[99.96651665433403,12.953815740626238],[99.96796211727997,12.93587560837514],[99.96998145511189,12.91026494720492],[99.97052265578117,12.90357776323143],[99.97095109875374,12.898006972325152],[99.97369083112322,12.863592131603669],[99.97487757367271,12.848887226210554],[99.97493235756754,12.848079632904644],[99.97493047788812,12.847592227975776],[99.97490072856144,12.84698828669548],[99.97484100855503,12.846516021473423],[99.97475999220651,12.846055816326722],[99.97142010909099,12.828661412841576],[99.96977849333165,12.820298437367521]]}},{"type":"Feature","properties":{"NAME":"BAN LAEM-MAE KLONG RAILWAY"},"geometry":{"type":"LineString","coordinates":[[99.99787490714385,13.40748827679933],[99.99973830396507,13.407513475169916],[100.00016766742567,13.407547603362016],[100.00042071413162,13.407588944859656],[100.00074050827277,13.407678880937116],[100.00096381137142,13.407769198399835],[100.0011405336818,13.407859701339262],[100.00156145862915,13.4081691267762],[100.00213085642488,13.408929796077071],[100.0039638853625,13.411953357218255],[100.00492317229408,13.413496262016357],[100.00527836649471,13.413989548334674],[100.00583206748594,13.414631061039898],[100.00633951624792,13.415129700186853],[100.00654728890868,13.415313644705318],[100.00678557700057,13.415512374315275],[100.00722221113445,13.41582057601841],[100.00842499604065,13.41661147148209],[100.0103967160839,13.417819490015535],[100.0117682296189,13.418602063059142],[100.01262147911623,13.419061971317827],[100.02433456862309,13.425113852701095],[100.03485168423438,13.430576729466507],[100.0369908810725,13.431679421301276],[100.03744985007727,13.431900392761403],[100.03798955688956,13.43219252033943],[100.04326763861533,13.434935230467183],[100.04780414559598,13.437267017132223],[100.04840822345463,13.43760966073958],[100.04879094205761,13.437857108393244],[100.05795742896593,13.444555968942888],[100.0629286832447,13.44822691010176],[100.06482773475622,13.449591378235153],[100.06668263698838,13.450977681560726],[100.07490905299292,13.457017704415453],[100.08606305148527,13.465164321720433],[100.10033012620909,13.475628289526936],[100.10070971920173,13.47590428830246],[100.10091326656381,13.476027007761278],[100.10213411141896,13.4766749805941],[100.10360339504854,13.477401325688504],[100.10553367271338,13.47831986222108],[100.11192648242393,13.481500904591448],[100.12197715112352,13.48646233301516],[100.12728846652143,13.489138012886322],[100.12849793622804,13.489700708189105],[100.12893487478833,13.489836461421662],[100.12932584052325,13.489924225174066],[100.12960406710258,13.489981500337556],[100.12994905799076,13.49002127446353],[100.130473438627,13.490046463698924],[100.13119104721969,13.490006254073368],[100.13148987781234,13.489962691817826],[100.13204865141995,13.489822434495231],[100.13259668934586,13.489644360712354],[100.1365701124638,13.487636220112167],[100.13736381451213,13.487329618650262],[100.13759220617987,13.487263168191221],[100.13788745625267,13.487199858072849],[100.13824609472049,13.487150018414482],[100.13873145009326,13.487109952368007],[100.13905159393708,13.487101611575664],[100.13932256893985,13.487114157146083],[100.13977314037749,13.487160307860707],[100.14049509640498,13.487305096292435],[100.14265894256089,13.488045872737523],[100.14567945157224,13.489140808069651],[100.14749800457615,13.489776374114472],[100.15013083892386,13.490724957536779],[100.15202815362876,13.491366922853368],[100.15691615423077,13.493105746857974],[100.15813126748012,13.493551193655488],[100.16186433548367,13.494873112447442],[100.16308707245548,13.495291317626164],[100.17003484829378,13.497777348814758],[100.17392183612141,13.49914847996153],[100.17468769536283,13.499435435354687],[100.17880036982238,13.500888914166167],[100.1798262429095,13.501301533980445],[100.18159095083267,13.502057996498277],[100.18658048312682,13.504135056899946],[100.2053188674214,13.512027274512919],[100.21260033853086,13.515071227232498],[100.2142181762786,13.515768035291615],[100.21791890705354,13.517326343369225],[100.22676376421283,13.521026823565943],[100.22787130926152,13.52136538396154],[100.23606458753613,13.52360188412372],[100.2582881128189,13.52972054890475],[100.26081847256398,13.530401522669445],[100.26206773652586,13.530755113721883],[100.2624762987117,13.530899096472552],[100.26349697577629,13.531373808757117],[100.26390067083587,13.531606480617775],[100.26430986844856,13.53187041356802],[100.2648771698114,13.532292643450514],[100.2652385932771,13.532593326596047],[100.26563228181189,13.532951224203478],[100.26652731040942,13.53395987261834],[100.2667605330703,13.534292233143079],[100.2669514989966,13.534591851673632],[100.26733399566324,13.53529404499421],[100.26752563893574,13.5357213355216],[100.26808845225187,13.537097916990609],[100.26838715946309,13.537870536693674],[100.26909001632366,13.539464653909027],[100.26992186394466,13.541568709896357],[100.27000016591052,13.542045971354408],[100.26999448514455,13.542227258156155],[100.27001014064601,13.542342395083393]]}},{"type":"Feature","properties":{"NAME":"NORTHERN RAILWAY"},"geometry":{"type":"LineString","coordinates":[[100.68205114490895,14.42655096165388],[100.68087428804127,14.425784156035549],[100.67955947689241,14.42495935213279],[100.67892205921433,14.424589257939234]]}},{"type":"Feature","properties":{"NAME":"NORTHERN RAILWAY"},"geometry":{"type":"LineString","coordinates":[[100.68280169780834,14.426956870269153],[100.68296002009289,14.427057621603161]]}},{"type":"Feature","properties":{"NAME":"NORTHERN RAILWAY"},"geometry":{"type":"LineString","coordinates":[[100.68431324751431,14.427976958678398],[100.68485158950284,14.42836133028967],[100.68692348532304,14.429673041097507],[100.68886335628883,14.430882964560716],[100.68919234125566,14.43105210570233]]}},{"type":"Feature","properties":{"NAME":"NORTHERN RAILWAY"},"geometry":{"type":"LineString","coordinates":[[100.68919234125566,14.43105210570233],[100.68808084197289,14.430362282693867],[100.68520790676095,14.42852639513459],[100.68431324751431,14.427976958678398]]}},{"type":"Feature","properties":{"NAME":"NORTHERN RAILWAY"},"geometry":{"type":"LineString","coordinates":[[100.68431324751431,14.427976958678398],[100.68387209189055,14.427706025781815]]}},{"type":"Feature","properties":{"NAME":"NORTHERN RAILWAY"},"geometry":{"type":"LineString","coordinates":[[100.71499915519077,14.447243847409181],[100.72086310044638,14.450806900876017],[100.72484185067458,14.453361042242651],[100.72553506525018,14.453791538828112]]}},{"type":"Feature","properties":{"NAME":"NORTHERN RAILWAY"},"geometry":{"type":"LineString","coordinates":[[100.72412939379174,14.45275759745028],[100.72454832532365,14.45312237768926]]}},{"type":"Feature","properties":{"NAME":"NORTHERN RAILWAY"},"geometry":{"type":"LineString","coordinates":[[100.72454832532365,14.45312237768926],[100.72553506525018,14.453791538828112]]}},{"type":"Feature","properties":{"NAME":"NORTHERN RAILWAY"},"geometry":{"type":"LineString","coordinates":[[100.6825988686232,14.426761682103644],[100.69517263720971,14.434689854773104],[100.69980622221378,14.437595907647703],[100.71485293166815,14.447097073051834]]}},{"type":"Feature","properties":{"NAME":"NORTHERN RAILWAY"},"geometry":{"type":"LineString","coordinates":[[100.7141329342234,14.446720784061908],[100.7111264550098,14.44485907579271]]}},{"type":"Feature","properties":{"NAME":"NORTHERN RAILWAY"},"geometry":{"type":"LineString","coordinates":[[100.7111264550098,14.44485907579271],[100.70723670393728,14.442387411884914],[100.70575618803824,14.441462206975658],[100.70475174508104,14.440858363763459],[100.69899251788024,14.437216115155486],[100.68919234125566,14.43105210570233]]}},{"type":"Feature","properties":{"NAME":"SOUTHERN RAILWAY"},"geometry":{"type":"LineString","coordinates":[[100.46617541485807,7.0066801014049345],[100.46653672029143,7.0039908778730355]]}},{"type":"Feature","properties":{"NAME":"SOUTHERN RAILWAY"},"geometry":{"type":"LineString","coordinates":[[100.46653672029143,7.0039908778730355],[100.46660172644823,7.003539671062313]]}},{"type":"Feature","properties":{"NAME":"SOUTHERN RAILWAY"},"geometry":{"type":"LineString","coordinates":[[99.68132861153067,8.168261495711699],[99.68161601762517,8.167937543086031],[99.68196900394328,8.167499396055112],[99.68217757525414,8.167280073915345],[99.68241142243052,8.167078658596447],[99.68255894416474,8.16697071179769],[99.68286127272196,8.166797892765091],[99.68308807799392,8.166696999980964],[99.68349135974819,8.166570689748378],[99.68372184985243,8.166527214405985],[99.68513037216644,8.166453052857285],[99.6858400699225,8.166437476044534],[99.7033116977278,8.165707519716317],[99.70433474911866,8.165655486221628],[99.70479578489207,8.165593666572446],[99.70520635172562,8.16551396589047],[99.70585811115713,8.165336946305544],[99.70622175933784,8.16520707161898],[99.71103832334958,8.163077151193129],[99.71174755913674,8.162806681120056],[99.71217245256086,8.16268388078242],[99.71261899264587,8.162586179255845],[99.71475835386703,8.162248573539364],[99.71523729513184,8.1621400306288],[99.73774499616722,8.155516252191479],[99.7383641944747,8.155281800617555],[99.73912005710835,8.15491069045264],[99.74187276796742,8.153164678716212],[99.74257814312851,8.152779299242091],[99.74295248692822,8.152606306410156],[99.74341329832626,8.152436749115363],[99.74391375858747,8.152285066990544],[99.74424863955373,8.152205486358673],[99.74471322304514,8.15212564827307],[99.74543354548466,8.152034596253696],[99.74790440164792,8.15178953488258],[99.74861028260638,8.151680536591348],[99.74894876812392,8.151600945546512],[99.7496220339202,8.151387920733555],[99.74989922387452,8.151276118149827],[99.75017996172213,8.151142784158342],[99.7507845691085,8.150807833045462],[99.75171280415407,8.150163565573429],[99.75730678091885,8.145989184342493],[99.75772769974796,8.145679702979692],[99.75816663988633,8.145384524357954],[99.75862726171846,8.145132391135634],[99.76019660211564,8.1444366531991],[99.76043054301995,8.144314163668808],[99.76071119842972,8.144141331282507],[99.76097743231222,8.143961356916984],[99.76126881011771,8.143738249813422],[99.76261747077871,8.142554728584674],[99.76293403355358,8.142320810823186],[99.76328663643395,8.142094012016111],[99.76386967293381,8.141798556949961],[99.76414325321487,8.141690364778453],[99.76453567068782,8.141560386972156],[99.76478050659668,8.141498909298843],[99.7652846643195,8.141408212228114],[99.76567725833878,8.141371573557743],[99.76636533181957,8.141384631091578],[99.76666440941925,8.141419964890257],[99.76699595686071,8.141491136476203],[99.76730235090784,8.141591065936208],[99.7679080099457,8.141834024776898],[99.76810768794252,8.141946399244617],[99.7684658586384,8.142116731468443],[99.77073530910366,8.143098474261329],[99.77122125587063,8.143253982961264],[99.77143675536664,8.14327904332705],[99.77182746217902,8.14328557976042],[99.77208666592084,8.143252337762348],[99.77229105845157,8.143204657827747],[99.77260124239173,8.143098520463168],[99.77290033587849,8.142937870808947],[99.77311544719463,8.142770100836993],[99.7734028510349,8.142466119221965],[99.77376246679673,8.142138790218377],[99.77393512277342,8.142002053545744],[99.77431128746235,8.141774422985538],[99.77445689781517,8.141706701677728],[99.77474494331055,8.141630779958932],[99.77505103519103,8.141572772785588],[99.77557324471823,8.141503553231457],[99.77601253194926,8.141398611241447],[99.77619251239851,8.141330081988754],[99.7764012551256,8.14122558119927],[99.77666030570614,8.141056373345963],[99.77720709845558,8.140664054730685],[99.77763898915893,8.140455023622938],[99.77782976237043,8.14038287958152],[99.77802780065798,8.140328651722186],[99.77887395110498,8.140118825415891],[99.77918727076676,8.14007873250207],[99.77950787126463,8.14007454181298],[99.77978532215013,8.14010631399334],[99.7802069617044,8.140191657376338],[99.78242024627778,8.14093402500081],[99.78270493296603,8.14098732377427],[99.78298596284989,8.141004731075071],[99.78325613137532,8.141000616524893],[99.78357667732458,8.140967693159437],[99.78414923824647,8.140858910927081],[99.78460303310693,8.140807780251507],[99.78489122907732,8.140810797692527],[99.78520831435071,8.140853270706579],[99.78548221559768,8.140913757167215],[99.78574898758225,8.141017343326531],[99.78597253975701,8.141121012062083],[99.7861745009882,8.141239079074994],[99.7869160141875,8.14207938631489],[99.78723500737635,8.14247961570629],[99.78792954654527,8.143432504739232],[99.78805592077812,8.143586615637412],[99.78818226504673,8.143715608608744],[99.78845646548805,8.143937617268666],[99.78862961533855,8.144055737908788],[99.78882438447981,8.144173817350994],[99.78903711340305,8.144273912641518],[99.78936517582228,8.14439532517605],[99.78997420227896,8.144509004645839],[99.79160281915841,8.144678136505126],[99.79233428460542,8.144777216906474],[99.79257936864511,8.144834180029694],[99.79310212737481,8.14504493658172],[99.7933834314831,8.145209504988127],[99.79366483084362,8.145413564651644],[99.7948736135126,8.14642346764565],[99.79513714309398,8.146699358450682],[99.7956137885329,8.147269168407275],[99.79596409355376,8.147713580967595],[99.79613739603559,8.147907088457407],[99.79648384844478,8.148225881519666],[99.79660651946784,8.14831896237932],[99.79681572095359,8.148447789515123],[99.79706452270062,8.148569350942424],[99.79733488710073,8.148662140417432],[99.79780338594635,8.148758134400918],[99.79835818557902,8.14876422972041],[99.79861746820468,8.148724227719939],[99.79896314375706,8.148640987549486],[99.80150845735255,8.14784266417871],[99.80181081318219,8.147720016612748],[99.80207351979857,8.147579515339636],[99.80332547919618,8.146737076105342],[99.80379321731863,8.146452556301899],[99.80420355702722,8.146283032846908],[99.80443757250967,8.146214365233758],[99.80481567457333,8.146145430722804],[99.8056224045577,8.146036135449672],[99.80673166247232,8.145901118534278],[99.80737998859094,8.145845981908794],[99.80774742572775,8.145845250650613],[99.80821577851107,8.145869435886622],[99.80873104796959,8.145929443254216],[99.81987396336365,8.14807158892396],[99.82104522416815,8.148306133192191],[99.82156065172099,8.148441495634735],[99.82331990388163,8.149069703121015],[99.83606402377117,8.153717237215181],[99.83657593737009,8.153892077840517],[99.8369688097468,8.153998960400706],[99.83722110498466,8.154059455786587],[99.83796345851043,8.15417278412358],[99.83871280066545,8.154196370144197],[99.8393395999673,8.154184292618426],[99.84294167032056,8.154011702171005],[99.8501134392542,8.153698799261372],[99.85297708937344,8.1535671412564],[99.85340930829453,8.153537520710296],[99.85405753274595,8.153435649349259],[99.8547560153475,8.153251112702083],[99.85519517152659,8.153092239531174],[99.86749376722538,8.148073058720238],[99.86794008252312,8.147903395450138],[99.86839010003699,8.147769622266848],[99.86876455201428,8.14767909474684],[99.86923267104268,8.147595533970337],[99.86957842566026,8.147558895456596],[99.87008269380095,8.147532678752427],[99.87064825724043,8.147535058774396],[99.87985271004936,8.147740533601336]]}},{"type":"Feature","properties":{"NAME":"SOUTHERN RAILWAY"},"geometry":{"type":"LineString","coordinates":[[99.87985271004936,8.147740533601336],[99.88325737022421,8.147800027052229],[99.88507647732446,8.147855465367995],[99.89785334900371,8.148146057572987],[99.89832166920652,8.148148614110157],[99.89935902531236,8.148103249721252],[99.90034215255356,8.147964666564778],[99.90081022128385,8.147863121472627],[99.90168864459196,8.147620668335284],[99.90230414678916,8.147396746870674],[99.90287635449191,8.147147803679893],[99.90344129483749,8.146866571139505],[99.90400250439046,8.146538669857936],[99.9045600292053,8.146167709385983],[99.90526123352218,8.14560977214446],[99.90583640510519,8.145077232427267],[99.90629998239064,8.144584450812586],[99.90703278506425,8.143663891348075],[99.91481572842939,8.13344866693118],[99.9302043728238,8.113179826202588],[99.93805058619739,8.10278106480134],[99.94143084761157,8.098346257278015],[99.94200533825405,8.097569604628402],[99.94590731521438,8.092420455298381],[99.94634765343795,8.0917876793665],[99.94674467799747,8.091111937159107],[99.95422489614316,8.078062378741446],[99.95689362150176,8.073437706099778],[99.95895961198728,8.069814698830987],[99.95928926559579,8.06910082000995],[99.95957072008476,8.068305684229156],[99.9596896549156,8.067836391822208],[99.96161863029414,8.05909272061064],[99.96180397458981,8.058273878409244],[99.96188969977452,8.057972164927602],[99.96205183384289,8.057493193929371],[99.9711132359227,8.035222745864553],[99.97124675424548,8.034829972011416],[99.97147993339748,8.03394403672816],[99.97395905345367,8.024485938689631],[99.97526266907981,8.01944803706949],[99.97548188233964,8.018758345060862],[99.97562982863103,8.018379909611726],[99.97583040382487,8.017924758949494],[99.97967065702542,8.009511562161986],[99.98357297865972,8.001012030585233],[99.98928506669422,7.988483182765163],[99.99598554061163,7.973841319666816],[99.99621475533573,7.9733286916928305],[99.99642947041424,7.9727825742280105],[99.99660102020565,7.9722509146439755],[99.99696673926564,7.970622823972867],[99.99823869387511,7.964560796670695],[99.99881322768753,7.961936724178552],[100.00101095605514,7.951622565285065],[100.00281965069163,7.943238063010303],[100.00920446977626,7.913731823656465],[100.00972202592838,7.911409395081691],[100.01176306293037,7.9019522695373965],[100.01517130839925,7.886303656495015],[100.01577562251505,7.884148533669082],[100.01605200695282,7.8833198860982705],[100.01674889542959,7.881734070266126],[100.02469714137374,7.8640499310788625],[100.02819590795441,7.856197291341593],[100.02998122837106,7.852263699784015],[100.03235349963948,7.846974243445296],[100.04052464593167,7.828695956453452],[100.04066758495942,7.828274457833777],[100.04080557088038,7.827795514633925],[100.04091446959012,7.82719702575292],[100.04096165713807,7.826871468903701],[100.04104493162956,7.82561734639025],[100.04113820597074,7.824530717333633],[100.04120432504045,7.824095053308394],[100.0413943829596,7.823328827925445],[100.04168507726312,7.822504952551484],[100.04189519384842,7.82208326994217],[100.04224883374408,7.821484157831145],[100.04244485204565,7.821182165279943],[100.04282021664176,7.820708377773535],[100.04333713478876,7.820147147532047],[100.04429206345831,7.819150518865246],[100.0447622450021,7.8186181127428505],[100.04498108545324,7.818330417832434],[100.0452966182949,7.8178486632740345],[100.04549372351596,7.817507177497308],[100.04562624206858,7.817237643302976],[100.04652824065961,7.815225333314038],[100.04724080896786,7.813744734610297],[100.0479601500134,7.812099009030648],[100.04840045643869,7.811135953148658],[100.04870086145125,7.810363489072239],[100.06200043103523,7.780590921429279],[100.06218648025232,7.780154938708056],[100.06357347260527,7.776428056041954],[100.07064688583903,7.757625783927906],[100.07391657798533,7.748964714927923],[100.07446953164215,7.747532357280048],[100.07476015713624,7.7467132327870845],[100.07591842175036,7.743680868068567],[100.07628058681858,7.742698861631591],[100.07644244710312,7.742195922992832],[100.0765705933125,7.741645226086487],[100.0766605128541,7.7411568428824635],[100.07675923100383,7.740352575327561],[100.0777533614031,7.723695285408735],[100.07849511679309,7.711575624190813],[100.07928648025262,7.698211521593603],[100.07943440046934,7.695990501539981],[100.07970093847251,7.691357126874822],[100.08011570618845,7.684631942347112],[100.08053898051064,7.677466441284614],[100.08074503067266,7.673575019699077],[100.08105811329764,7.668371999362223],[100.08130602845615,7.663963604327894],[100.08144448446026,7.6617952673648695],[100.08209242291653,7.650508559434025],[100.08220339991482,7.6488619559323565],[100.08260317738299,7.641892717074989],[100.08328496521541,7.63070644292856],[100.08332706858418,7.630285174388969],[100.08341212535628,7.629772872967746],[100.08352128713113,7.629308371850516],[100.08424335185188,7.6265068284896556],[100.08461142371591,7.625160289890541]]}},{"type":"Feature","properties":{"NAME":"SOUTHERN RAILWAY"},"geometry":{"type":"LineString","coordinates":[[100.08608656845719,7.619566328555355],[100.08496075838809,7.623753138238505],[100.08461142371591,7.625160289890541]]}},{"type":"Feature","properties":{"NAME":"SOUTHERN RAILWAY"},"geometry":{"type":"LineString","coordinates":[[100.08461142371591,7.625160289890541],[100.08485069182527,7.624336962836036]]}},{"type":"Feature","properties":{"NAME":"SOUTHERN RAILWAY"},"geometry":{"type":"LineString","coordinates":[[100.08485069182527,7.624336962836036],[100.08596374941567,7.62012773581202]]}},{"type":"Feature","properties":{"NAME":"SOUTHERN RAILWAY"},"geometry":{"type":"LineString","coordinates":[[100.08596374941567,7.62012773581202],[100.08608656845719,7.619566328555355]]}},{"type":"Feature","properties":{"NAME":"SOUTHERN RAILWAY"},"geometry":{"type":"LineString","coordinates":[[100.08485069182527,7.624336962836036],[100.0850393914576,7.623823937608121]]}},{"type":"Feature","properties":{"NAME":"SOUTHERN RAILWAY"},"geometry":{"type":"LineString","coordinates":[[100.0850393914576,7.623823937608121],[100.08580610914788,7.6209126658247905]]}},{"type":"Feature","properties":{"NAME":"SOUTHERN RAILWAY"},"geometry":{"type":"LineString","coordinates":[[100.08580610914788,7.6209126658247905],[100.08591449427034,7.620487434374249],[100.08596374941567,7.62012773581202]]}},{"type":"Feature","properties":{"NAME":"SOUTHERN RAILWAY"},"geometry":{"type":"LineString","coordinates":[[100.08608656845719,7.619566328555355],[100.08671148638099,7.617098912200444],[100.09003220998184,7.604355377371933],[100.09029388026731,7.603507636561316],[100.09089393655114,7.601802347172495],[100.09163704707883,7.599761702320971],[100.09203219015782,7.598592965022149],[100.09354265970701,7.592731278762502],[100.10351752930812,7.554361842624348],[100.10795337623422,7.537231631833798],[100.1089650460883,7.533362108087413],[100.10991995625459,7.529818146332685],[100.11039915064835,7.527782958503745],[100.11308721085994,7.5174626382364345],[100.11363796156456,7.515293259238368],[100.11660131591343,7.503904999701859],[100.11685289001713,7.502894543202737],[100.11700495816669,7.502353360758401],[100.11720484822287,7.501759398463432],[100.11742886261605,7.50122281205798],[100.13179840986056,7.46875732841211],[100.13213694030073,7.468014663075512],[100.13233262805944,7.467660016741797],[100.13254753491132,7.467324453788714],[100.1328007381955,7.466964861972041],[100.13306841619408,7.4666339604836365],[100.13338872884606,7.466269418313797],[100.13397237362197,7.4657462600912785],[100.13455623907382,7.46530924806153],[100.13478601885835,7.4651650916586405],[100.13583928188385,7.464535444951742],[100.13689742278896,7.46393449303816],[100.13725169590666,7.463723002452441],[100.13753410916343,7.463530848301308],[100.13781646598076,7.46332432135213],[100.13819923649444,7.46300269797146],[100.13857703941854,7.4626188523572425],[100.13905982025543,7.462033733016493],[100.13925092834057,7.461770020825059],[100.1394467078518,7.461453657503453],[100.14114638938133,7.458635214966805],[100.14163785711798,7.457710281574748],[100.14682682035838,7.448847913206128],[100.1472850279694,7.448042697038571],[100.14902740532882,7.4450805624496565],[100.15359069569963,7.437248697517342],[100.15390108372775,7.436764536545603],[100.15431201397948,7.436232233878078],[100.15470408050732,7.435810075466194],[100.15496234992183,7.435570097678228],[100.15522065066783,7.4353349347255],[100.16071726065005,7.430616159112462],[100.16102811488953,7.4303138248568565],[100.16151582121464,7.429805265204413],[100.16182165405279,7.429421594854849],[100.16676748367918,7.42270613879977],[100.16749832074164,7.42168126429609],[100.16850523340052,7.420343382207587],[100.17301960345044,7.414172212745535],[100.18171143780188,7.402358283906189],[100.18516148673059,7.397657895618044],[100.18567374776062,7.396938659196234],[100.18949634806384,7.3917419264965165],[100.1902449984087,7.390691847882914],[100.20026497653086,7.377068747189629],[100.21122407083293,7.362131756426652],[100.21175093412158,7.361530909970271],[100.21202702548092,7.361253799032556],[100.21241076841305,7.360904587499534],[100.21295250383355,7.36047958189436],[100.2134262197887,7.360162446958742],[100.2263911695869,7.352467648534003],[100.22687560488383,7.352128932323042],[100.22724869639485,7.3518335825206655],[100.22782967358465,7.351311550161427],[100.22815593169408,7.350980452163278],[100.22860022993949,7.350437252862424],[100.2293811370398,7.349401398644546],[100.23875829593348,7.336773734835022],[100.2445391691736,7.3290229308966754],[100.24499732528527,7.328300228117478],[100.25441272954822,7.311637955120455],[100.25488520243238,7.310911614438375],[100.25523979484237,7.310447625594369],[100.25565193207167,7.309990643504463],[100.25786711396842,7.307701709117005],[100.28130885846653,7.283767517466719],[100.29109403123367,7.272720883928616],[100.29256657277139,7.2710513046596],[100.2929139826058,7.27061602595235],[100.29307150732441,7.27039304315021],[100.29346151561472,7.269767410285966],[100.29384768841926,7.2690592381141705],[100.29934332190136,7.259377858106468],[100.31248409255211,7.236149239167693],[100.31271771876882,7.235741803759973],[100.31295625852215,7.235372618332238],[100.3133427759876,7.2348020321501085],[100.31360060247555,7.234471074121261],[100.31433146790656,7.233660219076221],[100.31496704949687,7.233045833622009],[100.32216403186233,7.226172108104993],[100.3250407832004,7.223402500195757],[100.32755443314117,7.221011988674852],[100.33643776164328,7.212496548743989],[100.33807682585237,7.210946040271581],[100.34629563218647,7.203083246421276],[100.34654883142628,7.202819299738427],[100.34683050202706,7.202469127587107],[100.34715505336193,7.202032688429775],[100.34744117363982,7.201562876247331],[100.34776036055362,7.200930241538502],[100.3478936145502,7.200618788885068],[100.348026625074,7.200230771513743],[100.34988181303157,7.194008944843124],[100.35141887982209,7.18878822606912],[100.35325033982575,7.182666963951993],[100.35349278661252,7.182020201266061],[100.35369750062458,7.1815697607053846],[100.35391195328809,7.181176724404828],[100.35440792232917,7.18038086048034],[100.354684720087,7.180006790370028],[100.35497117626406,7.1796566033815035],[100.35548227797558,7.179119116446343],[100.36930168329285,7.164927470367402],[100.36963131756949,7.1646058737513485],[100.37017137161244,7.164149634488912],[100.37274811740092,7.162213414008961],[100.3733405920859,7.161666097265809],[100.37386590967239,7.161090290477565],[100.38145988574605,7.15146314928366],[100.38168420594653,7.151175367708295],[100.38231403852735,7.1503072993564025],[100.38655472164598,7.144121359028361],[100.38681713259375,7.1437568782365215],[100.39651944828785,7.129668032594503],[100.39761647436934,7.128056826236054],[100.39874699221038,7.126431145707506],[100.39916180075737,7.125774277634221],[100.39936191090908,7.12540998186475],[100.39945242676404,7.1252374478175975],[100.3996855515974,7.124705551480961],[100.39984239221835,7.1242887511095185],[100.40004639942379,7.123632521803577],[100.40016939332496,7.123115330434282],[100.40029627422462,7.1222966487335215],[100.40036526188717,7.121353702246422],[100.40046298942647,7.118821931523716],[100.4005532778515,7.11700319087031],[100.40094736338511,7.107928865081668],[100.40098906825361,7.1074597597392],[100.40106406411688,7.106914006896919],[100.40119624551083,7.106272349012035],[100.40138583877471,7.10559703122765],[100.40151883253054,7.105223383074265],[100.40172809978986,7.1047202667867095],[100.40208521099649,7.103996604471931],[100.40232833618526,7.103598675753263],[100.40261447740878,7.103176687461145],[100.4030248590004,7.102644274700364],[100.40345455546975,7.1021596422369075],[100.41273826407102,7.092575032757378],[100.41344497743314,7.091831153056052],[100.41380290905033,7.091385014161208],[100.41406047466474,7.091015764228221],[100.41430356560103,7.090617832443033],[100.41453685559614,7.090143365864337],[100.4148031984355,7.089515671262582],[100.41635196079284,7.0852806575901885],[100.4166134147331,7.084619492461523],[100.42565472813271,7.0602295181269445],[100.4259355191864,7.059630504304483],[100.42627383908676,7.059050426502198],[100.42663627137952,7.0585229298497385],[100.43011815445823,7.053664708435636],[100.43032793413377,7.053343439521515],[100.4306279262081,7.052763497684301],[100.43077537189879,7.052428066299609],[100.431416958957,7.0507751504952125],[100.43169985598392,7.050110714314434],[100.43260663966771,7.047796823842148],[100.43346800148372,7.045574971098417],[100.43392158833528,7.044359862080019],[100.43435417913628,7.0432866280625905],[100.43539961088497,7.0405701217562005],[100.43644994851678,7.037896661064046],[100.4367354416224,7.03727848047309],[100.43692120157908,7.036938152758322],[100.43709280062814,7.036664857603001],[100.43746005183718,7.036151695583345],[100.43808538043584,7.035455889776208],[100.43833849876283,7.035215847093319],[100.43867293520739,7.034937271997907],[100.43926552111243,7.034499980623389],[100.43997322448355,7.034110191099106],[100.46078253372288,7.024121015294298],[100.46124630555532,7.023856361281647],[100.46180082162299,7.0235101005074485],[100.46256524954202,7.022890419134623],[100.46310968530028,7.022386248641332],[100.4634533650613,7.02200714233902],[100.46368719004691,7.021733646435585],[100.46407822924188,7.021182116117498],[100.46445950550968,7.020573204384516],[100.46463571440951,7.020252032191723],[100.46504003653348,7.01936070743076],[100.46532947425952,7.018484093636584],[100.4654193182162,7.01811533517371],[100.46551834221245,7.0176173696354684],[100.46561217833717,7.016990204822807],[100.46583487295455,7.015322673148756]]}},{"type":"Feature","properties":{"NAME":"SOUTHERN RAILWAY"},"geometry":{"type":"LineString","coordinates":[[100.46583487295455,7.015322673148756],[100.46669543004538,7.00894842609492],[100.46680341785702,7.0083358661955195]]}},{"type":"Feature","properties":{"NAME":"SOUTHERN RAILWAY"},"geometry":{"type":"LineString","coordinates":[[100.46772805636273,7.0013771277321295],[100.46780722898407,7.000678965878851],[100.46799351056754,6.999300593255558],[100.46822209435821,6.998302937366542],[100.46830371272443,6.998108517265517],[100.46844878898773,6.997898971761603],[100.46890704224288,6.997449482278471],[100.46927225918613,6.997123498289403],[100.46965957629976,6.996692898304034],[100.47290146529535,6.992519506422652],[100.47314730134545,6.992257362686572],[100.47369499769555,6.991736639899821],[100.47418336028099,6.991358004039213],[100.4744294876775,6.991189200356459],[100.47516433167065,6.990761251810011],[100.47594063788009,6.990445162345744],[100.48511541883803,6.987040953003292],[100.4859851391113,6.986728297219923],[100.48640330855505,6.986607487177016],[100.48693739992567,6.986516201826758],[100.48720265508933,6.986496697482575],[100.4877071855342,6.986506309519368],[100.48799873623476,6.986531520704586],[100.488338993281,6.9865901924974],[100.48866435077396,6.986667560438512],[100.48995093751441,6.987007022487414],[100.4906128440588,6.987154275179193],[100.49111752113673,6.9872161468196365],[100.4915286919564,6.9872447182776884],[100.49199953354439,6.987239504911322],[100.49241796599895,6.987208307483726],[100.49275039152477,6.987158713814768],[100.4932395956095,6.987052619205686],[100.49368761751651,6.986924244374511],[100.49424001563959,6.986709661753895],[100.49472504836652,6.986469160780306],[100.4951054951478,6.986243917476506],[100.49550819233322,6.985962617478541],[100.49576913912797,6.985760163170877],[100.4960523529073,6.98551281848572],[100.49636146442771,6.985179534040947],[100.50616054182315,6.973763961653334],[100.50641009702457,6.973509276522695],[100.50685726425968,6.97311952421067],[100.50736812893393,6.972785590985057],[100.50765539429935,6.9726390522723705],[100.50818537688097,6.972435733777829],[100.50845790671113,6.9723527274947275],[100.50869689092956,6.97229968250564],[100.50914509549676,6.972234782810079],[100.50952244330871,6.9722111685197845],[100.50982139344808,6.972217676005543],[100.51040079040092,6.972275568926246],[100.51071866798777,6.972352965009811],[100.51116379304038,6.972489680251987],[100.5131464241607,6.973155416864416],[100.51335215825287,6.9732182440937915],[100.51375224960546,6.973299097357255],[100.5139541318185,6.973328322413296],[100.51459693964946,6.973352392248973],[100.51493317806911,6.973328923443315],[100.51526188640061,6.97328679144893],[100.51560541357304,6.973207276325543],[100.51592646557829,6.973112906043928],[100.51612801144552,6.9730375864959715],[100.51640414407926,6.972917209953065],[100.51669513756083,6.972766932294714],[100.51714266696298,6.9724929198315575],[100.52166575352838,6.969502554435872],[100.52455936575964,6.967615119562414],[100.52511139637237,6.967299706243346],[100.5253800294997,6.96717188676883],[100.52588381189915,6.9669649129108935],[100.5261861495035,6.966863115344572],[100.52980355100244,6.965783574619722],[100.53508963529599,6.964216933868807],[100.535448069911,6.964126153064769],[100.53601566927182,6.96400856157141],[100.53623229080905,6.963977985802463],[100.54053904241056,6.963471110659644],[100.54338146766058,6.96311087619032],[100.54388580239717,6.963071894068288],[100.54434162607066,6.963059201647704],[100.54497333316343,6.963124345809376],[100.54532484463965,6.963201608830012],[100.55891084475913,6.966450146020501],[100.55948303001784,6.966590154761855],[100.56028355866101,6.966860063318859],[100.56081116368215,6.967082350438944],[100.57434069419008,6.973519146433384],[100.59779992874108,6.984637557166308],[100.59823398541631,6.9848115733754685],[100.5985257669054,6.984907661078113],[100.59896344192937,6.9850443104443665],[100.59952816399615,6.985184270072475],[100.60351015616997,6.985876410178496],[100.6044113872077,6.9860749605203605],[100.60533168345515,6.9863854471601305],[100.60596412715718,6.9866595780091885],[100.6075174493818,6.987408469681333],[100.60829577074037,6.987723174637299],[100.60914866972229,6.987992825122423],[100.61000507052057,6.9881915163824315],[100.61076398998169,6.988300925513334],[100.61147418206785,6.988361961801767],[100.61185911709748,6.988375589653049],[100.61280070719873,6.988353700409595],[100.61318175718793,6.9883262659704215],[100.61381673212199,6.988245682614183],[100.61413414941485,6.988184852728918],[100.61442913992437,6.988124100390903],[100.61533627347039,6.987859633760234],[100.61613104882217,6.98752462285563],[100.61688445695965,6.987115084754445],[100.61711934623779,6.986964923766502],[100.61803632783193,6.986304669098101],[100.61904260873709,6.985543289597651],[100.61982535317351,6.984973087944895],[100.6202317850818,6.9847178157625285],[100.62068678038999,6.984458616538395],[100.62090684504,6.984342135803291],[100.62234698368415,6.983698724441427],[100.62294418511439,6.983502517452714],[100.62322418042487,6.983426885798886],[100.62347804401374,6.983362547535797],[100.62401577600585,6.983259879104085],[100.624583543642,6.983198199900142],[100.6255362212846,6.983150100606926],[100.62839815973959,6.983043150188544],[100.6290369108601,6.982981220669092],[100.62958590414996,6.982893451715884],[100.63181154270725,6.982482526976507],[100.63273780478828,6.982359837540077],[100.63303667216509,6.982340135597448],[100.6336382638439,6.982338051974248],[100.63400825195392,6.982351714470201],[100.63438578040893,6.982391462206201],[100.63520835623399,6.982534223568306],[100.63596757924468,6.982729463540271],[100.63660729996955,6.982947524805594],[100.64076852529078,6.984684120726537],[100.64133626657798,6.984865997867156],[100.64198417195921,6.985038299474338],[100.64258611625314,6.985137018155126],[100.6432813459612,6.985194336011836],[100.6435728486055,6.985204505107628],[100.64415570630892,6.985187546358235],[100.64504469149347,6.98509111085764],[100.64532219156597,6.98504034538626],[100.64571088951409,6.984950432557421],[100.64654539464468,6.984682646325834],[100.64741839350874,6.984287573963531],[100.64805980962038,6.983919441258424],[100.64830957595645,6.9837505483737345],[100.64862639209667,6.983521698292287],[100.64905482834554,6.9831580491846905],[100.65057828680598,6.981778765079599],[100.65094717940511,6.981486268323064],[100.65146155855886,6.981118576208111],[100.65193882969186,6.980829422158185],[100.65255421118013,6.980502449184704],[100.65960147833894,6.97732660803566],[100.66032894401307,6.976995493112264],[100.66082129171302,6.976743611994116],[100.66157818864963,6.97628172503051],[100.66212232266406,6.975884049519907],[100.66340423184212,6.97490134764478],[100.66389961556604,6.974455324570756],[100.67151906355808,6.967256322080816],[100.6724723294975,6.966334508439719],[100.68504225264965,6.954951249818968],[100.69800982792239,6.9431444897029495],[100.6982666985285,6.942885962998167],[100.69849538207487,6.942627499199966],[100.69889162199249,6.942118365893285],[100.69926312692796,6.941523414801264],[100.70156946221782,6.937665953287449],[100.70176641203332,6.937370308580502],[100.70202677968939,6.937044546889062],[100.70219798373692,6.93686100963754],[100.70279749665636,6.936302572843626],[100.70320361636696,6.935987491955741],[100.71580584378273,6.925705037780282],[100.71816756669497,6.923792443537625],[100.73016936520882,6.91398606021035],[100.73094066870752,6.91342325557704],[100.73214820033787,6.912627371434681],[100.73274838410751,6.912266792113607],[100.73322940106672,6.9120186241791615],[100.73354271063185,6.911875617487468],[100.74215241049835,6.908387090097594],[100.74253286323467,6.908217686745195],[100.74582530227786,6.906914556247971],[100.75350013922689,6.903826252952298],[100.76115410997745,6.900676319089399],[100.76893122921163,6.897525848791757],[100.77504624108927,6.895079737126069],[100.77566212941113,6.89491314089121],[100.7783527798214,6.8945129258976525],[100.79192987950277,6.892716493088911],[100.79975572168388,6.8917012599141385],[100.80706572557288,6.890699876503232],[100.81188805684374,6.8901137813955575],[100.81396453456465,6.889820015144143],[100.81474692439984,6.889696701515564],[100.81542369388363,6.8895135883922345],[100.82090980314284,6.887168170095726],[100.82632056442667,6.884823027379903],[100.82744784839724,6.884352294585445],[100.82979245348565,6.883327781944461],[100.8334597555364,6.881756533638343],[100.83814874358086,6.879669828378711],[100.84280797927516,6.877688506906215],[100.84954827939909,6.8747704408881996],[100.84993069721057,6.8745942021803526],[100.85548704953142,6.872221279657479],[100.86240261604011,6.869204219328795],[100.86496293864747,6.868118963079194],[100.86562483282768,6.867777606536742],[100.86665408133963,6.867140200060657],[100.86849045308716,6.865615831230316],[100.8689609451061,6.865319379834876],[100.8696377704611,6.865022141634161],[100.87000569839967,6.864888146726416],[100.87058009382359,6.864782805386936],[100.8710809798393,6.864721931508464],[100.87243644746017,6.864598781258666],[100.87799136021923,6.8642088187699395],[100.88506376877415,6.863680252376747],[100.88602120874967,6.863543928855901],[100.88669851785417,6.863379226874839],[100.88730199051145,6.863170635642686],[100.89120096805449,6.861476043955553],[100.89373139900825,6.860317158425286],[100.90761084181588,6.85411971677291],[100.90828149103203,6.853764226201464],[100.90885033779391,6.8534227482994226],[100.91364930234565,6.849923150894401],[100.91863752469672,6.84623284956667],[100.92124335962116,6.844336321133671],[100.92943958379139,6.838306009645642],[100.93158515260329,6.836750542569466],[100.93228891964091,6.83621171818802],[100.93299296680836,6.83573401279496],[100.93364308792732,6.835358231726921],[100.93419867546602,6.835098184648012],[100.93493065916755,6.8348238921164635],[100.9368153556609,6.8342396183109075],[100.94200182691044,6.832678655635637],[100.94731689063372,6.831035730236059],[100.95785211862632,6.827824719522708],[100.96046900618185,6.827040682970708],[100.96342471420839,6.8261195174784515],[100.96803474692159,6.824743880167236],[100.96931595636183,6.824338361420787],[100.97063703705423,6.823722395232053],[100.97141572482283,6.8232578610574794],[100.97228208515779,6.822657286103267],[100.97325567090745,6.8217238618432985],[100.97626213346429,6.81829903793725],[100.97697871184927,6.81759053298762],[100.97734394666873,6.817276939836434],[100.98072426730833,6.814773698158239],[100.98764065043054,6.80957784102762],[100.99456365028249,6.8044084686770105],[100.99695112488436,6.8026451820576845],[101.00169668005013,6.7990750876950505],[101.00651491199729,6.79549013162832],[101.00732752103174,6.794861062171353],[101.00985272297166,6.7929953151874685],[101.01645073285485,6.787560215849044],[101.01658162744187,6.787492331839442],[101.01704432714493,6.787124049966553],[101.02311262499782,6.782477475927154],[101.02408589651144,6.781748647402871],[101.02606790738113,6.7801903753173915],[101.02663991989661,6.779642609971375],[101.02717636586306,6.779173940901913],[101.0282347191386,6.778193596377124],[101.02895711598221,6.777559088804165],[101.02947195567145,6.777076158804731],[101.03136001503051,6.775374741358547],[101.03293327396187,6.773932975902536],[101.03521470008081,6.771892655165618],[101.04037086216856,6.767228254206696],[101.04155761225087,6.766067948646634],[101.04275924137332,6.765029573544737],[101.04448272286645,6.763479532059195],[101.0453836978807,6.762643339659837],[101.04609886173364,6.7620088681233605],[101.04670014093941,6.761604495061102],[101.04764534894632,6.76104798274433],[101.05414642437847,6.757052354978297],[101.0563728658564,6.7556293270828425],[101.063682889353,6.751156614559589],[101.06711919486908,6.748989329504187],[101.07244562595237,6.745680230108706],[101.07296815052426,6.74533356635462],[101.07739638863767,6.741820167344168],[101.07913484138129,6.740463730505082],[101.07962837263587,6.74005260818608],[101.08285474336458,6.737505828545041],[101.08634588211302,6.734778522184927],[101.08845617090545,6.733104755128741],[101.0922978349594,6.730117615274349],[101.09526631284544,6.727722583498571],[101.0966185984296,6.726719371689753],[101.10371462630808,6.721099116338837],[101.11136168039604,6.715136790869374],[101.112105399589,6.714502127258584],[101.11280105824602,6.713819848472581],[101.11358224829742,6.7130032513029105],[101.11734573084232,6.709160055588382],[101.11986091847254,6.706565992607795],[101.1241913936187,6.70219412309124],[101.12613363291615,6.700176569305945],[101.1270258939888,6.699327193983091],[101.13098555143443,6.695258275791532],[101.132844636652,6.693383388540606],[101.13823812709249,6.687885087275149],[101.1427648443052,6.683328125699015],[101.14333181337376,6.682781521891784],[101.14384925621762,6.682394183908845],[101.14428334693714,6.682099295256583],[101.1449430541942,6.681694600457116],[101.14595370030037,6.681129325343919],[101.14788284555885,6.67998241671137],[101.15041307071725,6.678439428905297],[101.15332779901085,6.676752437537766],[101.15476403840958,6.675867171653836],[101.15594962856032,6.675100190215116],[101.16359065692627,6.670546252406303],[101.16856209345565,6.668213960399278],[101.17026669429187,6.667444675144635],[101.1714446180695,6.666853525750408],[101.1750876096895,6.665171612427358],[101.1821390718511,6.661808766901161],[101.196333819082,6.655099227732484],[101.20309279262354,6.651938375497655],[101.20473854117002,6.651144164507728],[101.21988492318025,6.643994614494225],[101.22448816697072,6.641847725785516],[101.2253903388145,6.641408400786591],[101.22897437229125,6.639751576590986],[101.2296759952034,6.639396845288646],[101.23005999692731,6.639152359414187],[101.23044380980531,6.638866036328699],[101.23155295223539,6.637915119179505],[101.23447988140568,6.635357202878107],[101.23631464404383,6.633808698573651],[101.23817425377317,6.632201468850104],[101.24366099421428,6.6273969500143295],[101.24582910949859,6.625528841228698],[101.25239114816756,6.619748397516615],[101.25642685613451,6.616231120140818],[101.26347238033479,6.610055012366965],[101.26498143254098,6.6087172067867685],[101.26545625045648,6.608204421925472],[101.2658389104456,6.6076753403687585],[101.26617142161186,6.607163203270607],[101.26656986256623,6.606424768505757],[101.27186299020082,6.596004316387106],[101.27402025104082,6.591809162596066],[101.27794429964564,6.584081914674847],[101.27862478878723,6.582789738693056],[101.27933822748032,6.581380232367627],[101.28002795571454,6.58028054029287],[101.28159090563594,6.57793799917],[101.2846079979562,6.573261819037755],[101.28637862861815,6.570583520209359],[101.28894682668417,6.566604128337955],[101.29138915942167,6.562945715432412]]}},{"type":"Feature","properties":{"NAME":"SOUTHERN RAILWAY"},"geometry":{"type":"LineString","coordinates":[[101.96185130425155,6.025325606767007],[101.96290563221919,6.025570859858253],[101.9662278558258,6.026397765562727],[101.9673323694337,6.026651096960501],[101.96819365319118,6.026746797111583]]}},{"type":"Feature","properties":{"NAME":"SOUTHERN RAILWAY"},"geometry":{"type":"LineString","coordinates":[[101.96819365319118,6.026746797111583],[101.96606708087769,6.026030535292766],[101.9652551919503,6.025800696899327],[101.96419239271106,6.025530387713115],[101.96326401508112,6.025393210205022],[101.96246158769723,6.025364122959292],[101.96185130425155,6.025325606767007]]}},{"type":"Feature","properties":{"NAME":"NORTH EASTERN RAILWAY"},"geometry":{"type":"LineString","coordinates":[[100.72612758157047,14.454196321404925],[100.72628734239595,14.454328550828818],[100.73130320796047,14.457497893596724],[100.73806025192486,14.4617524492727],[100.7412463967179,14.463742373636018],[100.748886762982,14.468559173447446],[100.7502923792148,14.469423932602751],[100.76470576649987,14.478479626598943],[100.7702357385166,14.481967556411176],[100.77121266494966,14.482605844527905],[100.77583481122471,14.485483521335198],[100.77689552191202,14.486159389902499],[100.77840487559466,14.487080569205759],[100.77891808363145,14.487421033631081],[100.78459650147697,14.491003107134766],[100.78821250846606,14.493247277572706],[100.7910443603596,14.495023916279068],[100.79717211351354,14.498889162094649],[100.8028211953735,14.50241835014645],[100.80858923897998,14.506066034183073],[100.82112193754452,14.513907909487706],[100.82542001970762,14.51662915286606],[100.82634757949954,14.517195820250635],[100.82682596785689,14.517464694614864],[100.82725967522804,14.5176717439038],[100.82768826674918,14.517854918790663],[100.82863728138202,14.51819424799011],[100.8292574671295,14.518393842748658],[100.83045015130722,14.518811370325738],[100.83135091311775,14.519102035564337],[100.83164234843062,14.519171499533165],[100.83233930024082,14.519302354671968],[100.83369922766578,14.519463894587725],[100.84966173997746,14.521002784610616],[100.85178429875376,14.521219167437964],[100.85710881964759,14.521729411525824],[100.86208721772572,14.52223511781384],[100.8705954014889,14.523046140509088],[100.88686059269355,14.524648169723378],[100.88867713864882,14.524812868537893],[100.89291483549971,14.525234197571566],[100.90310706743374,14.526202570960315],[100.90795651931083,14.526686800523196],[100.91061320673452,14.526930567024468],[100.91246311402847,14.527119921213348],[100.91915849851544,14.527757415416408],[100.91992916325162,14.527890969675644],[100.92027967293248,14.527977769113724],[100.92062303462316,14.528086134029078],[100.92105520238869,14.528247591118392],[100.92139148407863,14.528391880284115],[100.92182045154273,14.528607147392368],[100.92249777627993,14.529017633266644],[100.92282760664588,14.52926598934485],[100.92322441743957,14.529596303156438],[100.92361418695155,14.529962523268786],[100.92385203615902,14.530218794497555],[100.92448876782225,14.531042077571398],[100.92479437626966,14.531469970527931],[100.92571034311275,14.532649602701147],[100.92609797147664,14.533195159150976],[100.92642526473041,14.533572659028122],[100.92686005735048,14.53403533719053],[100.92719402081417,14.534333862601326],[100.92778341497574,14.534791694482841],[100.92835715421252,14.535142047050249],[100.92974834592863,14.535923231197279],[100.9348762079282,14.538760965273967],[100.94565453109544,14.5447728768439],[100.95859702661926,14.551957180382933],[100.95899126288002,14.552192240473106],[100.95944568808065,14.552490979712791],[100.95976802743344,14.552754142348912],[100.96029942421144,14.553241698645461],[100.96130301752885,14.554260072893063],[100.97290965419053,14.565845070690273],[100.9813831859018,14.574327424634676],[100.98186249740947,14.574778604741873],[100.98229383265675,14.575134563147241],[100.98279573631271,14.575474597195655],[100.98319845017252,14.57570453879901],[100.9861663438463,14.57727077669014],[100.98724400327328,14.5778622320568],[100.99018038432548,14.579413374320145],[100.99945170443881,14.584396851713622]]}},{"type":"Feature","properties":{"NAME":"NORTH EASTERN RAILWAY"},"geometry":{"type":"LineString","coordinates":[[100.99945170443881,14.584396851713622],[100.99993590520911,14.584720283011022],[101.00074677851245,14.585205776761013],[101.00377680168161,14.586900240526438],[101.00550011908146,14.587776823560214],[101.00617546263933,14.588138795897194],[101.00804298644069,14.588932465069808]]}},{"type":"Feature","properties":{"NAME":"NORTH EASTERN RAILWAY"},"geometry":{"type":"LineString","coordinates":[[102.07485911689,14.97020672797895],[102.07282144606584,14.969615292009069]]}},{"type":"Feature","properties":{"NAME":"NORTH EASTERN RAILWAY"},"geometry":{"type":"LineString","coordinates":[[102.07485911689,14.97020672797895],[102.0745617776389,14.970061072772111],[102.0740837075919,14.969865370942465],[102.07368107004964,14.969679377439576],[102.07280726365072,14.969402515402107]]}},{"type":"Feature","properties":{"NAME":"NORTHERN RAILWAY"},"geometry":{"type":"LineString","coordinates":[[100.72645686544763,14.61905407307705],[100.72625079330173,14.61435258829099],[100.72617970760587,14.612111297576012]]}},{"type":"Feature","properties":{"NAME":"SOUTHERN RAILWAY"},"geometry":{"type":"LineString","coordinates":[[100.54072525528767,13.821242926426091],[100.52963431564478,13.82232398336714],[100.52875417657084,13.82234766678589],[100.52832850168934,13.822324327243708],[100.52771377903734,13.822268379002097],[100.52691497974467,13.822122605462578],[100.52646477038543,13.822005853469667],[100.52591579508506,13.821835140269995],[100.52539857104017,13.821638255830457],[100.52499048514281,13.82145885182878],[100.52442209843771,13.821163519113407],[100.52363975978515,13.820687572744829],[100.52326569231319,13.82041961345095],[100.52209579322736,13.819455154397247]]}},{"type":"Feature","properties":{"NAME":"EASTERN RAILWAY"},"geometry":{"type":"LineString","coordinates":[[100.63474918688527,13.738968135155861],[100.63523101726919,13.73886025891926],[100.63577121642004,13.738794496606966],[100.64998282089327,13.737223103771658],[100.65487976463727,13.73666178735642],[100.67016512497743,13.73498255594166],[100.68747413679927,13.73305229390473],[100.69018161390588,13.7327633004004],[100.7382516028113,13.727386869699012],[100.73877915317192,13.727339636517941],[100.73940854489753,13.727304123529532],[100.74008585921251,13.727299350907975],[100.74471999481236,13.727406551551926],[100.76929678486216,13.728030642430884],[100.7784663576682,13.72824143454768],[100.78380040466341,13.728395719293557],[100.79167563592371,13.72859983452882],[100.79234030652786,13.728607431058789],[100.79334817009996,13.728581471261393],[100.79408555361145,13.728532596312407],[100.7949530737548,13.728451675189579],[100.84424523946231,13.722315531644918],[100.86950315339504,13.71919105701997],[100.87277496961418,13.718771482412132],[100.87918543409596,13.717989156372587],[100.88223203811175,13.717645767198999],[100.8877653897433,13.71693520728236],[100.89083717205943,13.716563535184237],[100.92144510128382,13.71273078655953],[100.92441829409627,13.712375043228013],[100.92692430248978,13.712047765390201],[100.9325559833917,13.711357214464426],[100.94238008292179,13.710117597911264],[100.948437227715,13.709370508574711],[100.96750990081904,13.70696577261204],[100.97878595092719,13.705582059812373],[100.98577413084858,13.70470686142003],[100.98987117756678,13.704172010108532],[100.99253373141762,13.7038593006131],[101.04696102873422,13.69700709884238],[101.05400489049752,13.69619718279343],[101.05991095168797,13.695458957012352],[101.06018323543002,13.69546655452209]]}},{"type":"Feature","properties":{"NAME":"EASTERN RAILWAY"},"geometry":{"type":"LineString","coordinates":[[100.63474918688527,13.738968135155861],[100.63424065968275,13.739081982179984]]}},{"type":"Feature","properties":{"NAME":"SOUTHERN RAILWAY"},"geometry":{"type":"LineString","coordinates":[[99.1722508053398,10.499583895412842],[99.17268345554713,10.499936331448145],[99.17289118187142,10.500130557868241]]}},{"type":"Feature","properties":{"NAME":"SOUTHERN RAILWAY"},"geometry":{"type":"LineString","coordinates":[[99.17289118187142,10.500130557868241],[99.1736110720384,10.500822300591423]]}},{"type":"Feature","properties":{"NAME":"SOUTHERN RAILWAY"},"geometry":{"type":"LineString","coordinates":[[99.17289118187142,10.500130557868241],[99.17340198827208,10.50050940118039],[99.17369454244209,10.500748072154979]]}},{"type":"Feature","properties":{"NAME":"SOUTHERN RAILWAY"},"geometry":{"type":"LineString","coordinates":[[99.1722508053398,10.499583895412842],[99.17269087685983,10.50002149448015]]}},{"type":"Feature","properties":{"NAME":"SOUTHERN RAILWAY"},"geometry":{"type":"LineString","coordinates":[[99.17269087685983,10.50002149448015],[99.17279603157463,10.500169247611673]]}},{"type":"Feature","properties":{"NAME":"SOUTHERN RAILWAY"},"geometry":{"type":"LineString","coordinates":[[99.90814778373603,13.817519755965913],[99.91243672399258,13.817982328209766],[99.9133822960232,13.818096981469942],[99.91401264190837,13.818149350945975]]}},{"type":"Feature","properties":{"NAME":"SOUTHERN RAILWAY"},"geometry":{"type":"LineString","coordinates":[[100.46747257098194,6.999627506520147],[100.46759279053644,6.9993643300724635]]}},{"type":"Feature","properties":{"NAME":"SOUTHERN RAILWAY"},"geometry":{"type":"LineString","coordinates":[[99.17416530452451,10.50153956402253],[99.17485496108938,10.502473004570716],[99.17514881173256,10.502947670600893]]}},{"type":"Feature","properties":{"NAME":"SOUTHERN RAILWAY"},"geometry":{"type":"LineString","coordinates":[[99.17512292779003,10.502616425450196],[99.17517975546818,10.50265823736022],[99.17802686217335,10.505474945840287],[99.1785039004524,10.505920240401185]]}},{"type":"Feature","properties":{"NAME":"SOUTHERN RAILWAY"},"geometry":{"type":"LineString","coordinates":[[99.20450973873317,9.119155364786598],[99.20659656452474,9.117811576446643],[99.21154631743143,9.114587352544008],[99.21239558833479,9.114156080105815],[99.21296323757056,9.113927456845133],[99.21344858020687,9.11376347477185],[99.2140076257647,9.113612379425776],[99.21456232863213,9.113491441733549],[99.2151690710479,9.11340492836585],[99.22271906607845,9.112896382951133],[99.22400195921522,9.112822370360284],[99.22498145240492,9.112744223750042],[99.22551885340359,9.112683576633735],[99.2258698912208,9.11259720384888],[99.22624255152888,9.11248497581797],[99.22677118931726,9.112243425727877],[99.22753371361962,9.111756174190047],[99.2278152739528,9.111506163441279],[99.22798418483457,9.111316519508225],[99.22814009876019,9.111118269217164],[99.22827864190182,9.110889872928277],[99.22840419904388,9.110670098257371],[99.22850806624551,9.110428812849152],[99.2288403357548,9.109234503839422]]}},{"type":"Feature","properties":{"NAME":"NORTH EASTERN RAILWAY"},"geometry":{"type":"LineString","coordinates":[[101.01785350588065,14.612643054727585],[101.01833145016198,14.6175931939137],[101.01859061589559,14.620085446318177],[101.01861247259157,14.620461817414025],[101.0186256132193,14.62109291981381],[101.01861450206911,14.621491100746692],[101.01857190444565,14.622068886616743],[101.0185059261399,14.622506999376842],[101.01839299063079,14.623045938124605],[101.0182862640976,14.623459308357894],[101.01812887864622,14.623969928298473],[101.01791642306881,14.6245025657678],[101.01754045380088,14.625276896207685],[101.01731198921836,14.625669797228223],[101.01709771466767,14.62600159534623],[101.01675583693816,14.626477963270736],[101.01648994729786,14.626806635729311],[101.01612517727168,14.627197125723422],[101.01452228253959,14.628738801109426],[101.01319364593222,14.630066507469458],[101.01278904985202,14.63053264261754],[101.01253085150918,14.630897111595727],[101.01230932183422,14.631243311352595],[101.01204145126592,14.631758492281378],[101.01192598201433,14.632021289974498],[101.01172140247508,14.63261122872237],[101.01157962387981,14.633222148257655],[101.01149676888163,14.63382896845538],[101.01147568421896,14.634345607161787],[101.0114866533768,14.63474000794876],[101.01220460566881,14.641167833177413],[101.01241570432335,14.642908995104493],[101.01279720154493,14.646366592061385],[101.0134373292839,14.651923579924373],[101.01361300229648,14.653410406803642],[101.01373021171483,14.654144617615913],[101.0138420155232,14.654688772158647],[101.01423116302765,14.65615583348616],[101.01451111326821,14.656960347735254],[101.01475264021792,14.657589452541002],[101.01923236574406,14.668062312609305],[101.01944753509284,14.668627086275285],[101.01958068369403,14.669084991494547],[101.01970385568379,14.66966133510082],[101.01979443505748,14.670298923452279],[101.0198077985654,14.670951525926965],[101.01979615937651,14.67128874854526],[101.01974927435198,14.671802018789691],[101.0197076772161,14.672085701856659],[101.0195837240589,14.67262832788209],[101.01944791858695,14.673084981027264],[101.0193148587398,14.673441192427262],[101.01906947098472,14.673999216974513],[101.01360685372933,14.684561960522995],[101.01327694257954,14.685145828542007],[101.01310991209417,14.685412666430684],[101.01291711713635,14.685683317945548],[101.01267300884557,14.685983101006357],[101.0123922731239,14.686304723932393],[101.01196875434445,14.686728003620606],[101.01163245683566,14.687017832495723],[101.01128479932238,14.687275482559462],[101.01076115694566,14.687627913913175],[101.00906874589381,14.688693379268441],[101.00269514364605,14.692772439060112],[101.00225982866854,14.693116911121685],[101.00155841832499,14.693775688271765],[101.00132872534995,14.694043060648056],[101.00098642964394,14.694487146896385],[101.00077923725065,14.694797372580272],[101.00048184604324,14.695316375947192],[100.99829126994071,14.699552904052963],[100.99792577052173,14.700284084452669],[100.9977274131431,14.700755631268338],[100.99762696111218,14.701054164716624],[100.997566598832,14.701305732700803],[100.99747505558773,14.70177275080328],[100.99743049061847,14.702138963424288],[100.99741516591226,14.7024797923104],[100.99743870884113,14.703042666372687],[100.9974984126113,14.703529904778502],[100.99755976418983,14.703794766966828],[100.99770397889002,14.704256182217183],[100.99796419554865,14.704913844735255],[101.00058271435013,14.710841115199413],[101.000874786408,14.711351459564245],[101.00105017891545,14.711593811689898],[101.0012515496922,14.71185746267454],[101.00162386022492,14.71227744590224],[101.00203610025078,14.712632531164955],[101.00222162505756,14.712774394156844],[101.00257028906856,14.713025999979426],[101.00274809718205,14.713128472609409],[101.00325144356789,14.713371595716708],[101.00381365242492,14.713603419682308],[101.00701230825067,14.71484173539902],[101.00929367350417,14.715700630787042],[101.03298650108363,14.724814846200916],[101.03355931012698,14.724992716896796],[101.03451935877972,14.725206621037941],[101.04208912311684,14.726499206370244],[101.04276474248465,14.726636689265593],[101.04308977105327,14.726716305099044],[101.04379180935098,14.726921711424168],[101.04607555195133,14.727615203540187],[101.04654503934789,14.727776038514781],[101.04741073979841,14.728141345000312],[101.04772185368296,14.728310740412011],[101.0482073865041,14.72861128304042],[101.04869737897376,14.728994269045474],[101.04925104476048,14.729487859103276],[101.04978715961558,14.730074856489468],[101.04997365136703,14.73031349257366],[101.05032115118898,14.730826837172021],[101.05057642878393,14.731330246759205],[101.05071929927524,14.731633818876437],[101.05102598483523,14.732509751585782],[101.0511366369504,14.732914025384403],[101.05126927103905,14.733698245789984],[101.05129760546403,14.733970557408137],[101.05131422502116,14.734565744388709],[101.05087125765057,14.74550432439038],[101.05072061540677,14.74870107685754],[101.05067410177259,14.750422903689145],[101.04982370147835,14.77088702404613],[101.04982446724222,14.771491918077988],[101.04988216032199,14.772141721402557],[101.05003188006297,14.772910240947445],[101.05022084142149,14.773545312731162],[101.05039296069327,14.77397857349856],[101.05071605043047,14.774626056278462],[101.05091395085377,14.774958764141932],[101.05451502286061,14.780109925954958],[101.05607893853372,14.782319495375914],[101.05633314540398,14.782699756095314],[101.0565346720452,14.782963358451774],[101.05857213209534,14.785876365201672],[101.05900385024913,14.78657782344292],[101.05920667002574,14.786977673671679],[101.0594250186078,14.787461070868497],[101.05970762214375,14.78824513905032],[101.05980157699626,14.788567049584724],[101.05994288415671,14.789218504007337],[101.06023562408828,14.791075956625445],[101.06029805567753,14.791441212508799],[101.060398161858,14.791894574201024],[101.0605150075278,14.792297577023362],[101.0606435749784,14.792640718979865],[101.06078654511784,14.792947867097627],[101.06095152599188,14.793245249792346],[101.06117849977511,14.7935994484141],[101.06149947647074,14.794022148617797],[101.06167579309263,14.794216627186106],[101.06213203666788,14.794650071410734],[101.06232027916731,14.7948061722773],[101.06508970743695,14.796882947173726],[101.06533754832114,14.797105466032688],[101.06569496800651,14.797482398771802],[101.06601134326775,14.797933817615224],[101.0661661361426,14.798190646886043],[101.06638681212614,14.798659669778365],[101.06654836716058,14.799110088257647],[101.06660695845827,14.799329527492304],[101.06665364398837,14.799587307599019],[101.06669086319366,14.799885830226167],[101.06671549001474,14.800409206037063],[101.06669796850737,14.800894706738587],[101.0662762042615,14.806696282902623],[101.06607442559687,14.809779895579135],[101.06559238508437,14.816483355929723],[101.06422309938118,14.836141176618503],[101.06381028967355,14.841850618297151],[101.06359165394659,14.845230830550275],[101.06307301405535,14.852350633587895],[101.06205650940733,14.866949255999097],[101.06159028003735,14.873419574405073],[101.06149357859015,14.874418851024812],[101.06134757350569,14.875197662405641],[101.06125366885658,14.875560006318844],[101.06106749839968,14.876146954831686],[101.06089759676622,14.87658171104716],[101.06064018978775,14.877123386468854],[101.06043444233106,14.877512549740851],[101.0601324158056,14.878014466926626],[101.05992003289221,14.878326242808505],[101.05963160579648,14.878707524979902],[101.05884427717668,14.879672844480314],[101.05872246719684,14.879804240403486],[101.05779138680002,14.880961887127606],[101.05748940498826,14.881391350016901],[101.05707917948004,14.882072839155231],[101.05673562418687,14.882786003575104],[101.05657344768412,14.883181936832933],[101.0563797012154,14.883750316015492],[101.05621248765651,14.884393758792456],[101.05606920503008,14.885227045985468],[101.05597461461645,14.886529713669814],[101.0558711612018,14.888452880353327],[101.05580667912761,14.88904160446348],[101.05570209068517,14.889677305333823],[101.05557384649885,14.890182454169148],[101.05533580008877,14.890890101206088],[101.05513580004406,14.89140379479483],[101.05487566012587,14.89196916004175],[101.05178097912426,14.898125822740235],[101.0514990144529,14.898727265182563],[101.05068071011735,14.900326888364],[101.04925493531542,14.903205083362472],[101.04893972247912,14.90379964136487],[101.04761830813797,14.906407927131335],[101.0457360995554,14.910168813235398],[101.041533676649,14.918580309665883],[101.04090165526303,14.919917479500732],[101.04074998719388,14.920153231070874],[101.04008205797722,14.921483705074598],[101.03993691772246,14.921736037507992],[101.03961298931947,14.922194384941804],[101.03907369157142,14.922891348788282],[101.03848220344719,14.923527797292882],[101.0379006689815,14.924049399513974],[101.03742837816813,14.924419422088478],[101.03653405288254,14.925015538002292],[101.03589900581812,14.925336780770651],[101.03517154761548,14.925637321748534],[101.03426685723626,14.925917933615892],[101.03050379338376,14.926991418983498],[101.02986778692187,14.927212239825785],[101.02940477967539,14.927395658473086],[101.02878671555987,14.927695228943977],[101.02842467411436,14.927894478920951],[101.02807263126384,14.9281127949477],[101.02773540027792,14.928335734979038],[101.02710079484854,14.92883866650788],[101.02670089012626,14.929196055171039],[101.0264036938329,14.929495162093382],[101.0259267235147,14.930025379699046],[101.02566923958342,14.930362387567053],[101.02218004795479,14.935361507333567],[101.02130186786752,14.936641225902891],[101.020899291571,14.937242509568948],[101.02066227712,14.937665405721933],[101.02047897540221,14.938049555061266],[101.02017122964523,14.93879823566898],[101.01995193972532,14.939541341202315],[101.01986195198151,14.939910341792679],[101.01974987684774,14.940547307940063],[101.01967748186262,14.941222176076286],[101.0196669345923,14.941671755648246],[101.01967682712592,14.942202433963724],[101.01972131043844,14.942751942755496],[101.01976878185341,14.943095817815886],[101.01987746651325,14.943673442972756],[101.02001029437137,14.94420305299493],[101.02017213297263,14.944679792016904],[101.02038879872866,14.945232552259222],[101.02062976939177,14.945756412088807],[101.02092480831841,14.946275017382163],[101.02118447702566,14.946693520369891],[101.02147373773404,14.94712130882722],[101.02166790887257,14.947373018394975],[101.02372592619739,14.950228619038956],[101.02397036152097,14.950594656508702],[101.02424515266357,14.951051272279198],[101.02448555744196,14.95151296817153],[101.0248122691723,14.952260802080515],[101.02498396660945,14.952737448022859],[101.02516255021659,14.953424432920823],[101.02525547368481,14.953892227607662],[101.02532858047842,14.95450181004153],[101.02538463310734,14.955403481472182],[101.02537335206576,14.955872589936561],[101.02497401094773,14.961329973017618],[101.02471352962236,14.96514841723297],[101.02401960238451,14.974681044263994],[101.02388505274337,14.976347592391152],[101.0235386725612,14.981394086486876],[101.02339951935055,14.982933499825823],[101.02327733630085,14.984589056337622],[101.022910403633,14.989983300635588],[101.02266514989566,14.99304021657545],[101.02259998371872,14.993383034272476],[101.02246091876778,14.994030678988114],[101.02233242768254,14.994490870667823],[101.02215026248864,14.994999341095287],[101.0219820166376,14.995416859253178],[101.02188087535039,14.995647273607773],[101.0216343123674,14.996108513450952],[101.02139705155312,14.996512282655399],[101.02085344259923,14.997296504679777],[101.02058586249366,14.997614487652221],[101.02018172922487,14.998057989419234],[101.01986477310685,14.998357256446948],[101.01922545387264,14.99890327757506],[101.01867819773935,14.999300225385639],[101.01828695289059,14.999547572312535],[101.0180079983502,14.99970305569913],[101.01745959028166,14.999975686543776],[101.01715092683273,15.000112314994492],[101.01685690151012,15.00023447180159],[101.01630777317988,15.000430600321778],[101.01575822094193,15.000583703894858],[101.01283734536632,15.001250298371316],[101.01182646260479,15.001522229993128],[101.01137551633116,15.001698362373084],[101.01059645460971,15.002035178275028],[101.01028807044345,15.00220048173037],[101.00953956135172,15.002647009045193],[101.00920222722806,15.002874729867106],[101.00836757687632,15.003580236115955],[101.00787533039487,15.004077111839209],[101.00759310087167,15.00440953533933],[101.00721408611429,15.004914960814583],[101.00684053594588,15.005477725057261],[101.00649705533364,15.006102388716524],[101.00625113585224,15.006635323805037],[101.00610698356473,15.007004800521237],[101.00589164313244,15.0076522253074],[101.00571163600763,15.008394998721986],[101.0056277255634,15.008893046341303],[101.00559140597949,15.009218525743155],[101.00556495530013,15.009548693886398],[101.00554146787954,15.010194445492182],[101.00554053303733,15.01431154580011],[101.00549206097568,15.018606005551261],[101.00540105627043,15.03098679545763],[101.00542037005383,15.031474363560836],[101.0055317290785,15.032334081253765],[101.00558347773658,15.03260618872904],[101.00576250349589,15.033336225028828],[101.00606574252271,15.034194266918261],[101.00622636752217,15.034532349589794],[101.00645214069684,15.034998958431892],[101.0067122262892,15.035450940273014],[101.00695686637127,15.035831308465657],[101.00719123457749,15.036163963761917],[101.00764409849464,15.036709863442638],[101.00829487570957,15.037373564134386],[101.00900909802394,15.037979312299486],[101.00954394323371,15.03834756010565],[101.01001406749127,15.038635080054675],[101.01040964541826,15.038841978592163],[101.01095330823185,15.039100160387424],[101.01143247301741,15.03930152393796],[101.01303229483347,15.03989941237616],[101.01343738898237,15.040072742847885],[101.01385261705994,15.040274685660542],[101.0143075892036,15.040519303397392],[101.01473814025832,15.04078325310651],[101.01556075892063,15.041402357812492],[101.01622090427304,15.042013352023794],[101.016558903754,15.042373760670591],[101.01708162172925,15.043019431766815],[101.01748074865941,15.043604036850407],[101.01783582958745,15.044212942481536],[101.0180968511334,15.044760520808588],[101.01830880500452,15.045322876393252],[101.01848619796131,15.045871197389955],[101.0186551225964,15.04656782947793],[101.01872309164287,15.046992797044513],[101.01877697976377,15.047489619944177],[101.0188006764809,15.04791498112105],[101.01880463889903,15.048335724927712],[101.01873796734867,15.049617845371055],[101.01823083937002,15.056378930190492],[101.01794911852261,15.06042675515927],[101.01751113300723,15.066168726868472],[101.01724743385185,15.070039470748386],[101.01681359167425,15.0757001057553],[101.01576432593252,15.090207595216809],[101.0157440026076,15.090662051126195],[101.01575365153516,15.091164041240681],[101.01584638525354,15.092124341251687],[101.01592433855559,15.092563560637869],[101.01609283520335,15.093207596983431],[101.01634115379012,15.093965662089396],[101.01667312524914,15.094722998590669],[101.01686357156491,15.095084710243375],[101.01702857981506,15.095360594047568],[101.017677966751,15.096373300327869],[101.03516082835108,15.122809944975451],[101.0369064837088,15.12546238404741],[101.03713171830137,15.125851256777592],[101.03816905444992,15.127391152720616],[101.04749395795798,15.141554833709062],[101.05431648607103,15.15185695485772],[101.07157505380034,15.17777764479142],[101.08013193500734,15.19071644680602],[101.08300671195397,15.195036244503479],[101.08501251614807,15.19810173231978],[101.08527835657236,15.19847220851886],[101.08573797802019,15.199020225246711],[101.08622657157781,15.1995105671764],[101.08645393593027,15.19972362129745],[101.08671080078027,15.19993282958496],[101.0872056989599,15.200311948484106],[101.08782637926204,15.200715010122186],[101.08853563610788,15.20111006739592],[101.08916612133474,15.20138392133107],[101.08948123214051,15.20150651657441],[101.09011106666335,15.201712237014],[101.09044791588347,15.201791584712527],[101.09113622165064,15.201935801908201],[101.09421721260657,15.20241636500917],[101.09467938601897,15.202473036485367],[101.10237617035399,15.203656340063706],[101.10314898804923,15.203756703877367],[101.10659234983083,15.204280316877453],[101.10770543683203,15.204431252057601],[101.10949573897533,15.204722872925082],[101.11213286586057,15.205128438369359],[101.11886380732761,15.206105064932691],[101.12429632105383,15.20685709222475],[101.1250546531791,15.206982607762015],[101.12573191435153,15.207126817495716],[101.1262133890717,15.207265697829438],[101.1265432561433,15.207384507994945],[101.12730724737189,15.207707187730442],[101.12809803416228,15.208122857941031],[101.12835817362611,15.208285367364468],[101.12893833620355,15.208688668544777],[101.12969452257742,15.209337748734184],[101.1303028187049,15.209966725211848],[101.13157632876454,15.211378296196866],[101.1453490435719,15.226466219356562],[101.1462119434251,15.227429772594384],[101.14648115030862,15.227753531712844],[101.14674318134057,15.228098860876422],[101.14740307912021,15.229071528189492],[101.14765493224655,15.22950660920693],[101.15050276040108,15.234621653470985],[101.15126692769067,15.2360379555394],[101.15212821205905,15.237560908124438],[101.16216482860966,15.255685213457877],[101.16292088853929,15.257015467819931],[101.16311592123496,15.257304052618565],[101.16351639977397,15.257816557397383],[101.16377822576852,15.258133178798449],[101.16402465591212,15.258392583384895],[101.16441647791703,15.25877967289709],[101.16468483668326,15.259013754451368],[101.16519122443525,15.259406896392038],[101.16554843139858,15.25966163895578],[101.16591279609175,15.259891201336547],[101.16665193800169,15.26028926954363],[101.16710101288012,15.260496490225954],[101.16801314615603,15.260831926824778],[101.1701667814346,15.261564123059607],[101.17851881856706,15.264455804142361],[101.22443736091519,15.280280682160827],[101.22514877520774,15.280485166699298],[101.2259852875107,15.280641793719768],[101.22655860178503,15.280711402076642],[101.2271092559016,15.28073460519921],[101.22778151857567,15.280727915754213],[101.22858238501672,15.280658992455713],[101.22938994505212,15.280521849944064],[101.22999418783064,15.280372408658911],[101.23047280252943,15.280220627086658],[101.24426124310364,15.275231265223912],[101.24830884500805,15.273756352572434],[101.24889000240738,15.273524605750653],[101.24965412572215,15.273129668663895],[101.25001745011741,15.272907287481493],[101.25083149906538,15.272346904821628],[101.25140976193191,15.271842678811039],[101.25204549880915,15.271187255573182],[101.2526104822947,15.270478771042475],[101.25320270652514,15.26955486941053],[101.25349186477072,15.268960308571081],[101.25364689448263,15.268603757564751],[101.25961392930188,15.252870366302007],[101.26033675779829,15.251041519340836],[101.26127369394435,15.248511300825292],[101.26242296392347,15.24546258091652],[101.26286149483417,15.244335827426902],[101.26313416128441,15.243587237240519],[101.26387459817495,15.241682917174517],[101.26407296110455,15.241236275881311],[101.26426084706443,15.240847120054893],[101.26461267763422,15.240248349398454],[101.26477616060576,15.239995680653388],[101.26519847988942,15.23942487746593],[101.26566924081035,15.23889662423969],[101.26596521584028,15.238599615531882],[101.26632731259984,15.238269649833157],[101.26695354979559,15.237775665812364],[101.26727980772988,15.237546460348701],[101.26782279848442,15.237211094505318],[101.26836272517012,15.236933119250995],[101.26898018878572,15.236654358081195],[101.26931127449919,15.236532681543432],[101.26990379920761,15.2363402302736],[101.2703052395141,15.236235769647433],[101.27078431412917,15.23613770290122],[101.27149209343266,15.236015800450673],[101.28812564370114,15.23324361816597],[101.28847233027136,15.233200653493645],[101.28898891402778,15.23315952735372],[101.28970152599493,15.233145080593461],[101.29049618525411,15.23320510195321],[101.29079944025258,15.233245046319986],[101.29132103950089,15.233325780653912],[101.29216533049141,15.233535887106576],[101.29260262259209,15.233674839992194],[101.2933963844713,15.233993034404346],[101.29368954079152,15.234122707122918],[101.29456626862206,15.23459780762424],[101.30904434996633,15.242488351174075],[101.3113253155966,15.243709077830463],[101.3207290773781,15.248832647126214],[101.33032993512185,15.25403975009713],[101.33079093287574,15.254314645470439],[101.3315242560122,15.254834088599608],[101.33212818184793,15.255340554382599],[101.33234097840261,15.25554631085358],[101.33284172504707,15.256075348036738],[101.33340008878474,15.2568045744279],[101.33362532637189,15.257132114319367],[101.33402815511184,15.257823510239254],[101.33876648193527,15.267799381301618],[101.3399575671585,15.270289661683094],[101.34008202719426,15.270521420117117],[101.34035267437375,15.270945280467346],[101.34049142831174,15.271133870642663],[101.34075722665354,15.271453777924126],[101.34111582180289,15.271815770314955],[101.34141044619992,15.272070838416075],[101.34167485513201,15.272265293541267],[101.34190566889905,15.272427811337952],[101.34227003035393,15.272642719666022],[101.34281938469941,15.272884371914328],[101.3431087230937,15.27299607872346],[101.34521878159323,15.273748470544374],[101.34608614593856,15.27402265887862],[101.34691577957929,15.27422550378337],[101.3472637827432,15.274297143663],[101.34778552870529,15.274381317974449],[101.34828127128476,15.274451425176549],[101.34928683049624,15.27453050343517],[101.35097050522265,15.274544638136508],[101.37083573133549,15.27454361506075],[101.37248687119578,15.274551234708307],[101.37298203177501,15.274571075930247],[101.37340728099986,15.274613176751615],[101.37405864266037,15.274728182031591],[101.37437361359761,15.274818075165838],[101.37477417211441,15.274964416922176],[101.37503398439647,15.275076392907334],[101.37542793588557,15.275290928189522],[101.37591525354294,15.275597686641227],[101.37620581837618,15.275816906680372],[101.37648929161888,15.276061290592256],[101.3767246768055,15.276299023977948],[101.37698281416431,15.276590301878826],[101.37717017447913,15.276828526438976],[101.37744065701058,15.277230814734537],[101.3776407265532,15.277612350650783],[101.37783006884881,15.278026249810955],[101.37798302133251,15.278487142078426],[101.37807204576922,15.27884833906877],[101.37812674156339,15.279113078747892],[101.37816161746008,15.279585993890127],[101.37822642665954,15.285332830907564],[101.37820850737226,15.285709484900085],[101.37817488758559,15.286003860089734],[101.37812617342733,15.286269698407212],[101.37799217180942,15.286834031372642],[101.37782028275062,15.287312732893655],[101.37763992645564,15.287698291766963],[101.37733237417281,15.288268077121275],[101.37707385953581,15.28892696555772],[101.37693290441659,15.289530819428117],[101.37687826789897,15.289925810214374],[101.37684935441116,15.290309759772489],[101.37686774571262,15.290958527417528],[101.3773564381558,15.295639557205067],[101.37745574892388,15.296911337536898],[101.3775541008517,15.29875323472312],[101.37756077666548,15.300653462040074],[101.37762163349173,15.301463134105262],[101.37778286792198,15.30265538018604],[101.37792851842006,15.303449792655178],[101.37870835472486,15.305445773980061],[101.3788229398132,15.305778017968438],[101.37890001951526,15.306060446072147],[101.37905480750244,15.306682670911206],[101.37962159073074,15.30976371184009],[101.37972258353012,15.310200062669946],[101.3800676765641,15.31131506064176],[101.38022653770246,15.311969507596833],[101.38039896709577,15.312842523661903],[101.38063920127165,15.314811970138887],[101.38071319851058,15.316127049484875],[101.38070904182378,15.316740197233662],[101.38063594233726,15.318782975553749],[101.38068352352026,15.319501995628917],[101.38072024956617,15.319960880948024],[101.38080794540203,15.320740696236712],[101.38087554603781,15.321138011123885],[101.38099184503892,15.321657270828828],[101.38106757892697,15.322077459263323],[101.3811188098024,15.322421365680732],[101.3811640357669,15.322933723813016],[101.38113534532683,15.32372010803927],[101.38090681262656,15.325723228668421],[101.38080772351726,15.327739325892088],[101.38074658890591,15.328539526119805],[101.38061656389871,15.329455210046623],[101.38024350331888,15.331420426265284],[101.38016462992061,15.331959085693118],[101.38002376039834,15.333875236000111],[101.3799078567089,15.334733395825483],[101.37971101041917,15.33562109630233],[101.37959027483541,15.336052649100333],[101.37939826151654,15.33689426509204],[101.37936078485905,15.337246703555477],[101.37937525677948,15.337608652965285],[101.37949643299478,15.338241037934445],[101.37962581615544,15.338682226449324],[101.37980756648334,15.339173145929468],[101.38002895802707,15.339502691488963],[101.38029124439404,15.339781531317042],[101.38054236198674,15.339990071051366],[101.38086638004802,15.340228027299895],[101.38159627903318,15.340612496183002],[101.38188806528959,15.340750199073097],[101.38221058332661,15.340857397292211],[101.38259485020382,15.340923692590346],[101.38303125694978,15.341019625982465],[101.38340572416243,15.341136313294545],[101.38373895631321,15.341273570595856],[101.3843911039849,15.341709427096964],[101.38465235082927,15.34193968501854],[101.38495745104396,15.342240409940263],[101.38516391006569,15.34252503792211],[101.38531979447463,15.342800216584438],[101.38548256297503,15.343142686543636],[101.38572418635101,15.343595453790165],[101.38648504165444,15.345197169282754],[101.38692751237116,15.346092386613375],[101.3871667897597,15.346663496828404],[101.38722809007373,15.34685644523804],[101.38733566104155,15.347543695373663],[101.38734635997618,15.347834006382257],[101.38732834657813,15.348199909178065],[101.38660671026905,15.355532560179414],[101.3864059963378,15.357724359744457],[101.38643027339639,15.358205816270889],[101.38646297307969,15.358435371739398],[101.38658891796129,15.35892669221457],[101.38670901291307,15.359235609688954],[101.38684375448513,15.35950786583524],[101.38701609323067,15.359779737101848],[101.38716131454927,15.359982534527276],[101.38748536910782,15.360365900713584],[101.38786866248525,15.360668351189414],[101.3880734103929,15.360812137451093],[101.38832339151132,15.360966371679924],[101.38861072145613,15.361098318110528],[101.38886773695891,15.36120870218282],[101.3892186809734,15.361310769045419],[101.38973127900339,15.361407456889879],[101.39026171922347,15.361420009608219],[101.39050980889871,15.361406393669037],[101.39102412536806,15.361324239370468],[101.39124532573868,15.361263473037608],[101.3915225661656,15.361169264961655],[101.39179204480772,15.361053232156863],[101.39212470034587,15.360870839924596],[101.39240461399292,15.360681724029652],[101.39262445819074,15.36050054261231],[101.392840277423,15.360297516395704],[101.39303348129026,15.360091068703209],[101.3932890482214,15.359745280919416],[101.39357989855057,15.359194741449697],[101.3936677385875,15.358982136599751],[101.3937906772844,15.358550184903391],[101.39383622996975,15.358257754513922],[101.39387210469259,15.357775635837324],[101.39384744442751,15.356932900516645],[101.39384778673998,15.356633647228154],[101.3938644196862,15.356443695230102],[101.39393434434076,15.355979472305995],[101.39403213716865,15.355649976578881],[101.39413806675505,15.355375140154013],[101.39432167212793,15.35498633137485],[101.39461764419981,15.35455616487794],[101.39472519676467,15.354423646012853],[101.3950747629931,15.354076846360572],[101.39545891868949,15.35379535700695],[101.3957614342157,15.353609639863533],[101.3959371236226,15.353516518519868],[101.39627401981213,15.353377870163724],[101.39642761228289,15.353325116445241],[101.39679517597655,15.353237239925019],[101.39748221075922,15.353131310288045],[101.4013732235563,15.352673389440227],[101.40167012198215,15.352655593185125],[101.40203125453036,15.352662654455482],[101.4023701070528,15.35269548736673],[101.40268651279978,15.352739515530084],[101.40327475979296,15.352875507818437],[101.40367490909051,15.353006218534093],[101.40435940011133,15.35333458621896],[101.40465488375145,15.353521152368597],[101.40492792041275,15.353718932129642],[101.40530383471278,15.35403236449591],[101.40558165204713,15.354317660521222],[101.40592101842624,15.354722737157022],[101.40611991322307,15.355012528627002],[101.40627320177191,15.35526268216164],[101.40641545278812,15.355531197169794],[101.40665168545262,15.35612713958907],[101.40674182362125,15.356443673767409],[101.4068141081747,15.356844306158148],[101.40688064018671,15.357398306453513],[101.40687376877463,15.357781550412296],[101.40683085263277,15.358303873386141],[101.40656777455827,15.359631437750672],[101.4065256836131,15.360109273642612],[101.40651117089593,15.36051959476698],[101.40655752061788,15.361208930575868],[101.40663740668155,15.361760047285731],[101.40670935227509,15.362056056201439],[101.40689514088396,15.362621996114504],[101.40704712972274,15.362998990966519],[101.4073492086886,15.363589279572116],[101.40761764408386,15.364005941177187],[101.40778913538519,15.36424459044004],[101.40825948018434,15.364792114104361],[101.4086439338327,15.36520751945658],[101.4088891902734,15.365440244792076],[101.40910847286375,15.365709052567377],[101.40941947853526,15.366155963555066],[101.40954350007273,15.36639510641662],[101.4097229227843,15.366863902402283],[101.40979968616027,15.367118913293082],[101.40987073625914,15.367572008860474],[101.40989133893545,15.36799247649462],[101.40988184730284,15.368195264564111],[101.40981977344126,15.368624268791452],[101.40976357018155,15.36887729463285],[101.40969890165668,15.36908068073337],[101.40961465111663,15.369295767296572],[101.4093911668216,15.369741819110146],[101.40912734922931,15.370107990285751],[101.40881995505958,15.370455503175764],[101.40741982774111,15.371751832303882],[101.40711624303691,15.372087830888006],[101.40680976419935,15.372515666082029],[101.4066284429153,15.372858001450616],[101.40652479955618,15.373100051332324],[101.40645609290996,15.37329583878303],[101.40634670703332,15.373725354461582],[101.40631738593459,15.373916885724046],[101.406290021446,15.374280518526769],[101.40629787569303,15.37462079074842],[101.40634985996331,15.375029448693642],[101.40646535529831,15.375475663712228],[101.40665962947769,15.37591719727992],[101.40680056280644,15.376175732315733],[101.40701711922385,15.376498465475517],[101.40741244097977,15.37694163424081],[101.40765917346312,15.377145481230086],[101.40804861679067,15.377420458002565],[101.40835401791017,15.377585426457824],[101.40865513888548,15.377719838925549],[101.40890842876507,15.377808883995389],[101.40925626606624,15.377893093795889],[101.40956828607338,15.377947070934221],[101.40997458952995,15.377973273347019],[101.4129240265589,15.3780636849778],[101.41342428430491,15.378035318764542],[101.41369184614149,15.377994174406089],[101.41414009621197,15.377897525376522],[101.41746614148857,15.377150092424152],[101.41782405311595,15.37708118979844],[101.41833572954043,15.377018257734754],[101.41860377384477,15.377019174560978],[101.41895101166993,15.377049813916702],[101.41937753668934,15.377121662866996],[101.41991561270146,15.377295574222126],[101.42016916984625,15.377407544682885],[101.42060562170418,15.377655195797347],[101.42097962174145,15.377957087541674],[101.42119895343342,15.37817651640847],[101.42156675942088,15.378623784333895],[101.4218481610701,15.379098764750477],[101.42194535931095,15.37932335121507],[101.4221046023256,15.379799659652086],[101.42215480592472,15.380051529518083],[101.42219912587854,15.380475545419623],[101.42220275183783,15.380789106377255],[101.42215653442868,15.382587067167139],[101.42217491222883,15.3828125112895],[101.4222467789562,15.383232397623729],[101.42233756522484,15.383583251967087],[101.42241487467626,15.383792753582533],[101.42258843160242,15.384142706461427],[101.42280934640715,15.384499803233219],[101.42293343164145,15.384662892819712],[101.42533896235861,15.38747436013003],[101.42554223052157,15.387667185765514],[101.42573323381684,15.387821902572814],[101.42618628076637,15.388138201544457],[101.42641230843917,15.388254293249824],[101.42682832155276,15.388437155564326],[101.42709327360399,15.3885107490727],[101.42773329519046,15.388633792424052],[101.42845088139758,15.38864890005129],[101.42917973048489,15.388614168833476],[101.42948737759723,15.388629939574063],[101.42997700368868,15.38870107515901],[101.43021427756918,15.388767307314932],[101.43090695504102,15.389012152275084],[101.43216307641192,15.389509890074537],[101.43296247079253,15.389846326041333],[101.43336303338933,15.390056115770967],[101.43365303001144,15.390247983623404],[101.43407890116298,15.390598974184941],[101.43431050827098,15.390856494042566],[101.43460681086567,15.391250992119575],[101.4350326548952,15.391938537766727],[101.43519687855279,15.39216236347307],[101.43559625893137,15.392609273555767],[101.43609347147137,15.39299390834674],[101.43643076327069,15.39318525437372],[101.43691022528107,15.393397982225817],[101.43732150616736,15.393512030772051],[101.4379335525983,15.393600934943215],[101.43827662739699,15.393612455546313],[101.43894981583622,15.393536247119668],[101.4392327997648,15.393464299664474],[101.43961754008133,15.393330052027967],[101.4401428007007,15.393075705441227],[101.44081647902698,15.392705001836296],[101.4411615807155,15.39255205602697],[101.44166058424238,15.392412739411595],[101.44206584003716,15.39234708681823],[101.44252674868875,15.392322912539631],[101.44284622154237,15.392338515005775],[101.44329245177,15.392406284773873],[101.44355339458896,15.392472260404842],[101.44889731821236,15.394046440104466],[101.44958585641285,15.394272136112043],[101.45010102020358,15.394503570737175],[101.45027556005488,15.394597260601886],[101.45050979285149,15.39473998711028],[101.45090322004724,15.39501100303876],[101.45118570089346,15.395233528605406],[101.45150411613729,15.395493899180716],[101.4559910994587,15.399362349492504],[101.45749395592173,15.400617315509452],[101.45810434303233,15.400983435646804],[101.45829761672603,15.40107689266493],[101.45871338349701,15.401234825230562],[101.45942504613672,15.401413385810562],[101.45986907719374,15.401461070272559],[101.46032751189227,15.401475107338477],[101.4606132117915,15.401467170903354],[101.46102650591199,15.401414788290378],[101.46144932038064,15.401333622031444],[101.46184201613704,15.401204983250786],[101.46220496827995,15.40106233418637],[101.46262626173827,15.400852102141197],[101.46302721837087,15.400589533190859],[101.46335914915936,15.400322918264271],[101.4636708753173,15.400013531105257],[101.46403553338561,15.399598378596334],[101.4642727309769,15.39923721846006],[101.4644074775915,15.398963260651076],[101.46455717112401,15.398703456356985],[101.46476383501006,15.39826137836179],[101.46486521220818,15.398088121147575],[101.4649716429144,15.39791488194478],[101.46537170526288,15.397410419689791],[101.4655784040459,15.397220749848204],[101.46592594905925,15.396941544928472],[101.46627035686905,15.396731216363115],[101.46674473420371,15.396511786480565],[101.46710603750363,15.396396882545504],[101.4673811793912,15.396328816360631],[101.46766848537303,15.39629119738917],[101.46793627483586,15.396269113096468],[101.46894155518429,15.396277062387687],[101.46945380433235,15.396259901857135],[101.47034339323814,15.396150594916092],[101.4707209575287,15.39607755635273],[101.47108255348819,15.395989414273766],[101.47149894242405,15.395866231698026],[101.47148815164373,15.395866499812671],[101.4724883749048,15.395533980254498],[101.4727162977766,15.395474092588696],[101.47293266914225,15.395437256034496],[101.47344468860379,15.39540097852217],[101.47391797430649,15.395422482646104],[101.47432076119307,15.395483012415223],[101.47475978267916,15.395608149416374],[101.4752036114675,15.395805885716381],[101.4754695313591,15.395959719494423],[101.47575557516427,15.396147740531008],[101.4759983953814,15.396347730587998],[101.47628557158855,15.39663135081338],[101.47643761055934,15.396820863424901],[101.47691505433514,15.397526863810354],[101.47927043802638,15.401359241773452],[101.4821961380271,15.40607243422604],[101.48268104637104,15.406740091883199],[101.48312152533481,15.407316443752595],[101.4833176215514,15.407562827487773],[101.4836852879412,15.407983197977313],[101.48395699434494,15.408289918083554],[101.48473494983405,15.409069015149583],[101.48526504740481,15.409556407209806],[101.4856989548795,15.409911020421664],[101.4865742616153,15.41058576730234],[101.48724208137847,15.41105248129668],[101.48824682809298,15.411672230685673],[101.4886715306523,15.411916046989898],[101.48947275580839,15.412327717316275],[101.49009501223915,15.41260755669937],[101.4908477932404,15.412924171809664],[101.49174650686719,15.413246805363794],[101.4925260183825,15.413490443263653],[101.49342758811073,15.413721256003761],[101.49420217035373,15.413880821141175],[101.49498828395983,15.414017312406152],[101.49557266132007,15.41409486872393],[101.49678800440365,15.41419211818301],[101.4976950517655,15.414220159665637],[101.49808920499461,15.41421572617709],[101.50527590192402,15.413897664473218],[101.50660486909923,15.413936208300228],[101.50782036308067,15.414044865548258],[101.50880772981844,15.414198144694161],[101.51258075644544,15.414885900594768],[101.51355290959124,15.415085229166156],[101.51438333014288,15.415297628695543],[101.51552687376463,15.41565177953965],[101.51999292405264,15.417253158987666],[101.52124897766029,15.417781938023692],[101.52199871144111,15.41816729299776],[101.52294333264884,15.418695768379598],[101.523785647403,15.419240683765624],[101.52462863301844,15.419839145257237],[101.52684661495941,15.421672420007171],[101.52816492817907,15.422781701330864],[101.52896443668465,15.423369149131506],[101.529746975724,15.423857348543766],[101.53044952627741,15.424250884696143],[101.53135733432023,15.424664999077132],[101.53183275847468,15.424858434075382],[101.53223676263488,15.425014424299933],[101.53283826648584,15.425202588164474],[101.53393371035807,15.42548454892128],[101.53446718632205,15.425589346358551],[101.5427103554999,15.426871708896938],[101.5550063567573,15.42880692961253],[101.55604073285969,15.428928862187481],[101.55713760822569,15.429004171337779],[101.56258283041741,15.429079003915398],[101.56306808827189,15.429107826461784],[101.56375879002799,15.429172494774871],[101.56439049975845,15.429249330960449],[101.56491975941506,15.429331160726719],[101.56624377083546,15.429602650644693],[101.57281815965624,15.431094332125724],[101.57430840455302,15.431417380406238],[101.57773213239851,15.4322036100657],[101.58548429657488,15.433925929299592],[101.58767066229015,15.434431976770167],[101.59298001730001,15.435624207644894],[101.60467388478955,15.43822890762628],[101.62304172585378,15.442348644010934],[101.62389949416514,15.442529698098928],[101.63455027578216,15.444907970211728],[101.63498123710643,15.445006089406503],[101.63561020140038,15.445174516246738],[101.63685320192613,15.445576528555105],[101.63753856490496,15.44583986231071],[101.63814494969168,15.446092664167212],[101.64452321958892,15.449159798369196],[101.65039769280118,15.451968940491449],[101.6529718322998,15.453184676324796],[101.66487214071724,15.458880687062367],[101.66716873615572,15.459961925936645],[101.67355170139419,15.463028056924133],[101.68142216286518,15.466779503791084],[101.68192959594937,15.466995131396304],[101.68434205663425,15.468181808917597],[101.69151453280654,15.471593373320003],[101.69424822906156,15.472917492361676],[101.69910005487645,15.47521755488714],[101.70141715931614,15.476336368161364],[101.70279343714816,15.476961916001157],[101.70656253434366,15.478762659770453],[101.70924823361634,15.480022149931083],[101.713101045769,15.481886721846537],[101.71400551476992,15.48230769470489],[101.7165726798562,15.483541788901254],[101.71823488355497,15.484316670623588],[101.71890956850831,15.484652488655083],[101.72345641743271,15.48681038408561],[101.72645220259372,15.48824936348248],[101.72695652545828,15.488522253185392],[101.72758838468503,15.48889682095573],[101.7285469125803,15.48952733808932],[101.7298648840233,15.490505196524435],[101.73980275683552,15.498101936863812],[101.74774496650757,15.504124717613463],[101.75213096474388,15.507484488554251],[101.75251718872906,15.507766437150359],[101.75405906567283,15.508959257295526],[101.75624588412649,15.510614285274553],[101.75794718071248,15.511931268843382],[101.76021762089877,15.513642562776432],[101.76883889482544,15.52022941877541],[101.76932875980499,15.52059032470786],[101.77766369511737,15.526954769957298],[101.7886842558876,15.535339589815443],[101.80037707297805,15.544259877939618],[101.81065783054119,15.552134054201302],[101.81314819054198,15.5540019789433],[101.81406803640989,15.554575671779965],[101.81473883378787,15.554961365210517],[101.81597894068831,15.555519006475224],[101.81678414767418,15.555819353287985],[101.81750797087878,15.55602516730741],[101.81811398685595,15.556178700138576],[101.81898510743,15.55634078514315],[101.82030628588896,15.556515045310345],[101.82083040966025,15.556538203026102],[101.8218531333161,15.556519125245154],[101.83585368619654,15.55584904968967],[101.84694906625576,15.55535381676757],[101.84782437377264,15.55537236959624],[101.84898433131914,15.555476848979751],[101.84971319521868,15.555598849354231],[101.8503990544326,15.555733333965312],[101.85190253202819,15.556167882609415],[101.85246624925303,15.556381605264217],[101.8531235838154,15.556677751421697],[101.861976053589,15.560929648007942],[101.89319078590705,15.575840671092568],[101.89372513085067,15.576079293917589],[101.89435933555369,15.576336169149409],[101.89527550519009,15.576628762875906],[101.89604273836467,15.576845670215286],[101.89686484421453,15.57702001662922],[101.89771107794185,15.57715821663978],[101.89855031213641,15.577236747753155],[101.89929644554577,15.577268730907369],[101.90083730487294,15.577213900630097],[101.90388630878886,15.576904616644194],[101.92108178227558,15.575062646270124],[101.92603403550372,15.574517218951874],[101.93483357833482,15.573583766480692],[101.94585560995351,15.57239275923309],[101.95507361311232,15.571426934629597],[101.95980219125032,15.570895797620288],[101.9712588256113,15.569678163492988],[101.97221951521509,15.569635319903997],[101.97339660696055,15.569643309525903],[101.97440813260798,15.569707293806372],[101.9754450776732,15.56982467228533],[101.98353047453197,15.571148749207646],[101.98558145338338,15.571503210962439],[101.9893912576257,15.572114216878234],[101.9913148631894,15.57245209908808],[101.99958426642247,15.573791559412786],[102.00295101521415,15.574366821856259],[102.00697220869118,15.575028638229622],[102.01342087205586,15.576081240152448],[102.01672471161413,15.576602417856726],[102.01883345831841,15.576990432626008],[102.02286458726445,15.577630001266032],[102.02656418159225,15.578244279661911],[102.02914151925923,15.578688616203037],[102.03484276369296,15.579597408270853],[102.03756732459836,15.580074800608443],[102.04053868635577,15.580575909362294],[102.04727107202052,15.581635479861662],[102.0576241236501,15.583361302917623],[102.06711835853251,15.584889384895675],[102.08197023586256,15.58732471217078],[102.08500308381734,15.587807751399293],[102.08567051644265,15.587935761114759],[102.08661036644592,15.588149519498264],[102.08713621787093,15.588285466876837],[102.08839333243967,15.58869782412665],[102.09969495261255,15.592822445364584],[102.10803181548218,15.59581761080787],[102.1161508618233,15.598778265679211],[102.12028465653238,15.600269910320405],[102.12873531067325,15.60338030303621],[102.13298063368394,15.604863780838723],[102.13729170081412,15.60645787785896],[102.14049496039776,15.607571623146045],[102.14150697781407,15.607898883373528],[102.14276933865312,15.608263013295982],[102.14302102475914,15.608318082965782],[102.14440048426485,15.608532095029636],[102.14556060151287,15.608634927734924],[102.14652236382724,15.608662951787748],[102.14734813537395,15.608663058142263],[102.15016969111076,15.60844994736932],[102.15493534982063,15.607966058052757],[102.16416066054005,15.607076797880882],[102.16719568434391,15.606799542402497],[102.17622534840864,15.605910375936478],[102.1786996688701,15.605690541132677],[102.1842350825119,15.605153413200508],[102.18905505100086,15.604723508972246],[102.19202463057503,15.604395319023602],[102.2035225103267,15.603307852444086],[102.21237453464815,15.602431578611291],[102.21829524359991,15.60188677919466],[102.22119628119857,15.601590016635127],[102.23215419684256,15.600537917050678],[102.23400566713217,15.6003411220736],[102.2371455810423,15.600046129336702],[102.24254635675108,15.599513573672454],[102.24499155151345,15.599290449135125],[102.25534335518115,15.598288063138044],[102.25703541753589,15.598137559422383],[102.25747903396079,15.598136952008154],[102.25794171614618,15.598171893642819],[102.2584909107693,15.598223467962026],[102.2591086253828,15.598321782051727],[102.26660692474958,15.599858572307996],[102.2673978968304,15.600002079600525],[102.26788643355944,15.600114233405119],[102.27158894312024,15.600853335559108],[102.27182416243566,15.60092149642442],[102.27553900869742,15.601660342705738],[102.28398943876218,15.603391306466778],[102.28766729418672,15.604124512116048],[102.28820531747893,15.604247819613489],[102.29256325248639,15.60512602125075],[102.29537614527479,15.605710834055923],[102.30207683640982,15.607055237339884],[102.30246617500592,15.60712701541577],[102.30290458786233,15.607186109600544],[102.30366323470423,15.607234412172671],[102.30402071854328,15.60724097507487],[102.30501174206977,15.607178279063481],[102.30557106707852,15.60709222190934],[102.30634474696112,15.606925317348049],[102.30685970177569,15.606762290177507],[102.30753974501356,15.606519158091558],[102.30806586898609,15.606284315742922],[102.31893747918467,15.601092240334754],[102.31993452922217,15.60064125915906],[102.32053502284695,15.600435108439022],[102.32095821473494,15.60031526211832],[102.32149228991072,15.600193718852879],[102.32213734383974,15.600076486137755],[102.3234849870005,15.59997248698542],[102.32567047116072,15.599861763759916],[102.32717844509818,15.599767258537192],[102.33126640244838,15.59957391873348],[102.34713586711474,15.598705603171044],[102.35562470325576,15.598279020371534],[102.35678765853012,15.598164184059705],[102.35729166690577,15.59809079059522],[102.35791790062592,15.597955811007244],[102.35874544762044,15.59769833677048],[102.35913742670128,15.597554993492487],[102.35956566536258,15.597369312647482],[102.36045795058624,15.596925739941632],[102.36259508974813,15.59574654988477],[102.36892201685137,15.592329608283327],[102.37187765219022,15.590725790277807],[102.37257354775632,15.590332946287486],[102.38523269513917,15.58350434940964],[102.38813290495949,15.581919124181805],[102.3918884309888,15.579902688886415],[102.39962442543438,15.575704975187067],[102.40404547184603,15.573343700470556],[102.4047493591051,15.573070080321433],[102.40536235573968,15.572887418191875],[102.40592706467798,15.572765234120553],[102.40650438527565,15.572660750298665],[102.40705159900023,15.572598530112721],[102.40789520596229,15.572579487584646],[102.40843754063937,15.572594968149755],[102.4089927827586,15.572646076277076],[102.40980189825375,15.572776845602997],[102.41038921604665,15.572905061188049],[102.41136191163613,15.573242267175992],[102.41234274002719,15.57369875062869],[102.41876038483336,15.576984594884086],[102.41936974986706,15.57732740859609],[102.41974331766795,15.577566404010952],[102.42009254726167,15.57782369201427],[102.42043609350931,15.578110923250941],[102.42116196096441,15.578792246078146],[102.42185443108586,15.579605639539436],[102.42190417127888,15.57964468642827],[102.42204742561744,15.579811427779406],[102.42427208891428,15.58246370412219],[102.42593282347858,15.584539570490334],[102.42662981878368,15.58533477213284],[102.42844616802431,15.587503724251759],[102.42939439254366,15.58858756631315],[102.4299233519317,15.589143658920289],[102.43039723921,15.589593644721086]]}},{"type":"Feature","properties":{"NAME":"SOUTHERN RAILWAY"},"geometry":{"type":"LineString","coordinates":[[100.46657698392853,7.009334460002348],[100.46657611426015,7.009181096830252],[100.46670113593025,7.0080106196990375],[100.46668663991271,7.007358438282754],[100.46662553666222,7.006443009380099],[100.46663693914176,7.006111757893652],[100.4670159189817,7.003206607863917]]}},{"type":"Feature","properties":{"NAME":"SOUTHERN RAILWAY"},"geometry":{"type":"LineString","coordinates":[[100.48359368020098,13.76052973688138],[100.48472547772107,13.760369999128258]]}},{"type":"Feature","properties":{"NAME":"NORTHERN RAILWAY"},"geometry":{"type":"LineString","coordinates":[[100.63701276978645,14.40490510943636],[100.62977948486403,14.40113768287271],[100.62337947073101,14.397778115121152],[100.59325976087966,14.382075449817059],[100.59246669000942,14.381631043717835],[100.59218225570336,14.38144557015886],[100.59162369772979,14.381047285668329],[100.59109629258981,14.38060451169813],[100.59044858774806,14.379954701567167],[100.5901032953432,14.379565215439257],[100.58989864393908,14.379294033205264],[100.58945360217388,14.378636045383859],[100.58915987519269,14.378123538648525],[100.58886884438124,14.377495188490657],[100.58872298612846,14.377135015131246],[100.58860162808497,14.376778082927327],[100.58850116176654,14.376410793100913],[100.58763312089307,14.372774473468382],[100.58738519038232,14.37181533269762],[100.58720336192705,14.371305477384382],[100.58697223234878,14.370751691822177],[100.58635732053638,14.369573411665884],[100.5861761206824,14.369254400379157],[100.58532357593252,14.367615594830287],[100.58494857086379,14.366863830230207],[100.58442268522029,14.365667212952388],[100.58397938656776,14.364734937005752],[100.58343695163471,14.363516269631743],[100.58324074952064,14.36293660673228],[100.58316048222086,14.362579636450475],[100.58306535216221,14.361899411259794],[100.5829895757632,14.360860550073454],[100.58298884647549,14.360411195210084],[100.58325168488291,14.354761666463476],[100.58332341205048,14.353625949556596],[100.5834002588846,14.353107973395867],[100.58348471515913,14.352718839810118],[100.58437527236569,14.34927976080709],[100.5848535077733,14.34738251503875],[100.58500193494099,14.34672722540226],[100.58505141369591,14.34622753644239],[100.58505940998654,14.34568797313608],[100.58503171282022,14.345102722849752],[100.5849390301067,14.344480606022001],[100.58465893458244,14.343159499183397],[100.5829813248317,14.335640365042659],[100.5828345382525,14.334855022788615],[100.58276234857364,14.334218421614148],[100.58274628975434,14.33360724966229],[100.58276656774188,14.333139334623034],[100.58280174195586,14.332700031652955],[100.58361898691174,14.325847248433895],[100.58510880707236,14.312923224523022],[100.5863341236295,14.302580911943215],[100.58826009738169,14.285717450615959],[100.58897837006018,14.279739752259502],[100.58911546011349,14.278309692237542],[100.58911244010025,14.27787923191848],[100.58906634379338,14.277185070705984],[100.58825929674177,14.270360322078586],[100.58658284034064,14.256390663993765],[100.58563846716855,14.248389120527856],[100.58516953174545,14.244631411977036],[100.58436220553088,14.237747949767884],[100.58392754865349,14.234292332681273],[100.58304061596004,14.226919513899727],[100.58237164917196,14.221030021594514],[100.58152818652027,14.213856445018418],[100.58105008932242,14.209925331799361],[100.57931625271007,14.19504386416954],[100.57893745182126,14.191565777353325],[100.57850005183815,14.188009974150992],[100.5780384526492,14.184118509710913],[100.57789091364705,14.182755201277182]]}},{"type":"Feature","properties":{"NAME":"NORTH EASTERN RAILWAY"},"geometry":{"type":"LineString","coordinates":[[102.08021009530306,14.972232659908308],[102.08041470708332,14.97231572145197]]}},{"type":"Feature","properties":{"NAME":"NORTHERN RAILWAY"},"geometry":{"type":"LineString","coordinates":[[100.15105841710628,15.700728520325404],[100.1508593545977,15.700537603661628],[100.14997242658306,15.699537110461378],[100.1497339285722,15.699300781590543],[100.14933028558039,15.698932169565259],[100.14881633716764,15.698598076526105],[100.14821065619697,15.698246188826],[100.14411319604118,15.695999312388436],[100.13929385421847,15.693323734762599],[100.13543381336761,15.69122704990103],[100.12943345323872,15.687939644879233]]}},{"type":"Feature","properties":{"NAME":"NORTHERN RAILWAY"},"geometry":{"type":"LineString","coordinates":[[100.15105841710628,15.700728520325404],[100.15073754476508,15.700339014403594],[100.15050370702598,15.700024558751664],[100.15039897259125,15.699838563929042],[100.15025404068592,15.699528417097312],[100.15009834472825,15.699060492380577],[100.149996682917,15.698539653039399],[100.14998019171396,15.698243176021954],[100.1500021991755,15.697764745466499],[100.15008860903077,15.697324240357485],[100.15029102117511,15.696438279090028],[100.15159424942173,15.691102939518204],[100.16098100551943,15.652759041247744],[100.1677021330179,15.62511770439522],[100.1684683947201,15.622064333376573],[100.16927592737945,15.618675912054414],[100.17249590289813,15.60554677803228],[100.17329124138958,15.602200284989543],[100.1765359647828,15.588946016745178],[100.17670376647423,15.588079363789308],[100.17676982377189,15.587548064695566],[100.17679114909389,15.58695961737568],[100.176784370192,15.586634395630217],[100.17654642425468,15.57951346752788],[100.17654397463656,15.579082999796354],[100.17644542743223,15.576505362384408],[100.17621607221243,15.569150016466068],[100.17604848271033,15.564841229606255],[100.17587756743384,15.559073590488813],[100.17578491440298,15.556663339552134],[100.17527138235066,15.540938822341026],[100.17495006291114,15.531458754484047],[100.17490145950237,15.530513354228594],[100.17471228568506,15.524984949544404],[100.17397690940571,15.502643500387768],[100.17373268881495,15.49586779122824],[100.17356678576914,15.490941927242643],[100.17350802582587,15.488745997730442],[100.17294393839289,15.47215347562159],[100.17298237413938,15.471094274816359],[100.17304940560646,15.470387897467198],[100.17323863047676,15.469306369087139],[100.17336867898901,15.468750328854467],[100.17372617398378,15.467599023477561],[100.17415976955937,15.466559240548463],[100.17452835972985,15.465799614116381],[100.17477437237481,15.465346294662474],[100.1755490364576,15.464179852750446],[100.17628075298539,15.463271921202013],[100.17688090878816,15.462644535854349],[100.17737094334429,15.462172682588369],[100.17782148781127,15.461782844022554],[100.18748766495607,15.453724109728654],[100.19224080218977,15.449738070950662],[100.19494878430024,15.447497842530275],[100.19699834505991,15.445773446437826],[100.20998452887626,15.434949343969853],[100.22351438233146,15.423630309981595],[100.22470028522925,15.422658830225604],[100.24532318399145,15.405422543875417],[100.26148623329091,15.391953727459104],[100.26456142255441,15.389371038897236],[100.29188819517961,15.366560472004975],[100.29781742938106,15.361584862551172],[100.31320388027906,15.348738447967387],[100.31397488949781,15.348086368852629],[100.31443939799207,15.347670211956897],[100.31495453179164,15.347144184538243],[100.31511762166767,15.346958920966836],[100.31572312733073,15.346108590719119],[100.31587542278304,15.345838717671514],[100.31609860874697,15.345414021324059],[100.31629100540316,15.34498950648058],[100.3165942498312,15.34423558942613],[100.31889177971762,15.338190058964674],[100.32091185107478,15.332933138865355],[100.32146706012647,15.331440555485683],[100.32190160445126,15.330347148323048],[100.32897134721141,15.311805559551765],[100.32930362431178,15.31098701831661],[100.33363969210247,15.299554792342121],[100.34361903025767,15.27346462100195],[100.34459290293864,15.270883633077327],[100.34720738049796,15.264078887100212],[100.35064881219022,15.255027705010777],[100.352193153122,15.251018700858001],[100.36027355118829,15.229825196230207],[100.3603980349573,15.229531941075658],[100.36092104169066,15.228125432380603],[100.3613268335023,15.227111355422904],[100.36155423633963,15.226623531649905],[100.36185652252873,15.226057781931004],[100.3623697765722,15.225206638680287],[100.3631652214169,15.224117001353413],[100.36350842552822,15.223710275731898],[100.36490445576993,15.222255402107356],[100.36722543321429,15.219860767853923],[100.36841064295817,15.21871711552454],[100.36921180951457,15.21783405107175],[100.37084977651489,15.216097870973014],[100.37579093877146,15.211013925248666],[100.379368665241,15.207357895928514],[100.38084613687435,15.205836852976503],[100.38116347211569,15.205492461136023],[100.38884738401875,15.197580417676901],[100.39565459712284,15.190577588978536],[100.39807631253768,15.18810457083174],[100.41083930010407,15.174951618676147],[100.4174985459222,15.168120718850897]]}},{"type":"Feature","properties":{"NAME":"NORTHERN RAILWAY"},"geometry":{"type":"LineString","coordinates":[[100.07843662644932,17.343954771579348],[100.07857630821887,17.34314535029833],[100.07875218060013,17.341903349055],[100.08398766450142,17.311208263081678],[100.0845429119711,17.30784908347557],[100.08515420298762,17.304349999031295],[100.08630789661886,17.297498332054545],[100.08649078477687,17.296624368934868],[100.08681369688114,17.29558407745663],[100.08723865666225,17.294131836418224],[100.08733124672874,17.29389052325655],[100.08754557302824,17.293036453123385],[100.08833832306627,17.288411430703526],[100.0884223071288,17.28759821404625],[100.08855696453548,17.284742769532098],[100.0886454505776,17.283804087892957],[100.09156261992104,17.266604757197943],[100.09219558636129,17.262980186018474],[100.09229864334046,17.262344205330486],[100.0923805608641,17.261605702715165],[100.09240031859667,17.260776767105636],[100.09237662280353,17.260240150833134],[100.09232474816609,17.25980232612462],[100.09224821172748,17.25936071113582],[100.0920709452915,17.258552576854214],[100.08198292049376,17.21902570607642],[100.0815135912295,17.217259850631322],[100.08079151233846,17.214390551962254],[100.07933690471468,17.208766812605074],[100.07917953511291,17.208098430945288],[100.07810393543399,17.20384019284333],[100.078030842045,17.20339316299515],[100.07802145869815,17.202993251047463],[100.07803382797317,17.20269491603455],[100.07809549560129,17.20238275030864],[100.07819898096913,17.20198223454944],[100.07884875427727,17.200526544374842],[100.07925203703842,17.199533031868103],[100.07944145704522,17.199140773536982],[100.0797481340658,17.198631756341374],[100.0799118927063,17.198404095749385],[100.0801244817475,17.198168621217935],[100.08756466440633,17.19078884416992],[100.1088280106793,17.169797617978887],[100.11058361904774,17.168041438754045],[100.11111315895485,17.16748236087261],[100.11148102858064,17.167064291316375],[100.11200002702364,17.166423697034688],[100.11521810356584,17.162283561295887],[100.13719000994185,17.133943559409378],[100.15319312638944,17.113346933881495],[100.18282591961467,17.07513698410845],[100.18358907772821,17.07409886543199],[100.18384744910502,17.073674099636328],[100.18406504116977,17.0732890336507],[100.18462081072542,17.07202852676356],[100.19293629829225,17.051446578512156],[100.19321478947151,17.050673760125022],[100.19412505813924,17.048394308315793],[100.19643436551732,17.042720572998807],[100.20285787205066,17.02679060626627],[100.20295627903307,17.026573351328086],[100.20949255510354,17.010388743774268],[100.21169597729809,17.00498605189653],[100.21286732038833,17.002048611910592],[100.21781672804933,16.9898154704497],[100.21931926646499,16.98605697342906],[100.2209241924201,16.982152481286324],[100.22255966114442,16.97806412500536],[100.22420726118676,16.97401777642939],[100.22457102141553,16.973093522031064],[100.22465668857673,16.9728175303359],[100.22483033468568,16.972005364044435],[100.22492533838253,16.971327585612965],[100.2250597741705,16.97059983589765],[100.22518410196751,16.97015526739797],[100.22536759816853,16.969637657365034],[100.2270811614265,16.965357506947026],[100.22760623479797,16.96406828941274],[100.22779389259422,16.963692712197087],[100.2280336804428,16.96327423112064],[100.2289475162361,16.961967880871683],[100.22923459100406,16.961484071120545],[100.22948164456962,16.960962244079674],[100.23002559920447,16.959635165675287],[100.23049041715886,16.958365942748344],[100.23167170037888,16.9554012949224],[100.23239486008502,16.953518363680132],[100.2339683450608,16.94974785743516],[100.23823717796417,16.939209939552185],[100.24213203172751,16.92953523012886],[100.25059179467881,16.90866244655352],[100.25126279512403,16.906942090483692],[100.25274645245842,16.90328996084876],[100.25477381088602,16.898221699614815],[100.25809925557206,16.889988756104895],[100.2584251617466,16.88924641246811],[100.26184702035475,16.88073087359004],[100.2636332809023,16.876334903127532],[100.26462252053972,16.873839503049226],[100.26478637580006,16.873468839912217],[100.26629938880104,16.86967868523653],[100.26640328410667,16.869380763530916],[100.26663641693096,16.868586619270832],[100.26675501732508,16.86793666770911],[100.26682634295601,16.86745916411237],[100.26687375969682,16.866748664181756],[100.2668809363662,16.8661496168436],[100.26682993831452,16.864808070848476],[100.26676359906791,16.861397095874686],[100.26658108578688,16.853709871742765],[100.26649588241384,16.850698572511433],[100.26648945425215,16.849686384993262],[100.26596063979352,16.8284315596503],[100.2659445149145,16.82717876781595],[100.26585783436352,16.824223682331628],[100.26561229922325,16.813041212856234],[100.26554507913525,16.810767524996468],[100.26538539549509,16.803556072596777],[100.26531867234208,16.801790060212646],[100.26524687525571,16.798083718567987],[100.2651915391299,16.79620241201554],[100.26515049443101,16.793893538935784],[100.26495535017634,16.78562435638287],[100.26490191511455,16.783961171351987],[100.2642716002964,16.75748381677619],[100.2641310151857,16.752366721688553],[100.26393620256621,16.743788572840884],[100.26376078125661,16.737081294334626],[100.26351901414199,16.726582536519835],[100.26336395379809,16.720505838469254],[100.26335757523579,16.720161412314024],[100.26338658161876,16.719575254105887],[100.26348814581229,16.718774845989326],[100.26359549561734,16.718231744512135],[100.26373604063855,16.71773597148462],[100.26530633786746,16.713044756033298],[100.26768004890529,16.70579898683763],[100.26840823085564,16.703644062280144],[100.27143314314824,16.694461054574486],[100.2724951425973,16.691283683347343],[100.28088960893852,16.665875849329346],[100.28307074360539,16.65925163616361],[100.28324531398947,16.658644362800498],[100.28335023628188,16.658195352773948],[100.28345035881539,16.65758494936101],[100.28349163151006,16.657078934240673],[100.28350086755,16.656228763688965],[100.2825199879111,16.61559829386476],[100.28251978342678,16.61500644485484],[100.28257127742289,16.61435689639124],[100.28266006918875,16.6137214627621],[100.28273556099096,16.613326423862603],[100.28281171349819,16.613028242706328],[100.28307774042476,16.612194419298884],[100.28335610560886,16.61153628736844],[100.28474191333622,16.608468058974687],[100.28497632932108,16.60791422320536],[100.29202812024218,16.592190068938024],[100.29321605001653,16.589574052087443],[100.29703600330835,16.58102807423496],[100.3010258030713,16.572181011363924],[100.30233883497651,16.569205305376986],[100.30498709620512,16.563275150392613],[100.30886093449561,16.554626880384237],[100.31150376909952,16.548766327545774],[100.31828173428335,16.53361827726637],[100.31853940578713,16.533129215336434],[100.3187974221269,16.532688349391197],[100.31906674611484,16.532279564181245],[100.32011699529234,16.530751667559475],[100.32839291981101,16.518524586267144],[100.32878740137039,16.517854303918433],[100.32901455287566,16.51737584636196],[100.32919014374205,16.51695865037418],[100.32936524904085,16.51646493782633],[100.32951153990821,16.515972076469843],[100.32960228786187,16.515547257165142],[100.32975879453458,16.514615317374865],[100.32999835037502,16.512728306237086],[100.3303011329949,16.51056200735396],[100.33059818408489,16.508156117622043],[100.33119421785153,16.503623229382907],[100.33291339122874,16.49068101353541],[100.33353199555515,16.48588872722985],[100.33368986792019,16.48516101258611],[100.33391297593747,16.484448615214152],[100.33745637978483,16.47576062134535],[100.33798475944563,16.474449184992476],[100.33830865173044,16.47359472538093],[100.3401661616129,16.46902233959632],[100.34088323242105,16.467332592643082],[100.34110208490341,16.46676627689627],[100.34138074929801,16.465904773549333],[100.3415741805364,16.46502582497583],[100.34167614711708,16.46438358962151],[100.34172882372079,16.463923879898765],[100.34175745882897,16.46305883229741],[100.3417269717206,16.46210690847813],[100.34164228895189,16.461396568316907],[100.34134351623129,16.45933000723862],[100.3412988921915,16.458798768735424],[100.3412923377021,16.45784532184716],[100.34131644088636,16.45735031109644],[100.34144136364887,16.456364407814775],[100.3415743791267,16.455615635055143],[100.34170469017107,16.455000816248873],[100.34187902951267,16.45444024493316],[100.34218155921255,16.453578921682528],[100.34258893252115,16.452684553591336],[100.34299311990674,16.45194087390095],[100.34328541129595,16.451491084817732],[100.34346096269256,16.451249704492838],[100.34415573479971,16.450422717774746],[100.34527380582075,16.44918174597131],[100.34569240233397,16.448694494734664],[100.34596471746364,16.448411788294415],[100.34729829756914,16.447218289610237],[100.34756694099491,16.44701295687029],[100.34969164428038,16.445513039522723],[100.35012842353348,16.44521705303698],[100.35052345727884,16.444986470822332],[100.35101117716363,16.44473494823769],[100.35154973458314,16.44451565509088],[100.35205489399819,16.44434546021382],[100.35256452501794,16.444211865962505],[100.35301125864277,16.444135685649698],[100.35393879094751,16.44402791401096],[100.35769603745337,16.443702284981097],[100.35850952515432,16.44357894369063],[100.35914561851803,16.443428225577733],[100.35947400459025,16.44332429421043],[100.35988221933717,16.44317097957334],[100.36023971486709,16.443005795650087],[100.3606307096744,16.44280372531782],[100.36092909561368,16.442630778868978],[100.36124411228374,16.44242512896802],[100.36157144516476,16.44217055255575],[100.36191959011688,16.441875118566944],[100.36238066359998,16.441436426802284],[100.36269036783443,16.441071997709983],[100.36313325275319,16.440446124479475],[100.36357160349738,16.43977548734352],[100.36524643048217,16.43732549544904],[100.36829282566872,16.432820284437497],[100.36857874536678,16.43237676278402],[100.37332249070735,16.4253705857345],[100.37445005608986,16.423726296936056],[100.37823676560636,16.41806595653264],[100.38764462101032,16.40420762388348],[100.38796969282944,16.403704628855735],[100.38818832295323,16.40331587422144],[100.38856996096294,16.402501972380712],[100.38869915507098,16.402183921861266],[100.38890196804104,16.401514797673265],[100.38981485902292,16.397568784029172],[100.39232056696815,16.386563694224687],[100.39830489861758,16.360430064580708],[100.40142091328786,16.346728053111697],[100.40432453246426,16.334109413540087],[100.40474675005328,16.3322012367024],[100.40679439825887,16.32321176050667],[100.40810483661132,16.31752901877256],[100.40819360082794,16.317199401903615],[100.4083097431135,16.316819850056724],[100.40880762241191,16.31552715872175],[100.41552952188118,16.298478654976446],[100.41592166364912,16.29737893557852],[100.42699344492046,16.269189066309927],[100.42743509389213,16.268023937393465],[100.42818360618259,16.26615945163196],[100.42845002497158,16.265413001759754],[100.4285756999935,16.26492146895299],[100.42869202910127,16.26436975135276],[100.42877675914997,16.263762274000552],[100.42882247391353,16.263305708310057],[100.42884047425576,16.262715913547858],[100.42876688769724,16.261782388200867],[100.42479999890399,16.226995077219616],[100.42468343215637,16.225787651670316],[100.42429914900595,16.22260028259108],[100.42375008257793,16.21783098975886],[100.42317322819908,16.21263623154108],[100.42256150661098,16.20740344157958],[100.42124005021255,16.19559621926251],[100.4204521661847,16.188751326464757],[100.42014567002748,16.185912445005027],[100.41990371800495,16.183914948602474],[100.41592719789597,16.14883733788613],[100.41560129130777,16.145816128800234],[100.41548395518002,16.1449568367818],[100.41506551067931,16.141080923333078],[100.41477610477031,16.138653295342802],[100.41393036381268,16.131035449884926],[100.41382407881747,16.130211268004317],[100.41342324018008,16.126469884349493],[100.41273662862672,16.120376613079205],[100.41193918352228,16.11350580503082],[100.40957885939672,16.092425285067847],[100.4093384201646,16.09059991275865],[100.40909434634567,16.089659351923814],[100.40894753997105,16.089186838116216],[100.40874113591272,16.088676456227482],[100.40830905686386,16.087732338804887],[100.40478280306976,16.08010333095137],[100.4036119751626,16.077499696636774],[100.40159802106514,16.073160701188574],[100.40130646963804,16.072497827064886],[100.3961228328756,16.061182453404765],[100.3951287936611,16.05907022445113],[100.39504320580002,16.05885556638654],[100.39283851170032,16.054058555999056],[100.39266295812254,16.053705767598707],[100.3914925987945,16.05112117515943],[100.38721697223016,16.04184839356746],[100.38469354455276,16.036315589612578],[100.38268275345479,16.031948814573667],[100.38223490474869,16.031008314502934],[100.37922983609846,16.024427535973544],[100.37844680048043,16.022743071795556],[100.3776784396977,16.021033410377708],[100.37686918591126,16.01930607019422],[100.37371749875159,16.012381758731244],[100.3733496468,16.01173845735426],[100.37318843464605,16.01148480586004],[100.37253723877264,16.01062448734329],[100.36472763884736,16.000931843990163],[100.3643706886989,16.000508337484362],[100.36407680706517,16.00011452716344],[100.36024724092233,15.995378786188317],[100.35664572765091,15.990889024864499],[100.35431991759646,15.988034027400154],[100.35173220569621,15.984825543685016],[100.35121956840376,15.984140048590339],[100.35099846374729,15.98379347931857],[100.35065668801778,15.983149964738711],[100.35051377717808,15.982849550289536],[100.35040812341339,15.98257759200016],[100.34961811301336,15.9808966232195],[100.34758197895304,15.976414780288595],[100.34614476412321,15.973313782765992],[100.34567800327855,15.972272860211385],[100.34229925004776,15.964926070475917],[100.34140356578686,15.962944403737184],[100.33705379188906,15.953483943224901],[100.3338121174774,15.946358517696364],[100.33273336459783,15.944023529357251],[100.33262028868063,15.943744422289088],[100.33093682541381,15.940108884999379],[100.32773635946192,15.933090695342333],[100.32498336509585,15.927111396996978],[100.32440087871521,15.925797772795592],[100.30971381482634,15.893735884545489],[100.30737427412038,15.888578845171539],[100.30254928830318,15.87807820685807],[100.3001284544144,15.872748598553102],[100.29929463349747,15.870950458634486],[100.29536078906015,15.862332002817398],[100.29491433262766,15.861385893795763],[100.29401700187773,15.859377654090743],[100.29340529485911,15.858051462489486],[100.29338900325178,15.857991731753092],[100.2904894898646,15.851702999808715],[100.28999318793805,15.850581967027761],[100.28931694759123,15.849136765482758],[100.28873049543978,15.847820159454253],[100.28815936742478,15.84658477931621],[100.28793415079488,15.846131746383788],[100.28685682083082,15.843765809095233],[100.28645632723182,15.842940743110633],[100.28621055966428,15.842363454111684],[100.28604472130473,15.841924412179067],[100.28590366824925,15.841494793102653],[100.28570136365086,15.840759419801142],[100.28554652341019,15.839712872259094],[100.28550863314078,15.839191751546803],[100.28551068137007,15.83873259130795],[100.28568454081112,15.833412928730338],[100.2857927931369,15.830532724855857],[100.2860660411927,15.822176266242492],[100.2859959669694,15.821408546098326],[100.28591682881901,15.820924968497428],[100.28578250177753,15.820310196933272],[100.2855715524678,15.81960645189735],[100.28541680522406,15.819196996348374],[100.28493196963548,15.818152879852082],[100.28425390265313,15.816625858993365],[100.283003465729,15.813955288200544],[100.28182410653051,15.811347411790859],[100.27429836511642,15.79495552024687],[100.27411030996439,15.794425221353029],[100.27112144647246,15.78479880218723],[100.27081148147188,15.783814521077614],[100.27072503563167,15.78358485692244],[100.2706070757683,15.783344437292083],[100.26990159363382,15.781738616827335],[100.26898748844413,15.779786739004921],[100.26495586230246,15.771018603003796],[100.26080315298621,15.761935388237928],[100.26017562222259,15.760613165525575],[100.25941550183784,15.7589286805413],[100.25856138271469,15.756976413521974],[100.25635910568724,15.752238166123815],[100.25149693995996,15.741606688149542],[100.25107970910591,15.740893542371575],[100.25069608394729,15.740343306667157],[100.25023629673635,15.739777716989677],[100.24991361184229,15.739421796597338],[100.24964415329714,15.739168290965882],[100.24905614599554,15.738669074595748],[100.24843951705431,15.738214873465013],[100.2479977767162,15.737933288463685],[100.2474690181388,15.737636409510767],[100.24683148591122,15.737313847303682],[100.24636297570454,15.73709555404835],[100.24351323120668,15.735675480403595],[100.23800435054801,15.732891997742941],[100.23202717555867,15.729900552597712],[100.23099184160594,15.729364470984873],[100.22736308525423,15.727538162537195],[100.22395675447837,15.725841881923728],[100.22326467372746,15.725471957342837],[100.22172687090217,15.724689367641705],[100.22124997269395,15.72445290344322],[100.22076425759923,15.724269635152414],[100.22011218842495,15.72405369647678],[100.21909496885284,15.723812102417742],[100.21870892629796,15.723751115518589],[100.21812730708845,15.723685961680506],[100.21755141579175,15.72366814622787],[100.21657926476095,15.723699872445245],[100.21445642263011,15.723880058550844],[100.21378291224956,15.7238890632846],[100.21056852915721,15.724122632874861],[100.20842416048973,15.724339719294306],[100.20722396130382,15.72438843873434],[100.20628943146896,15.724351529147611],[100.20571302243086,15.724249475131616],[100.20490803468948,15.724069766407569],[100.20453807995024,15.723971845296683],[100.20395013639394,15.72375411481254],[100.2019582726842,15.723117942205654],[100.20109282070034,15.722817540373049],[100.19886705663718,15.722124739021009],[100.19736482501544,15.721612101203378],[100.19343008860068,15.720339342410492],[100.18935371943776,15.71899362336054],[100.18211561291929,15.71663370681458],[100.17975929796096,15.715883539915726],[100.16361519790954,15.710616991193918],[100.16143692186375,15.709912522877412],[100.16104801657292,15.709798298478757],[100.16013845113828,15.709457826634745],[100.15962900222107,15.70923679607876],[100.15868514436958,15.7086980887825],[100.15789806826761,15.708134258101477],[100.15727767166355,15.70757552068674],[100.15681203173304,15.707093694249824],[100.15464471629313,15.704755427900526],[100.15237134250175,15.702208416517845],[100.15179348137399,15.701523869436521],[100.15105841710628,15.700728520325404]]}},{"type":"Feature","properties":{"NAME":"SOUTHERN RAILWAY"},"geometry":{"type":"LineString","coordinates":[[100.4680133811969,6.998369372321078],[100.46805976748192,6.998004676347588]]}},{"type":"Feature","properties":{"NAME":"EASTERN RAILWAY"},"geometry":{"type":"LineString","coordinates":[[100.54523978875532,13.754315134197537],[100.5480656008063,13.75367610888917]]}},{"type":"Feature","properties":{"NAME":"EASTERN RAILWAY (CHACHOENGSAO-SATTAHIP)"},"geometry":{"type":"LineString","coordinates":[[100.95847446135747,12.731120316715762],[100.95051059557754,12.736435518808275],[100.94831934421146,12.737867333215183],[100.94775713902798,12.738254094909399],[100.93649613764767,12.745759537905823],[100.93560453786577,12.746406945110321],[100.93493164718649,12.746981022436689],[100.9345348674358,12.74734261666507],[100.93399336628701,12.74789659161164],[100.93345248079004,12.748531876231603],[100.93306644274149,12.749027313106172],[100.93256049692057,12.749772347858942],[100.93203604972514,12.750646626349363],[100.92823639117019,12.757193251761347],[100.92769685528175,12.758215329186232],[100.92736063205254,12.75897196578798],[100.92718630102826,12.759439234439814],[100.92704318100782,12.759842026185328],[100.92691482068061,12.760263849617466],[100.92668770547722,12.761159869487164],[100.92634606822797,12.763018074884338],[100.92355054257864,12.778663682775782],[100.92339232673476,12.779650085090099],[100.92326517033842,12.780875395658816],[100.92164354779125,12.82204468272256],[100.92145063860112,12.826168813892874],[100.92094492316924,12.839803291702422],[100.92088092756018,12.841004224721724],[100.9208221076083,12.841602499502686],[100.92073597574968,12.84218646138123],[100.9206261226293,12.842751790941062],[100.92038958395474,12.843695712543122],[100.92009883383878,12.844563527464778],[100.9199124879744,12.84505750377105],[100.91111731483588,12.866055778460414],[100.9101306108628,12.868363471371003],[100.9081437843677,12.873146358293337],[100.90044340963479,12.891501199704049],[100.90031442706471,12.891851279888883],[100.90013817006746,12.892397783498557],[100.90000091112763,12.892944022863897],[100.89987046904841,12.893748469945379],[100.8997990020732,12.89461466493985],[100.89980762305386,12.895112014356163],[100.89984583197342,12.895652184658372],[100.90308039457186,12.925583073298839],[100.90321820954429,12.926395134911441],[100.90334976145986,12.92702550720932],[100.90361487117129,12.927908367469689],[100.90380951906599,12.92850001920335],[100.90400841913791,12.929010322549917],[100.90420681319323,12.929453659555447],[100.90965549047004,12.940643704057988],[100.91279575040764,12.947039104831681],[100.91899342492665,12.959768136986082],[100.92102448266753,12.963899741048957],[100.92871431941192,12.979654403176959],[100.92924474859055,12.980769601627355],[100.92980637525592,12.982133285826128],[100.9301310380542,12.983125658804662],[100.93029326343506,12.983736394901848],[100.93854375733977,13.01636241394867],[100.93913194353709,13.018613499779283],[100.93923667735169,13.019099100217794],[100.93935648202806,13.019825641697754],[100.93943286356031,13.020617070002531],[100.939595809154,13.02406795797066],[100.93974191381791,13.027609353312675],[100.94005083277888,13.033452356062895],[100.94030508559646,13.039037513818053],[100.94042685308756,13.041141427715601],[100.94091550616527,13.05144239915797],[100.94183449821989,13.070159407475959],[100.94195334382117,13.073003688077879],[100.94248532548701,13.083747617959133],[100.94330809097418,13.101133444824567],[100.9437724405264,13.110405768708448],[100.94380175439068,13.111341749787247],[100.94396008448287,13.114726626612967],[100.9440566973936,13.116307735867732],[100.94453504192565,13.126503569209753],[100.94451698256137,13.126805394398568]]}},{"type":"Feature","properties":{"NAME":"NORTH EASTERN RAILWAY"},"geometry":{"type":"LineString","coordinates":[[102.09891589378418,14.967465176211652],[102.10020673072029,14.967646128622778],[102.10263310589106,14.967763650350626],[102.10556518690284,14.967863475616612],[102.10641514513011,14.967945967995032],[102.11177874637987,14.968711385338883],[102.11276520639768,14.968864554195843],[102.11428230991564,14.96919593206892],[102.11468759818294,14.96930865523358],[102.11550695500067,14.969568911047743],[102.11630743800156,14.969861691531934],[102.11718369915567,14.970231359586334],[102.11826981662756,14.970775552299292],[102.11880771233363,14.971071895913097],[102.11931527555684,14.971374033839941],[102.12047409898581,14.972164482446779],[102.12128503740101,14.972795752540652],[102.12176647284915,14.973203057341566],[102.12203535113196,14.973441274548895],[102.12270824272338,14.97408517333569],[102.12299454590737,14.974382270216609],[102.12373956019123,14.975232126012509],[102.12414216529854,14.975731876192686],[102.12448058571887,14.976189528554231],[102.12504257495658,14.977001573575734],[102.12522650239076,14.977292008056219],[102.12562343723795,14.977971930219221],[102.1260357423501,14.978756455779676],[102.13199454691703,14.991017639362191],[102.13356988293924,14.994216395479583],[102.13672238950888,15.00072849250434],[102.13738076661876,15.002052482738055],[102.14175429185131,15.011027434112535],[102.14738046829203,15.022588900077986],[102.15043766775429,15.028906080460247],[102.15091339216181,15.029831181699707],[102.1514970448893,15.031074935891567],[102.15312883068204,15.034387327888531],[102.15363112867777,15.035445839205526],[102.17285000272602,15.074905775019595],[102.17397054364321,15.077183476054993],[102.17432596737422,15.077938165099818],[102.17736379675756,15.084149821613266],[102.17852070056796,15.08655119622685],[102.19014312453353,15.110401066169894],[102.19070092833053,15.11152554314355],[102.19092292639112,15.11189985300774],[102.1911141238181,15.112188612091243],[102.19156088943619,15.112793864655982],[102.19179115606883,15.113062933295904],[102.19875515466055,15.12092904536304],[102.19937086802693,15.121646564095483],[102.20296344298502,15.125723629960067],[102.20471438605396,15.127686333593203],[102.2127461196079,15.136817106597606],[102.21719999517906,15.141821396328783],[102.21740466276864,15.142083820727144],[102.21887152140626,15.143767376391837],[102.24035293719379,15.168083603910027],[102.2450637693665,15.173443125074698],[102.24605464172757,15.17454678595241],[102.24657578043312,15.175169921846042],[102.25976842564454,15.19008581835666],[102.28542580170118,15.219165258419576],[102.28599249429264,15.21985446986741],[102.28641080232747,15.220410506681187],[102.28700024585349,15.221286587960815],[102.28737750226642,15.22191235595548],[102.28770666920875,15.222514272450024],[102.28812815131924,15.223358473619959],[102.288424016028,15.224032524176733],[102.28886047013624,15.225206154674396],[102.28910414467929,15.22600518066392],[102.28943082266204,15.227395395816146],[102.28952739181335,15.227909931998749],[102.28965576317837,15.228887425106372],[102.29258442356264,15.256118481792901],[102.2936107122502,15.265438369044196],[102.29432044506734,15.27212579407085],[102.29446254021393,15.273346706480009],[102.29534471733766,15.281612866063309],[102.29833058895494,15.309167505763046],[102.29847622124566,15.310608116949407],[102.2990732037247,15.31603111614933],[102.30131569032886,15.336889164966667],[102.30150423010468,15.338548873497054],[102.30168528275983,15.339730966480808],[102.30258630830656,15.34380698127934],[102.30318183243833,15.346376702083914],[102.30533840356969,15.355923203726674],[102.30847129882886,15.369599398799084],[102.31120652634995,15.381676220088378],[102.313364262351,15.391074375558519],[102.31445550777353,15.395926112465709],[102.31505760832229,15.398496825973124],[102.31559309573692,15.40090135092038],[102.32090339032683,15.424253021449058],[102.32123159096162,15.42538031056549],[102.32167552017322,15.426584683131024],[102.32223043752703,15.427798133391864],[102.32310722319407,15.429508377749459],[102.32694819242367,15.436888853026483],[102.32877025849417,15.44042287110467],[102.33243562407031,15.44741886212452],[102.3370136809004,15.456256893712775],[102.33738976133452,15.456903298472234],[102.33794680182383,15.457776287993768],[102.34497549967674,15.468271769602614],[102.34615238864724,15.470009541791889],[102.35948586438508,15.4899390683346],[102.36227206151123,15.494074175847222],[102.36391709669535,15.49656185036578],[102.36635252224393,15.500167189902964],[102.36710198744895,15.501194773019217],[102.37374876798184,15.510044142249129],[102.37451726743625,15.51110123582399],[102.37643666916141,15.513627549887268],[102.37809259105862,15.51585334211229],[102.38735938599197,15.528190915282938],[102.39481981895426,15.538095624886806],[102.39600425002254,15.539713445483011],[102.3969636048901,15.541125743842956],[102.39769022881114,15.542243071091944],[102.39948974402904,15.544932133573056],[102.4007026160057,15.54677637135216],[102.4018133502665,15.548401252347448],[102.4024189007161,15.549359953022591],[102.40413245493622,15.551965942185909],[102.40674081087363,15.55588438247597],[102.41590711071537,15.56973824182044],[102.41860425520787,15.573780471787797],[102.41958398936907,15.57528781705405],[102.42275554147234,15.580068927271688],[102.42340034306099,15.581062010939945],[102.42390411055104,15.581722894874387],[102.42437064848494,15.582366461331366],[102.4259506773529,15.58430977660694],[102.4282749263553,15.587112162388918],[102.43039723921,15.589593644721086]]}},{"type":"Feature","properties":{"NAME":"SOUTHERN RAILWAY"},"geometry":{"type":"LineString","coordinates":[[100.46660172644823,7.003539671062313],[100.46666197085514,7.003077163520411]]}},{"type":"Feature","properties":{"NAME":"SOUTHERN RAILWAY"},"geometry":{"type":"LineString","coordinates":[[100.46669421338363,7.003079878063197],[100.46685936016266,7.002346314681763],[100.46704559399444,7.001118140991001],[100.46714935087662,7.000284703992653],[100.46719852660267,7.000088421864736],[100.46729791181701,6.999843385699298],[100.46759279053644,6.9993643300724635]]}},{"type":"Feature","properties":{"NAME":"SOUTHERN RAILWAY"},"geometry":{"type":"LineString","coordinates":[[100.46699142046042,7.000990020469278],[100.46701662932608,7.0007169162582175]]}},{"type":"Feature","properties":{"NAME":"NORTHERN RAILWAY"},"geometry":{"type":"LineString","coordinates":[[100.72558922413263,14.453905403604823],[100.72423327172379,14.453020585240768],[100.7208380918911,14.450844973860274],[100.71497475696803,14.447282266981167],[100.7141329342234,14.446720784061908]]}},{"type":"Feature","properties":{"NAME":"SOUTHERN RAILWAY"},"geometry":{"type":"LineString","coordinates":[[99.06702152990222,14.234864836868653],[99.06735115826086,14.233360001513025],[99.06756066216673,14.232714009429628],[99.06767461649532,14.232441249750677],[99.06793567052779,14.231956735881456],[99.06814158772485,14.231640895375863],[99.0683806314468,14.231328619439122],[99.06878515283324,14.230879950483498],[99.06924855792103,14.230488668472258],[99.07204006087606,14.228259392866464],[99.07244459494646,14.227893250479733],[99.07271306778799,14.227624033749192],[99.07453708302519,14.225696451019674],[99.07511079241623,14.225172352129105],[99.07704897863769,14.223722006605717],[99.07752340372365,14.223388109614774],[99.07840242146465,14.222860329348267],[99.0787150291515,14.22262697833932],[99.07895406397584,14.222411575739137],[99.07916735486899,14.222189015780017],[99.07994688957746,14.221216282970332],[99.08138096443025,14.219557931900747],[99.08175973470557,14.219209707812547],[99.0819583211325,14.219076868770381],[99.08239231967194,14.218857822470468],[99.08264978674944,14.218768015207464],[99.08313532735546,14.218670962836795],[99.08335971591795,14.218656533534988],[99.08360250511636,14.218660041091438],[99.08526532135467,14.218892702282146],[99.08560006139793,14.21889258268678],[99.08586860145871,14.21887095058786],[99.08613711249683,14.218824208148407],[99.08638723561722,14.218745176464264],[99.08669618698929,14.218619459247549],[99.08699776019316,14.218457876304283],[99.08730300280145,14.21821733210244],[99.0875140698354,14.218015948679513],[99.08774792899203,14.217753171760073],[99.08839652612446,14.216973524886411],[99.0886524294105,14.216633242342555],[99.0887803429101,14.216413575286037],[99.0889303174034,14.216107774759989],[99.08907584578348,14.215741700267193],[99.08915517597498,14.215410093390398],[99.08921242631686,14.21506988418489],[99.08923436585218,14.214768445922488],[99.08922984150465,14.214462701860768],[99.08919440525723,14.214131156712405],[99.08908826026298,14.213657514836369],[99.08893354999663,14.213110690123488],[99.0888628107634,14.212787749552186],[99.0866966651472,14.204421631227907],[99.08664798430065,14.204090071205552],[99.08661695358653,14.203749894237061],[99.0866118487623,14.203204198703764],[99.08667538840737,14.202630034491115],[99.08675369197384,14.20219460011312],[99.08712599200393,14.201055719689705],[99.08785593435786,14.19894541888274],[99.08838498278422,14.197356721308612],[99.08878675873427,14.196351784628872],[99.08931604034913,14.195389889488574],[99.08998746033922,14.194226968554258],[99.09010510812895,14.194049876016578],[99.09024234526639,14.19387759172441],[99.09041883053366,14.193695700048393],[99.0906786617428,14.193470723065246],[99.09611182454994,14.189374379507841],[99.0965785406345,14.188999078257693],[99.09700209227208,14.188619961641992],[99.0972060237433,14.188416998987659],[99.09767660887154,14.187911552037132],[99.09806481666568,14.187444413821257],[99.09853140982871,14.186801158234383],[99.09877057070449,14.18643742839075],[99.09898619589804,14.186073707121226],[99.09934291007072,14.185388404577072],[99.09964077800927,14.184687811774323],[99.09977790855335,14.184301141622385],[99.09999337914931,14.183592935029827],[99.10013826549827,14.18297660570666],[99.10025171763559,14.182222498882647],[99.10031410925657,14.18137271350197],[99.10049100671151,14.173242548678553],[99.1006014441197,14.165701881262901],[99.10065899152852,14.162743019033233],[99.10073713663829,14.162038682963413],[99.10084671712171,14.161441514070988],[99.10094069201789,14.161089322895064],[99.10105038662444,14.160752438357832],[99.10123064124546,14.160289215494492],[99.10158729359507,14.159569447197613],[99.10174408584452,14.159309095327885],[99.10211260561441,14.158780720299008],[99.10248114197844,14.15833654525278],[99.10283011173026,14.157976577680925],[99.1033398779186,14.157536173615771],[99.10438298159666,14.156793141889828],[99.1050771017857,14.156337339696837],[99.10705367016334,14.155264696974072],[99.10736740909765,14.155073175823608],[99.10758307053968,14.15487786538031],[99.10828882601248,14.154173243630469],[99.10866918196646,14.153882158752824],[99.10906529808456,14.153690598090153],[99.1093006189339,14.153617771873193],[99.10970461824282,14.153525721365568],[99.11000266193729,14.153380127590784],[99.11033988483139,14.15310054028525],[99.11060255302056,14.1527980431146],[99.11082602366291,14.152514673734482],[99.11132776101951,14.151775694807695],[99.1116061110912,14.151454042194542],[99.11190411133329,14.151189785117328],[99.11212764097196,14.151071018992928],[99.1140336472403,14.150258636476568],[99.11726126075173,14.148844660245759],[99.11890453085975,14.14824289546726],[99.1192065161169,14.148112603463769],[99.1195947486781,14.147905715173973],[99.12013978901751,14.147526496663216],[99.12060242418708,14.147097559989614],[99.12081019196957,14.146867780357612],[99.12099834105946,14.146607400081104],[99.1213432621221,14.146075173562133],[99.12155100273506,14.145795654873089],[99.1218058248545,14.14551992599775],[99.12203714832852,14.145305446662631],[99.122778206151,14.14475005560059],[99.12322125474583,14.144370881286587],[99.12340944447129,14.14419471778015],[99.12373090452427,14.143842400526614],[99.1244873741609,14.142785553967606],[99.12551044918102,14.141514203905704],[99.12573774487336,14.14113132274772],[99.12627425248037,14.139538699841426],[99.12677168864106,14.13823317660737],[99.12698314695035,14.137601498204672],[99.12712799597516,14.13709997916228],[99.12724133799477,14.136380300764184],[99.12742545527968,14.13596297945832],[99.12764073373171,14.135143731876527],[99.12776211001088,14.134749406333963],[99.12793442559293,14.134270852047624],[99.12821267627777,14.13384966611978],[99.12846356376095,14.133566265567424],[99.12855370266473,14.133439907792145],[99.12872220852157,14.133175698981272],[99.12880770391675,14.132958161685622],[99.128878831267,14.132700986137317],[99.12890222499152,14.132425373546356],[99.12889006774715,14.131728723244212],[99.12891729708925,14.131357427414839],[99.1289524957438,14.13115452777166],[99.12901510333658,14.130898042093053],[99.13004887135037,14.127842960151089],[99.13030736331295,14.12719975353053],[99.13060903933942,14.12658715163662],[99.13074616287776,14.126338272589095],[99.13104006174815,14.125867298260921],[99.13118115888926,14.125668192355093],[99.13160837879043,14.12513972049441],[99.13202387079856,14.124710788253156],[99.1323727707206,14.124400553089735],[99.13257663366063,14.124232022206183],[99.13330585989817,14.12372252780307],[99.1376148818927,14.121277995976792],[99.14721679868289,14.115917306497424],[99.1473814330283,14.115794728914603],[99.14773029694967,14.115480638721161],[99.1482671769229,14.114791317966871],[99.1484200387827,14.114626618976352],[99.14854545843065,14.114511713302205],[99.14884731758434,14.114281869314706],[99.14912958274606,14.114120923591333],[99.14923154015216,14.114078750547097],[99.14944720458537,14.114002064554477],[99.14970992970912,14.113933014819288],[99.15000012438907,14.113886891467235],[99.15047467211497,14.113844486371116],[99.15091389851226,14.113786806328962],[99.1513805398601,14.113667851293588],[99.15169815401346,14.113568136398143],[99.15193340712352,14.11347612160465],[99.15223922610502,14.11333047162831],[99.1525136702368,14.113169525998876],[99.1528233732464,14.112958801095616],[99.1531408774895,14.112698313344518],[99.15343090436015,14.112403400341162],[99.15382280305104,14.111943816228091],[99.15502158439308,14.10995262653098],[99.15529584332326,14.109554354581624],[99.15557016397715,14.109221173005261],[99.15592289189127,14.108872625216614],[99.1562756685467,14.108570000620247],[99.1564951739842,14.10840527224627],[99.15675783840892,14.108232848970015],[99.15710673450924,14.108029740687366],[99.15774973560475,14.107742239594057],[99.1580359778554,14.107646370700845],[99.15829475701916,14.107565814775027],[99.15863199368184,14.107489040670192],[99.15903591069916,14.10742370255727],[99.15936532356824,14.10739285633384],[99.15972220449254,14.107381101472278],[99.16327546524205,14.107390237354666],[99.16360487470774,14.107355570570155],[99.16387938384341,14.107305626457912],[99.16418915238592,14.107213549041601],[99.16449888568357,14.107098509388122],[99.16492621964447,14.106883854876815],[99.16536525315897,14.106581158891677],[99.16566313286442,14.106316835337998],[99.16586692097721,14.106102351801017],[99.16620777030471,14.10562365378298],[99.16653519668539,14.10503076645784],[99.16663316339066,14.104911073669339],[99.16679483610659,14.104757856447522],[99.1674171133722,14.104336367709664],[99.16764739664966,14.104163955130932],[99.16782864298548,14.103977225220214],[99.16795109267622,14.103819257719321],[99.16818120672782,14.10341718719367],[99.16823756057708,14.103241377211033],[99.1683274101762,14.102766685077947],[99.16837029678834,14.102414502588301],[99.1684875653396,14.101893848478111],[99.1685384332879,14.101740707542307],[99.16874994303818,14.101353945609167],[99.16888314389072,14.10116247080537],[99.16906330086962,14.100840820394732],[99.16945894394551,14.10022810381769],[99.16963919146416,14.100005967012136],[99.16984685893746,14.099764663645342],[99.17013293946256,14.099469732471773],[99.17052483991044,14.099113470025154],[99.17075609940143,14.098937239016903],[99.17118727648669,14.098638370884533],[99.17548341015646,14.095871649781289],[99.17672987009182,14.095047771770293],[99.17726691058608,14.094741166656027],[99.17761188311265,14.094568660231797],[99.185640665072,14.091067879431456],[99.18646780542082,14.090669164854546],[99.1873105224901,14.090136440020745],[99.1876123198579,14.089918029176097],[99.19265203733734,14.085783922361442],[99.19340845585297,14.08527041138667],[99.19401208364442,14.08492542164255],[99.19426294715419,14.084795077127994],[99.19475687726919,14.08458033544908],[99.19526259092113,14.084392359873405],[99.19586635152342,14.084208136506568],[99.19652112019935,14.084062147107586],[99.19727784955496,14.08392755305804],[99.20362979277067,14.08292324040983],[99.20444136652685,14.082731172557999],[99.20489220619227,14.08258916612922],[99.20571934607177,14.082263105376581],[99.20629950983736,14.082013805337468],[99.21537003548013,14.078013538975199],[99.22958181430037,14.071776060050622],[99.23014039356856,14.071584147784295],[99.23257586161117,14.070964597993191],[99.23321286874906,14.070763028659094],[99.23360483737493,14.070599970955605],[99.23423678827868,14.070259631808716],[99.23460418253707,14.070034395454913],[99.23509887137631,14.069684631958783],[99.23548578074723,14.069363694127093],[99.23581385354795,14.06905236770441],[99.23605377446368,14.068798551097297],[99.23633282132444,14.068463347092335],[99.23826638649942,14.066011694796481],[99.23858944324186,14.065590319078627],[99.2388488220789,14.06519294881012],[99.23911791504675,14.064723776127192],[99.2392988570652,14.064331260745615],[99.23952370470654,14.063747302281518],[99.23991432028787,14.062301936319692],[99.24004141370824,14.061971674730968],[99.24020276733444,14.061588733561981],[99.24043755209007,14.061133962840985],[99.24077029413988,14.06060731892553],[99.24121574072626,14.0600518604065],[99.24141157747566,14.059850690904499],[99.24190614296845,14.059395659041062],[99.24227343250648,14.059113006196313],[99.24336564820175,14.058360698192478],[99.24478940574802,14.057346912006242],[99.24520709241261,14.056995206008072],[99.24583867709052,14.056362997032936],[99.24626456030794,14.055874527862459],[99.24684209606973,14.05511795055789],[99.25055211929994,14.050391674863244],[99.25119318047794,14.049486693836739],[99.25598843494335,14.042419484244624],[99.25707471701355,14.04086332045237],[99.25892908197542,14.038110155407146],[99.26528459478803,14.02877793716644],[99.26546561980005,14.028519378488141],[99.26619973013842,14.027666883360704],[99.26671858305794,14.027125648905908],[99.26812327512428,14.025578657629834],[99.27488228184983,14.018245738861173],[99.27591492189623,14.017105812938926],[99.28086947351225,14.011744479084822],[99.28125790198075,14.011307878507909],[99.28497198575002,14.007304715826224],[99.28601265144945,14.006155887040807],[99.29414253720486,13.997349468020557],[99.29566242784341,13.99568022300346],[99.29607836385604,13.995234732553097],[99.29655796082034,13.994774831295114],[99.29687121089918,13.994496922673825],[99.29722855120113,13.99421897682919],[99.29756633064261,13.993979331504038],[99.29808530592551,13.99364855961225],[99.29836929975312,13.99349508701328],[99.30945421557365,13.98786424044454],[99.30985515779186,13.987609665462925],[99.31022521791071,13.987333592424815],[99.3105115008647,13.98707484719154],[99.31079334359409,13.986785979739208],[99.3109386354762,13.986613541182322],[99.31111914886958,13.986389392955319],[99.31129959035131,13.986126486632655],[99.3115327897947,13.985738628626086],[99.31174385922387,13.98529481957649],[99.31194158723912,13.98477351227227],[99.31587004153221,13.97135888424714],[99.31612484759327,13.97067387519382],[99.31626552699369,13.970355037630329],[99.31654696522362,13.969803470850449],[99.31680653400456,13.969359594123125],[99.3172465931478,13.968717396230959],[99.31772051244346,13.968142744191315],[99.31811831346658,13.96773012854965],[99.31832526152792,13.967523161646728],[99.31867318521662,13.967216958515277],[99.31908282328429,13.966893451790172],[99.31939998783949,13.966669118088484],[99.31979648385175,13.966414532133001],[99.32031197889022,13.96611671678839],[99.32059894919894,13.965970178031348],[99.32117125856803,13.965719413226495],[99.32147213464674,13.965605945709576],[99.32203509695726,13.965425448600113],[99.33570724343885,13.961440943197566],[99.33782278493831,13.960809297464467],[99.35342911658405,13.956235468324529],[99.3541562950143,13.956023401296893],[99.35485268243762,13.955850152220835],[99.35539046187255,13.95575031608012],[99.35609139890674,13.955676089787483],[99.35694235439519,13.955653306666157],[99.35742738035312,13.95567413040119],[99.35773166826166,13.955703830512396],[99.35828733917852,13.955771898200917],[99.35870191822012,13.955848803178485],[99.35923562453726,13.955972899194727],[99.35955322239795,13.956062870362494],[99.3613222647762,13.956680334109052],[99.36168399323117,13.956787440853518],[99.36216477690589,13.956907312341707],[99.36258818327403,13.956988493260527],[99.36343051643696,13.957099194329206],[99.36389350636719,13.957115723231983],[99.36467393336417,13.957105943815838],[99.36567464827223,13.957001093764347],[99.36612868375794,13.95691859994563],[99.36666640082994,13.956792906422988],[99.367358294121,13.95657655666314],[99.36754778447713,13.9565030511982],[99.36842018527342,13.9561098769181],[99.37671187888517,13.952174234192146],[99.37713927905425,13.951997024362653],[99.37776062221947,13.951785051528521],[99.37834237235333,13.951629116839927],[99.37923715467215,13.951472712073098],[99.3967867898292,13.949739469416405],[99.39737757297969,13.949721283405674],[99.39791992996128,13.949746229685932],[99.39872696971119,13.949848255996715],[99.39945011471725,13.94988582696511],[99.40006731776106,13.9498503708691],[99.40057866369527,13.949780624525575],[99.40080342924365,13.949732886952908],[99.40125296638023,13.949620188289476],[99.40172887155065,13.94946007690248],[99.405769475909,13.948036640688759],[99.40622326320423,13.94784209638741],[99.40681796746642,13.947543986582213],[99.40719231947133,13.947310816363313],[99.40754017615322,13.947051875516642],[99.40815649168995,13.946516866481101],[99.40868247762401,13.946088355842427],[99.40930580572221,13.94570538147334],[99.40967581377969,13.945506675074261],[99.40987405563442,13.945420216087461],[99.41089186623307,13.94504385004644],[99.41389691226894,13.944000974113631],[99.42051492023194,13.941668610629886],[99.4229691236231,13.940820343446061],[99.42353733902748,13.940522240569061],[99.42376191657647,13.940379744950105],[99.42396001861813,13.94021144466129],[99.4241052828237,13.940086327761604],[99.42440890853798,13.939771442658952],[99.42486644294509,13.939228059582645],[99.4251569068133,13.938943343785375],[99.42528896772544,13.938835470308103],[99.42562801471051,13.938598036503313],[99.42579976464795,13.938494389155442],[99.42617418782386,13.93830855771656],[99.42649141329021,13.93819604474219],[99.42684394887668,13.938109301954881],[99.4272229993108,13.938048361808647],[99.42750955982007,13.938034933654473],[99.42809314393726,13.938058629740294],[99.42840027349511,13.938106569176785],[99.4289780673274,13.938239045480858],[99.4294631424454,13.938294169330389],[99.42975852326617,13.938293648247338],[99.43009793941863,13.938258606048159],[99.43033154518412,13.938223732290922],[99.43068409868472,13.938137002033868],[99.44298972736345,13.933843211493082],[99.44374762227122,13.933626508720305],[99.4444615668074,13.933487418193861],[99.44489791501319,13.933426328219474],[99.4456296543647,13.933373326789074],[99.44637475036188,13.93338486891968],[99.44879100798883,13.933522534041192],[99.4495450698372,13.93361158336277],[99.45021544610668,13.933748135098908],[99.45072274788161,13.933897911096446],[99.45117717835292,13.934069320603632],[99.451671381316,13.934288023659098],[99.45213036473476,13.934528308719909],[99.45242170230608,13.934712943746247],[99.45272188199617,13.93491046823153],[99.45310160503145,13.93521119207904],[99.45347259077344,13.935542077807956],[99.45396736257479,13.936049278664653],[99.4542678736066,13.936414737329223],[99.45453755385284,13.936797492204365],[99.45484715126109,13.937300721865379],[99.45497107531928,13.937537331036927],[99.45518359628132,13.937997706224941],[99.4584313261865,13.946143160192294],[99.46174120542364,13.954378881187983],[99.46196731473158,13.95501145533588],[99.46203390472533,13.955230947106577],[99.4621317184096,13.955648461174613],[99.46230588556017,13.956750498041234],[99.46234696029502,13.957448012194913],[99.46230028709284,13.958365312183792],[99.461666352686,13.963297069580992],[99.46156232287633,13.964197237181937],[99.4600944837413,13.975533800010039],[99.45996444462723,13.976662262987592],[99.45994315288952,13.977045541717544],[99.45996197670506,13.977644066631804],[99.46005610984422,13.978410384091443],[99.46018963024572,13.979034523009892],[99.46037597368695,13.979606879018244],[99.46058418893003,13.98009738357766],[99.46083651112177,13.980587804219704],[99.46137173850266,13.981422186962739],[99.46165025304875,13.981770453095262],[99.46202143659968,13.982165910487296],[99.46251621839048,13.98261711023429],[99.4630329434501,13.983012307682822],[99.4634038663935,13.983265659586024],[99.46387179322045,13.983523122227226],[99.46438822024705,13.983767584985516],[99.46511636059066,13.984037490571845],[99.47372016393228,13.986449515419118],[99.49349175041759,13.991930576315417],[99.50329622058807,13.994631903339146],[99.50368458704236,13.99476888463926],[99.5038964914115,13.994876104944758],[99.5044617826262,13.995262480557372],[99.50470036735442,13.995464360863606],[99.5049523208983,13.99573513426649],[99.50519991183822,13.996031730485996],[99.50557145538407,13.996539073085412],[99.50652669222659,13.997768633955502],[99.50718109252004,13.998563902229224],[99.50761458913907,13.99916153221645],[99.50788006057392,13.999565766263103],[99.50811471656192,13.999987267237927],[99.50828753233571,14.000365843782047],[99.50846499467244,14.000847756834972],[99.50857603618908,14.001204928046537],[99.50866061487018,14.001566468476513],[99.5087633894924,14.002173418809678],[99.5087906870471,14.002556596699684],[99.50879135035856,14.002858020448409],[99.50877878628346,14.003163786631616],[99.50872708001188,14.003710768336068],[99.50869227124613,14.003930457381022],[99.50779231640107,14.007803526037952],[99.50767883964312,14.008342026419127],[99.50480825689907,14.02063765244915],[99.50411802579961,14.023661971542166],[99.50189389354676,14.033208907994037],[99.50174102292101,14.033898217865067],[99.50165408317108,14.034484026664655],[99.501620106617,14.035082632609047],[99.50162984377967,14.035504623003828],[99.50166154641107,14.035883495172097],[99.50171535346124,14.036292450115456],[99.50188019320484,14.037041374493056],[99.50204008988247,14.03755776917571],[99.50216872480387,14.037889073476993],[99.50230166726328,14.038177315977634],[99.50371008843236,14.040844157684777],[99.50485738637101,14.043089545491362],[99.50529551692924,14.043756086224096],[99.50548125332116,14.043975313486333],[99.5059454778638,14.044473846963145],[99.5064492050748,14.04488185854018],[99.50679378749336,14.045122287392083],[99.50737233487304,14.045456940738713],[99.50766819117601,14.045602735736479],[99.50793137116368,14.04570775064205],[99.50849810014994,14.045911027371096],[99.50885119125984,14.046009334038652],[99.50963219339971,14.0461411801388],[99.5100909920955,14.046170340412408],[99.51058503272309,14.04618222276828],[99.51120245662806,14.046142161270263],[99.51181094485078,14.046050454074965],[99.51273661541839,14.045781511463115],[99.51330507731709,14.045543469609976],[99.51378970069975,14.045288382983312],[99.5142653687504,14.044973022994146],[99.51458682328288,14.044731206785258],[99.51486414868971,14.044485170353932],[99.52016773611575,14.039422773066521],[99.52249600850391,14.03722164471238],[99.52407596243293,14.03568957120902],[99.5248813570228,14.034925654666212],[99.52551518763887,14.03435155844936],[99.5291810689329,14.030803977774909],[99.53160157019565,14.028503534047783],[99.5322396185515,14.02787343415654],[99.53310662122989,14.02706198881423],[99.53792087396889,14.02243952771269],[99.54148531143242,14.019047002060965],[99.54175369788437,14.018775124324232],[99.55002465502818,14.01083150043468],[99.57459316329873,13.98733872613375],[99.57509182525041,13.986896169499072],[99.57532657231792,13.986716199841906],[99.57581080337592,13.986381335258077],[99.57625475718709,13.986107560000804],[99.5767758590978,13.985830009358459],[99.57709519054733,13.985678538743166],[99.57748795621201,13.985508949996097],[99.57808636697591,13.985285041880925],[99.57871798198313,13.985107715964032],[99.57923583143535,13.984995230459786],[99.57985292802253,13.984896874848527],[99.58017622185791,13.984867400837118],[99.59604648023593,13.983767369189664],[99.61363521564144,13.982506517383953],[99.61493206706739,13.982402762382435],[99.62863832219979,13.981431221163232],[99.62958978612059,13.981335467529167],[99.67854516166331,13.974069994365307],[99.70623070504931,13.970004480286018],[99.71774819517972,13.968291413593333],[99.72983848996729,13.966522242376945],[99.74393000292913,13.964423431236844],[99.7446094630642,13.964335248492647],[99.74496940028624,13.96426900377922],[99.74577242479512,13.964080912042384],[99.74640098698902,13.963866856856667],[99.74658445964106,13.9637945224146],[99.74711275968801,13.963545313193679],[99.74760054739635,13.963274692790158],[99.74797817704687,13.963022352923321],[99.7483300507273,13.962755740462747],[99.7485682209554,13.962554064430647],[99.74918725606585,13.96196367965005],[99.74946911984858,13.961636270420605],[99.74996287598196,13.96093861385077],[99.75014195906944,13.960647405967157],[99.75046679735473,13.95997898843741],[99.75087115459688,13.958901256053515],[99.75160127720174,13.956560939041536],[99.75390772611713,13.949499214645781],[99.75510065873091,13.94576729773561],[99.75798885296211,13.936906006601735],[99.75807987237403,13.93665095281089],[99.7583865760946,13.93596069616507],[99.7587213681661,13.935355640452201],[99.75913568269488,13.934726393229258],[99.7596906360142,13.934042880091017],[99.76006276787425,13.933629075252451],[99.76166126230288,13.931992950324537],[99.76815985457411,13.92525528434155],[99.77079221223357,13.922548581127757],[99.77170007662853,13.921591213437019],[99.77730856191427,13.915785508837237],[99.77773680298337,13.915321265126252],[99.77836283171956,13.91468772110242],[99.78059582787671,13.91236256434491],[99.79718125996482,13.895210827433615],[99.79967021159905,13.89265142294931],[99.81414476563306,13.877636961248069],[99.814968232908,13.876801751604841],[99.8151877299675,13.87655341740461],[99.81567459643952,13.876088917660816],[99.82204226372755,13.870599095560891],[99.82348498875406,13.869374227681805],[99.82506668883264,13.867987419076188],[99.82759314117442,13.865818751781726],[99.83024394492124,13.863516875982393],[99.84155948844891,13.853776904273237],[99.84168889974748,13.853649584745025],[99.84296656236047,13.852539999496996],[99.84335890774098,13.8522322937443],[99.84454263714059,13.851417083240394]]}},{"type":"Feature","properties":{"NAME":"SOUTHERN RAILWAY"},"geometry":{"type":"LineString","coordinates":[[99.17667630506801,10.504263913088982],[99.17700688851471,10.50452034160893]]}},{"type":"Feature","properties":{"NAME":"SOUTHERN RAILWAY"},"geometry":{"type":"LineString","coordinates":[[99.67641529049429,8.101062694147343],[99.67576851964473,8.101048243125902],[99.67318668549223,8.101051067085066],[99.67149847918344,8.101074910356674],[99.67071925609497,8.101064151595441],[99.67046852899297,8.101022440670278],[99.6702086483786,8.100941602769872],[99.66994871136703,8.10081562253688],[99.66975221633723,8.10070157766593],[99.66960406874767,8.100599475843007],[99.66939537746204,8.100416227365688],[99.66925016199141,8.100265976321499],[99.66912909181688,8.100103645934668],[99.6689897834679,8.099872139150877],[99.66857149868306,8.098957851089857],[99.66734673579518,8.096139744491627],[99.66717701295599,8.095778841119605],[99.66681870718477,8.095162855166429]]}},{"type":"Feature","properties":{"NAME":"NORTH EASTERN RAILWAY"},"geometry":{"type":"LineString","coordinates":[[100.99945170443881,14.584396851713622],[101.00161098024378,14.58549589208255],[101.00804298644069,14.588932465069808]]}},{"type":"Feature","properties":{"NAME":"SOUTHERN RAILWAY"},"geometry":{"type":"LineString","coordinates":[[99.17279603157463,10.500169247611673],[99.17416530452451,10.50153956402253]]}},{"type":"Feature","properties":{"NAME":"SOUTHERN RAILWAY"},"geometry":{"type":"LineString","coordinates":[[100.46680507891499,7.00651365873845],[100.46679683353479,7.006229955539929],[100.46681783500438,7.005891914426126],[100.46717977855897,7.003146757838091],[100.467377457803,7.001779480570208]]}},{"type":"Feature","properties":{"NAME":"WONGWIAN YAI-MAHA CHAI RAILWAY"},"geometry":{"type":"LineString","coordinates":[[100.27547962343334,13.54573558698705],[100.27697627851182,13.546414985084873],[100.27928241678971,13.547410477662988],[100.28108633058123,13.54823626350653],[100.28651248637524,13.55060835341318],[100.30431473662962,13.558495455500228],[100.31162903683582,13.561703787143625],[100.31201804212223,13.561894440737381],[100.31221865363406,13.562013099564181],[100.31302602056907,13.562563452246527],[100.31361130083026,13.563061056596327],[100.3143439272524,13.563715736234032],[100.32320120080776,13.571730032243313],[100.32450010987878,13.572923103299782],[100.33820110961605,13.585285323268485],[100.35858264780383,13.603582722555258],[100.36672654691858,13.610926749670492],[100.36986596064555,13.613726020875195],[100.37234606205227,13.615973097490615],[100.37318936786069,13.61671362584022],[100.38041901409544,13.62320088642543],[100.38399602612336,13.626433867818738],[100.40036958990876,13.64110674774368],[100.40214706706547,13.642677705634949],[100.41855704280765,13.657339386926044],[100.42713397409364,13.664977342062278],[100.42777323649493,13.66553333987624],[100.42894139304313,13.666588555367955],[100.4300946127137,13.667598400550155],[100.43722155963194,13.673983837459327],[100.43890850270893,13.67546890217468],[100.4448257403593,13.680753709809244],[100.44587089396465,13.681670828736344],[100.44642927512771,13.682181791098088],[100.44710803012336,13.682778154039836],[100.44808906395639,13.68360714373525],[100.45496223093384,13.689141999351506],[100.45663152403374,13.690505042468182],[100.45700786660511,13.690844839461818],[100.45747127029246,13.691418535592462],[100.45777270475632,13.691904673313193],[100.45875915149776,13.693599383575506],[100.45937819719349,13.694619989359971],[100.4621783372163,13.699422396247597],[100.46234033856179,13.699724793637474],[100.46254502081237,13.700048950832258],[100.46274677680925,13.700307089128643],[100.46292566136573,13.70050419523065],[100.46328060581179,13.700851918628773],[100.46364761668646,13.701123758664183],[100.46390384146328,13.701288601407716],[100.46415994773139,13.70143141329056],[100.46461665207842,13.701641553541513],[100.46551180060536,13.701944493713171],[100.46631935102313,13.702243062960347],[100.4670775234559,13.70265201786514],[100.46730368359704,13.702804797250256],[100.46792238455059,13.7033173248293],[100.46830778428436,13.703728470469878],[100.46863065339288,13.70414733587977],[100.46889615241372,13.704591015220549],[100.46988761236405,13.706701272254145],[100.47053089954852,13.708034289406676],[100.4755560977113,13.718716519853626],[100.47572771095228,13.719039897183704],[100.47587657687389,13.719262477621632],[100.47618872646838,13.71965708613983],[100.47660422654634,13.72006910756335],[100.47695984207927,13.72033730765612],[100.47712267586662,13.720437266618678],[100.47734824937497,13.720544052044788],[100.47809817544488,13.720784658051572],[100.48162919851723,13.721812371845909],[100.48692561599862,13.723330405745715],[100.49221195490608,13.724599123365381]]}},{"type":"Feature","properties":{"NAME":"SOUTHERN RAILWAY"},"geometry":{"type":"LineString","coordinates":[[101.96819365319118,6.026746797111583],[101.96922961818717,6.026690953344136],[101.96995620409162,6.026603342513757],[101.97049053775339,6.026508397355338],[101.971458266722,6.026201937987514],[101.97195294249794,6.0259313276514215],[101.97277511730792,6.025448064147756],[101.97348590385442,6.024875204911461],[101.97388551689242,6.024435880054338],[101.9746640225989,6.023571222008165],[101.9753205932154,6.022779781567132]]}},{"type":"Feature","properties":{"NAME":"SOUTHERN RAILWAY"},"geometry":{"type":"LineString","coordinates":[[100.46774903605784,6.999011947145415],[100.46777330678393,6.998968767660626],[100.46780017435503,6.998912025423661],[100.46781920127097,6.998858794651979],[100.467840512387,6.998802303059634]]}},{"type":"Feature","properties":{"NAME":"SOUTHERN RAILWAY"},"geometry":{"type":"LineString","coordinates":[[100.46701662932608,7.0007169162582175],[100.4670694706085,7.000382980873987],[100.46714752529303,7.000074079461713],[100.46720449025788,6.999908812468888],[100.46727231351363,6.99977221882829],[100.46760012898815,6.999222399771617],[100.46774903605784,6.999011947145415]]}},{"type":"Feature","properties":{"NAME":"SOUTHERN RAILWAY"},"geometry":{"type":"LineString","coordinates":[[100.322423595665,6.665342628927353],[100.32306338281549,6.666583851781359],[100.3234107972406,6.667267687678189],[100.32369272149403,6.6677740086287525],[100.3239126404927,6.668133294607886],[100.3246663638285,6.669202399058442],[100.32566278216757,6.670562974173399],[100.32641970139366,6.671649341088672],[100.32681492961544,6.672196929141454],[100.32780717752786,6.673559603172052],[100.32865707439065,6.6743914278993905],[100.32918282288777,6.674940358751304],[100.33021394271485,6.675789362446123],[100.33207225601407,6.677160285839303],[100.33403576345702,6.678675067074733],[100.33924981922989,6.682618374367625],[100.33982774514453,6.683075466683737],[100.34030078639935,6.68351971136859],[100.34080677651792,6.68402939511381],[100.34212043178422,6.685126578747553],[100.34635113628511,6.688902107048843],[100.34759925598804,6.689986318873213],[100.34851911658292,6.69086176466801],[100.34902535834637,6.691450077499349],[100.34955156105308,6.692156259987363],[100.35006513555236,6.693032835469162],[100.35075065645104,6.694472392893704],[100.35119276152649,6.695563046861655],[100.35256553485557,6.6985588341431725],[100.35353367642512,6.700743181547471],[100.35428011667757,6.702377794786316],[100.35545542307047,6.705035337491485],[100.35569669881967,6.705738146984578],[100.35583211484948,6.706245051576925],[100.35653488015654,6.709382447217247],[100.35670915333957,6.710085439802019],[100.35682511813248,6.71047752935139],[100.35704687269178,6.711046407656678],[100.35718171515444,6.71133794788686],[100.35743192625918,6.711806251107673],[100.35761464049511,6.712097658567715],[100.3579942472462,6.712623018861492],[100.35845045454934,6.713152963118333],[100.35865206750485,6.71335817474764],[100.3588872077982,6.713568091829887],[100.35938616234493,6.71397347123043],[100.36553886962851,6.718009732062684],[100.3660712886779,6.718400675250429],[100.36632560319114,6.718615310926711],[100.36659912994831,6.718863399170923],[100.3669159540621,6.7191783564499925],[100.3672568554742,6.719550680884975],[100.36778046194503,6.720214406766686],[100.37268695264356,6.727029644295358],[100.37341726751532,6.727994286327826],[100.37572796649367,6.730906960603156],[100.38270844653582,6.739764410855863],[100.38303027870887,6.7401511265190335],[100.38364478855408,6.740776285752227],[100.38409108389023,6.741162647621687],[100.38756425595814,6.74375610183223],[100.38809189995528,6.744132652266634],[100.38861938030055,6.744451787307228],[100.41468785916169,6.758738058073707],[100.41707610907717,6.760205015192633],[100.4222748473582,6.763448743348368],[100.42810295405539,6.767437067267825],[100.42874560778561,6.767837152410447],[100.42924902844399,6.768098870032181],[100.43004466113615,6.7684219573026505],[100.44113338735193,6.772198382169339],[100.44164616821594,6.7723834930550035],[100.442422740656,6.772735301249225],[100.4429598587478,6.773054334713674],[100.44326684448575,6.773254408098872],[100.44360749807599,6.773511813914949],[100.4440634966634,6.773922003931027],[100.44435640927453,6.77421781377224],[100.44493777445095,6.774929106935655],[100.44523596635894,6.775392418945855],[100.44573154818875,6.776233165550554],[100.44660738821686,6.777761871625944],[100.44709328175327,6.778564381839233],[100.44809418624875,6.780288916674548],[100.44856111759644,6.781148893548912],[100.45076888882545,6.786229137116998],[100.45137618637355,6.787591150169077],[100.45181991186622,6.788690475385168],[100.45209053189956,6.789536661969161],[100.4536764535277,6.794752752455561],[100.45443579066512,6.797320203839988],[100.45929192715474,6.813415013022029],[100.46159795587286,6.821114352291387],[100.46186868472579,6.821974896886312],[100.46222807087044,6.8230227643815535],[100.4624480551444,6.823573356115866],[100.46310347202316,6.8249878245079145],[100.4668157129726,6.832805368754206],[100.467740758865,6.834709014456089],[100.47226286391091,6.844262026977102],[100.47260255154794,6.845118512602201],[100.47276520597961,6.845703736969432],[100.47285446694713,6.846078628302765],[100.47291677840755,6.846415320900208],[100.47296756672603,6.846740566749129],[100.47301115955736,6.847215144317077],[100.4730435932753,6.847796933041383],[100.47301538734898,6.848593298631586],[100.4715525984378,6.861208047331443],[100.4712879088226,6.863574731223423],[100.47123960982357,6.86406105451453],[100.47121804291439,6.8645205164686915],[100.47121535971549,6.864895689439232],[100.47132128284808,6.866958799700462],[100.47244311506869,6.885453454569182],[100.47245241013931,6.885985550131553],[100.4724311539335,6.886544537161488],[100.4723865583867,6.886992586763066],[100.47227765262471,6.887697321739559],[100.47211493293776,6.888348624125693],[100.47199371038568,6.888785408799463],[100.47096224244976,6.892180420548953],[100.47042022077682,6.8940502829456],[100.470340824067,6.894391225932918],[100.4702092370196,6.895199391807939],[100.4701760068919,6.895601475885079],[100.47015834333648,6.89608770593309],[100.47036547114773,6.906101763034512],[100.4704959681078,6.911143162681171],[100.47090873645885,6.915789393014807],[100.47163333859773,6.923390039541929],[100.47197469850238,6.927232539542111],[100.47276702167517,6.935644555661213],[100.4742061222819,6.951205694282694],[100.4742360284989,6.9515836534329924],[100.47423397647889,6.952459368627717],[100.47418315257511,6.953052894226197],[100.47387418761956,6.955336450207997],[100.47379964144852,6.956001834408336],[100.47354706482098,6.95793108985411],[100.46877705571076,6.993223154091585],[100.46791408818962,6.999723360172059],[100.46767556646788,7.001420258742416],[100.46758961451869,7.001794097773576]]}},{"type":"Feature","properties":{"NAME":"SOUTHERN RAILWAY"},"geometry":{"type":"LineString","coordinates":[[100.46699142046042,7.000990020469278],[100.4670876225761,7.000443947788925],[100.46718495460935,7.000045775488821],[100.4673332253178,6.999725376573377],[100.46763969519613,6.999210050126895],[100.46771319808396,6.999084304896801],[100.46774903605784,6.999011947145415]]}}]}